marker,Identifier,Score,Component,Description
ACaunt,Participant 12895915,4,1,Abstract is clear and accurate
ACaunt,Participant 12895915,4,2,Abstract contains correct information
ACaunt,Participant 12895915,3,3,Introduction is clear and accurate
ACaunt,Participant 12895915,3,4,Introduction gives big-picture overview
ACaunt,Participant 12895915,4,5,Introduction outlines specific research area
ACaunt,Participant 12895915,3,6,Introduction gives rationale for current experiment
ACaunt,Participant 12895915,4,7,"Participant section is clear, accurate, and contain correct information"
ACaunt,Participant 12895915,5,8,Sample sizes are justified through a power calculation
ACaunt,Participant 12895915,5,9,"Apparatus and materials sections are clear, accurate, and contain correct information"
ACaunt,Participant 12895915,5,10,"Procedure section is clear, accurate, and contain correct information."
ACaunt,Participant 12895915,4,11,"Result section is overall clear, accurate, and contain correct information"
ACaunt,Participant 12895915,4,12,"Figure(s) are clear and appropriate, lack clutter, and have meaningful axis labels and good font sizes"
ACaunt,Participant 12895915,4,13,Figure(s) have an appropriate figure legend that is referred to in the main text.
ACaunt,Participant 12895915,5,14,"Results section includes appropriate and accurate summary statistics (e.g. means, density plots)"
ACaunt,Participant 12895915,3,15,Results section includes appropriate and accurate inferential statistics (Bayesian ANOVA)
ACaunt,Participant 12895915,5,17,Discussion correctly and clearly summarises findings
ACaunt,Participant 12895915,5,18,Discussion correctly interprets findings
ACaunt,Participant 12895915,5,19,Discussion makes appropriate links to previous literature
ACaunt,Participant 12895915,5,20,Discussion provides good considerations of the limitations of the current study
ACaunt,Participant 12895915,5,21,"Discussion makes a good, sensible suggestion for future work"
ACaunt,Participant 12895915,5,22,Discussion concludes appropriately.
ACaunt,Participant 12895915,4,23,Overall clarity of writing
ACaunt,Participant 12895915,4,24,Overall quality of grammar and spelling
ACaunt,Participant 12895915,5,25,Correct formatting of sections and sub-sections
ACaunt,Participant 12895915,3,26,Correct usage of APA-formatted citations and references
ACaunt,Participant 12895718,2,1,Abstract is clear and accurate
ACaunt,Participant 12895718,2,2,Abstract contains correct information
ACaunt,Participant 12895718,3,3,Introduction is clear and accurate
ACaunt,Participant 12895718,3,4,Introduction gives big-picture overview
ACaunt,Participant 12895718,3,5,Introduction outlines specific research area
ACaunt,Participant 12895718,3,6,Introduction gives rationale for current experiment
ACaunt,Participant 12895718,4,7,"Participant section is clear, accurate, and contain correct information"
ACaunt,Participant 12895718,1,8,Sample sizes are justified through a power calculation
ACaunt,Participant 12895718,4,9,"Apparatus and materials sections are clear, accurate, and contain correct information"
ACaunt,Participant 12895718,4,10,"Procedure section is clear, accurate, and contain correct information."
ACaunt,Participant 12895718,3,11,"Result section is overall clear, accurate, and contain correct information"
ACaunt,Participant 12895718,4,12,"Figure(s) are clear and appropriate, lack clutter, and have meaningful axis labels and good font sizes"
ACaunt,Participant 12895718,4,13,Figure(s) have an appropriate figure legend that is referred to in the main text.
ACaunt,Participant 12895718,4,14,"Results section includes appropriate and accurate summary statistics (e.g. means, density plots)"
ACaunt,Participant 12895718,3,15,Results section includes appropriate and accurate inferential statistics (Bayesian ANOVA)
ACaunt,Participant 12895718,3,17,Discussion correctly and clearly summarises findings
ACaunt,Participant 12895718,4,18,Discussion correctly interprets findings
ACaunt,Participant 12895718,3,19,Discussion makes appropriate links to previous literature
ACaunt,Participant 12895718,3,20,Discussion provides good considerations of the limitations of the current study
ACaunt,Participant 12895718,2,21,"Discussion makes a good, sensible suggestion for future work"
ACaunt,Participant 12895718,3,22,Discussion concludes appropriately.
ACaunt,Participant 12895718,3,23,Overall clarity of writing
ACaunt,Participant 12895718,3,24,Overall quality of grammar and spelling
ACaunt,Participant 12895718,3,25,Correct formatting of sections and sub-sections
ACaunt,Participant 12895718,2,26,Correct usage of APA-formatted citations and references
ACaunt,Participant 12895720,3,1,Abstract is clear and accurate
ACaunt,Participant 12895720,3,2,Abstract contains correct information
ACaunt,Participant 12895720,3,3,Introduction is clear and accurate
ACaunt,Participant 12895720,4,4,Introduction gives big-picture overview
ACaunt,Participant 12895720,4,5,Introduction outlines specific research area
ACaunt,Participant 12895720,4,6,Introduction gives rationale for current experiment
ACaunt,Participant 12895720,3,7,"Participant section is clear, accurate, and contain correct information"
ACaunt,Participant 12895720,4,8,Sample sizes are justified through a power calculation
ACaunt,Participant 12895720,4,9,"Apparatus and materials sections are clear, accurate, and contain correct information"
ACaunt,Participant 12895720,4,10,"Procedure section is clear, accurate, and contain correct information."
ACaunt,Participant 12895720,4,11,"Result section is overall clear, accurate, and contain correct information"
ACaunt,Participant 12895720,4,12,"Figure(s) are clear and appropriate, lack clutter, and have meaningful axis labels and good font sizes"
ACaunt,Participant 12895720,4,13,Figure(s) have an appropriate figure legend that is referred to in the main text.
ACaunt,Participant 12895720,4,14,"Results section includes appropriate and accurate summary statistics (e.g. means, density plots)"
ACaunt,Participant 12895720,3,15,Results section includes appropriate and accurate inferential statistics (Bayesian ANOVA)
ACaunt,Participant 12895720,4,17,Discussion correctly and clearly summarises findings
ACaunt,Participant 12895720,4,18,Discussion correctly interprets findings
ACaunt,Participant 12895720,4,19,Discussion makes appropriate links to previous literature
ACaunt,Participant 12895720,3,20,Discussion provides good considerations of the limitations of the current study
ACaunt,Participant 12895720,4,21,"Discussion makes a good, sensible suggestion for future work"
ACaunt,Participant 12895720,3,22,Discussion concludes appropriately.
ACaunt,Participant 12895720,3,23,Overall clarity of writing
ACaunt,Participant 12895720,3,24,Overall quality of grammar and spelling
ACaunt,Participant 12895720,4,25,Correct formatting of sections and sub-sections
ACaunt,Participant 12895720,3,26,Correct usage of APA-formatted citations and references
ACaunt,Participant 12895745,2,1,Abstract is clear and accurate
ACaunt,Participant 12895745,2,2,Abstract contains correct information
ACaunt,Participant 12895745,2,3,Introduction is clear and accurate
ACaunt,Participant 12895745,3,4,Introduction gives big-picture overview
ACaunt,Participant 12895745,3,5,Introduction outlines specific research area
ACaunt,Participant 12895745,2,6,Introduction gives rationale for current experiment
ACaunt,Participant 12895745,4,7,"Participant section is clear, accurate, and contain correct information"
ACaunt,Participant 12895745,2,8,Sample sizes are justified through a power calculation
ACaunt,Participant 12895745,4,9,"Apparatus and materials sections are clear, accurate, and contain correct information"
ACaunt,Participant 12895745,3,10,"Procedure section is clear, accurate, and contain correct information."
ACaunt,Participant 12895745,2,11,"Result section is overall clear, accurate, and contain correct information"
ACaunt,Participant 12895745,3,12,"Figure(s) are clear and appropriate, lack clutter, and have meaningful axis labels and good font sizes"
ACaunt,Participant 12895745,3,13,Figure(s) have an appropriate figure legend that is referred to in the main text.
ACaunt,Participant 12895745,3,14,"Results section includes appropriate and accurate summary statistics (e.g. means, density plots)"
ACaunt,Participant 12895745,3,15,Results section includes appropriate and accurate inferential statistics (Bayesian ANOVA)
ACaunt,Participant 12895745,2,17,Discussion correctly and clearly summarises findings
ACaunt,Participant 12895745,3,18,Discussion correctly interprets findings
ACaunt,Participant 12895745,2,19,Discussion makes appropriate links to previous literature
ACaunt,Participant 12895745,2,20,Discussion provides good considerations of the limitations of the current study
ACaunt,Participant 12895745,2,21,"Discussion makes a good, sensible suggestion for future work"
ACaunt,Participant 12895745,3,22,Discussion concludes appropriately.
ACaunt,Participant 12895745,2,23,Overall clarity of writing
ACaunt,Participant 12895745,2,24,Overall quality of grammar and spelling
ACaunt,Participant 12895745,2,25,Correct formatting of sections and sub-sections
ACaunt,Participant 12895745,2,26,Correct usage of APA-formatted citations and references
ACaunt,Participant 12895701,4,1,Abstract is clear and accurate
ACaunt,Participant 12895701,4,2,Abstract contains correct information
ACaunt,Participant 12895701,4,3,Introduction is clear and accurate
ACaunt,Participant 12895701,4,4,Introduction gives big-picture overview
ACaunt,Participant 12895701,4,5,Introduction outlines specific research area
ACaunt,Participant 12895701,5,6,Introduction gives rationale for current experiment
ACaunt,Participant 12895701,3,7,"Participant section is clear, accurate, and contain correct information"
ACaunt,Participant 12895701,1,8,Sample sizes are justified through a power calculation
ACaunt,Participant 12895701,3,9,"Apparatus and materials sections are clear, accurate, and contain correct information"
ACaunt,Participant 12895701,3,10,"Procedure section is clear, accurate, and contain correct information."
ACaunt,Participant 12895701,3,11,"Result section is overall clear, accurate, and contain correct information"
ACaunt,Participant 12895701,3,12,"Figure(s) are clear and appropriate, lack clutter, and have meaningful axis labels and good font sizes"
ACaunt,Participant 12895701,3,13,Figure(s) have an appropriate figure legend that is referred to in the main text.
ACaunt,Participant 12895701,2,14,"Results section includes appropriate and accurate summary statistics (e.g. means, density plots)"
ACaunt,Participant 12895701,3,15,Results section includes appropriate and accurate inferential statistics (Bayesian ANOVA)
ACaunt,Participant 12895701,3,17,Discussion correctly and clearly summarises findings
ACaunt,Participant 12895701,3,18,Discussion correctly interprets findings
ACaunt,Participant 12895701,3,19,Discussion makes appropriate links to previous literature
ACaunt,Participant 12895701,3,20,Discussion provides good considerations of the limitations of the current study
ACaunt,Participant 12895701,3,21,"Discussion makes a good, sensible suggestion for future work"
ACaunt,Participant 12895701,3,22,Discussion concludes appropriately.
ACaunt,Participant 12895701,3,23,Overall clarity of writing
ACaunt,Participant 12895701,3,24,Overall quality of grammar and spelling
ACaunt,Participant 12895701,3,25,Correct formatting of sections and sub-sections
ACaunt,Participant 12895701,3,26,Correct usage of APA-formatted citations and references
ACaunt,Participant 12895721,4,1,Abstract is clear and accurate
ACaunt,Participant 12895721,4,2,Abstract contains correct information
ACaunt,Participant 12895721,5,3,Introduction is clear and accurate
ACaunt,Participant 12895721,5,4,Introduction gives big-picture overview
ACaunt,Participant 12895721,5,5,Introduction outlines specific research area
ACaunt,Participant 12895721,5,6,Introduction gives rationale for current experiment
ACaunt,Participant 12895721,4,7,"Participant section is clear, accurate, and contain correct information"
ACaunt,Participant 12895721,1,8,Sample sizes are justified through a power calculation
ACaunt,Participant 12895721,5,9,"Apparatus and materials sections are clear, accurate, and contain correct information"
ACaunt,Participant 12895721,5,10,"Procedure section is clear, accurate, and contain correct information."
ACaunt,Participant 12895721,4,11,"Result section is overall clear, accurate, and contain correct information"
ACaunt,Participant 12895721,5,12,"Figure(s) are clear and appropriate, lack clutter, and have meaningful axis labels and good font sizes"
ACaunt,Participant 12895721,5,13,Figure(s) have an appropriate figure legend that is referred to in the main text.
ACaunt,Participant 12895721,4,14,"Results section includes appropriate and accurate summary statistics (e.g. means, density plots)"
ACaunt,Participant 12895721,5,15,Results section includes appropriate and accurate inferential statistics (Bayesian ANOVA)
ACaunt,Participant 12895721,5,17,Discussion correctly and clearly summarises findings
ACaunt,Participant 12895721,5,18,Discussion correctly interprets findings
ACaunt,Participant 12895721,5,19,Discussion makes appropriate links to previous literature
ACaunt,Participant 12895721,5,20,Discussion provides good considerations of the limitations of the current study
ACaunt,Participant 12895721,5,21,"Discussion makes a good, sensible suggestion for future work"
ACaunt,Participant 12895721,5,22,Discussion concludes appropriately.
ACaunt,Participant 12895721,5,23,Overall clarity of writing
ACaunt,Participant 12895721,5,24,Overall quality of grammar and spelling
ACaunt,Participant 12895721,5,25,Correct formatting of sections and sub-sections
ACaunt,Participant 12895721,5,26,Correct usage of APA-formatted citations and references
ACaunt,Participant 12895730,4,1,Abstract is clear and accurate
ACaunt,Participant 12895730,3,2,Abstract contains correct information
ACaunt,Participant 12895730,4,3,Introduction is clear and accurate
ACaunt,Participant 12895730,3,4,Introduction gives big-picture overview
ACaunt,Participant 12895730,4,5,Introduction outlines specific research area
ACaunt,Participant 12895730,3,6,Introduction gives rationale for current experiment
ACaunt,Participant 12895730,3,7,"Participant section is clear, accurate, and contain correct information"
ACaunt,Participant 12895730,1,8,Sample sizes are justified through a power calculation
ACaunt,Participant 12895730,4,9,"Apparatus and materials sections are clear, accurate, and contain correct information"
ACaunt,Participant 12895730,4,10,"Procedure section is clear, accurate, and contain correct information."
ACaunt,Participant 12895730,3,11,"Result section is overall clear, accurate, and contain correct information"
ACaunt,Participant 12895730,3,12,"Figure(s) are clear and appropriate, lack clutter, and have meaningful axis labels and good font sizes"
ACaunt,Participant 12895730,4,13,Figure(s) have an appropriate figure legend that is referred to in the main text.
ACaunt,Participant 12895730,3,14,"Results section includes appropriate and accurate summary statistics (e.g. means, density plots)"
ACaunt,Participant 12895730,3,15,Results section includes appropriate and accurate inferential statistics (Bayesian ANOVA)
ACaunt,Participant 12895730,4,17,Discussion correctly and clearly summarises findings
ACaunt,Participant 12895730,3,18,Discussion correctly interprets findings
ACaunt,Participant 12895730,4,19,Discussion makes appropriate links to previous literature
ACaunt,Participant 12895730,4,20,Discussion provides good considerations of the limitations of the current study
ACaunt,Participant 12895730,3,21,"Discussion makes a good, sensible suggestion for future work"
ACaunt,Participant 12895730,4,22,Discussion concludes appropriately.
ACaunt,Participant 12895730,3,23,Overall clarity of writing
ACaunt,Participant 12895730,4,24,Overall quality of grammar and spelling
ACaunt,Participant 12895730,3,25,Correct formatting of sections and sub-sections
ACaunt,Participant 12895730,3,26,Correct usage of APA-formatted citations and references
ACaunt,Participant 12895737,3,1,Abstract is clear and accurate
ACaunt,Participant 12895737,3,2,Abstract contains correct information
ACaunt,Participant 12895737,4,3,Introduction is clear and accurate
ACaunt,Participant 12895737,4,4,Introduction gives big-picture overview
ACaunt,Participant 12895737,3,5,Introduction outlines specific research area
ACaunt,Participant 12895737,4,6,Introduction gives rationale for current experiment
ACaunt,Participant 12895737,3,7,"Participant section is clear, accurate, and contain correct information"
ACaunt,Participant 12895737,1,8,Sample sizes are justified through a power calculation
ACaunt,Participant 12895737,3,9,"Apparatus and materials sections are clear, accurate, and contain correct information"
ACaunt,Participant 12895737,3,10,"Procedure section is clear, accurate, and contain correct information."
ACaunt,Participant 12895737,2,11,"Result section is overall clear, accurate, and contain correct information"
ACaunt,Participant 12895737,4,12,"Figure(s) are clear and appropriate, lack clutter, and have meaningful axis labels and good font sizes"
ACaunt,Participant 12895737,4,13,Figure(s) have an appropriate figure legend that is referred to in the main text.
ACaunt,Participant 12895737,3,14,"Results section includes appropriate and accurate summary statistics (e.g. means, density plots)"
ACaunt,Participant 12895737,2,15,Results section includes appropriate and accurate inferential statistics (Bayesian ANOVA)
ACaunt,Participant 12895737,3,17,Discussion correctly and clearly summarises findings
ACaunt,Participant 12895737,3,18,Discussion correctly interprets findings
ACaunt,Participant 12895737,3,19,Discussion makes appropriate links to previous literature
ACaunt,Participant 12895737,3,20,Discussion provides good considerations of the limitations of the current study
ACaunt,Participant 12895737,3,21,"Discussion makes a good, sensible suggestion for future work"
ACaunt,Participant 12895737,3,22,Discussion concludes appropriately.
ACaunt,Participant 12895737,3,23,Overall clarity of writing
ACaunt,Participant 12895737,4,24,Overall quality of grammar and spelling
ACaunt,Participant 12895737,4,25,Correct formatting of sections and sub-sections
ACaunt,Participant 12895737,4,26,Correct usage of APA-formatted citations and references
ACaunt,Participant 12895756,3,1,Abstract is clear and accurate
ACaunt,Participant 12895756,4,2,Abstract contains correct information
ACaunt,Participant 12895756,5,3,Introduction is clear and accurate
ACaunt,Participant 12895756,5,4,Introduction gives big-picture overview
ACaunt,Participant 12895756,5,5,Introduction outlines specific research area
ACaunt,Participant 12895756,5,6,Introduction gives rationale for current experiment
ACaunt,Participant 12895756,5,7,"Participant section is clear, accurate, and contain correct information"
ACaunt,Participant 12895756,5,8,Sample sizes are justified through a power calculation
ACaunt,Participant 12895756,4,9,"Apparatus and materials sections are clear, accurate, and contain correct information"
ACaunt,Participant 12895756,4,10,"Procedure section is clear, accurate, and contain correct information."
ACaunt,Participant 12895756,4,11,"Result section is overall clear, accurate, and contain correct information"
ACaunt,Participant 12895756,5,12,"Figure(s) are clear and appropriate, lack clutter, and have meaningful axis labels and good font sizes"
ACaunt,Participant 12895756,5,13,Figure(s) have an appropriate figure legend that is referred to in the main text.
ACaunt,Participant 12895756,5,14,"Results section includes appropriate and accurate summary statistics (e.g. means, density plots)"
ACaunt,Participant 12895756,4,15,Results section includes appropriate and accurate inferential statistics (Bayesian ANOVA)
ACaunt,Participant 12895756,5,17,Discussion correctly and clearly summarises findings
ACaunt,Participant 12895756,5,18,Discussion correctly interprets findings
ACaunt,Participant 12895756,5,19,Discussion makes appropriate links to previous literature
ACaunt,Participant 12895756,5,20,Discussion provides good considerations of the limitations of the current study
ACaunt,Participant 12895756,5,21,"Discussion makes a good, sensible suggestion for future work"
ACaunt,Participant 12895756,5,22,Discussion concludes appropriately.
ACaunt,Participant 12895756,4,23,Overall clarity of writing
ACaunt,Participant 12895756,4,24,Overall quality of grammar and spelling
ACaunt,Participant 12895756,5,25,Correct formatting of sections and sub-sections
ACaunt,Participant 12895756,5,26,Correct usage of APA-formatted citations and references
ACaunt,Participant 12895757,3,1,Abstract is clear and accurate
ACaunt,Participant 12895757,3,2,Abstract contains correct information
ACaunt,Participant 12895757,3,3,Introduction is clear and accurate
ACaunt,Participant 12895757,2,4,Introduction gives big-picture overview
ACaunt,Participant 12895757,2,5,Introduction outlines specific research area
ACaunt,Participant 12895757,3,6,Introduction gives rationale for current experiment
ACaunt,Participant 12895757,3,7,"Participant section is clear, accurate, and contain correct information"
ACaunt,Participant 12895757,1,8,Sample sizes are justified through a power calculation
ACaunt,Participant 12895757,3,9,"Apparatus and materials sections are clear, accurate, and contain correct information"
ACaunt,Participant 12895757,3,10,"Procedure section is clear, accurate, and contain correct information."
ACaunt,Participant 12895757,3,11,"Result section is overall clear, accurate, and contain correct information"
ACaunt,Participant 12895757,3,12,"Figure(s) are clear and appropriate, lack clutter, and have meaningful axis labels and good font sizes"
ACaunt,Participant 12895757,4,13,Figure(s) have an appropriate figure legend that is referred to in the main text.
ACaunt,Participant 12895757,4,14,"Results section includes appropriate and accurate summary statistics (e.g. means, density plots)"
ACaunt,Participant 12895757,4,15,Results section includes appropriate and accurate inferential statistics (Bayesian ANOVA)
ACaunt,Participant 12895757,3,17,Discussion correctly and clearly summarises findings
ACaunt,Participant 12895757,3,18,Discussion correctly interprets findings
ACaunt,Participant 12895757,3,19,Discussion makes appropriate links to previous literature
ACaunt,Participant 12895757,3,20,Discussion provides good considerations of the limitations of the current study
ACaunt,Participant 12895757,3,21,"Discussion makes a good, sensible suggestion for future work"
ACaunt,Participant 12895757,3,22,Discussion concludes appropriately.
ACaunt,Participant 12895757,3,23,Overall clarity of writing
ACaunt,Participant 12895757,3,24,Overall quality of grammar and spelling
ACaunt,Participant 12895757,4,25,Correct formatting of sections and sub-sections
ACaunt,Participant 12895757,4,26,Correct usage of APA-formatted citations and references
ACaunt,Participant 12895787,3,1,Abstract is clear and accurate
ACaunt,Participant 12895787,3,2,Abstract contains correct information
ACaunt,Participant 12895787,4,3,Introduction is clear and accurate
ACaunt,Participant 12895787,4,4,Introduction gives big-picture overview
ACaunt,Participant 12895787,4,5,Introduction outlines specific research area
ACaunt,Participant 12895787,4,6,Introduction gives rationale for current experiment
ACaunt,Participant 12895787,4,7,"Participant section is clear, accurate, and contain correct information"
ACaunt,Participant 12895787,5,8,Sample sizes are justified through a power calculation
ACaunt,Participant 12895787,4,9,"Apparatus and materials sections are clear, accurate, and contain correct information"
ACaunt,Participant 12895787,4,10,"Procedure section is clear, accurate, and contain correct information."
ACaunt,Participant 12895787,5,11,"Result section is overall clear, accurate, and contain correct information"
ACaunt,Participant 12895787,5,12,"Figure(s) are clear and appropriate, lack clutter, and have meaningful axis labels and good font sizes"
ACaunt,Participant 12895787,5,13,Figure(s) have an appropriate figure legend that is referred to in the main text.
ACaunt,Participant 12895787,5,14,"Results section includes appropriate and accurate summary statistics (e.g. means, density plots)"
ACaunt,Participant 12895787,5,15,Results section includes appropriate and accurate inferential statistics (Bayesian ANOVA)
ACaunt,Participant 12895787,4,17,Discussion correctly and clearly summarises findings
ACaunt,Participant 12895787,4,18,Discussion correctly interprets findings
ACaunt,Participant 12895787,3,19,Discussion makes appropriate links to previous literature
ACaunt,Participant 12895787,3,20,Discussion provides good considerations of the limitations of the current study
ACaunt,Participant 12895787,3,21,"Discussion makes a good, sensible suggestion for future work"
ACaunt,Participant 12895787,4,22,Discussion concludes appropriately.
ACaunt,Participant 12895787,4,23,Overall clarity of writing
ACaunt,Participant 12895787,4,24,Overall quality of grammar and spelling
ACaunt,Participant 12895787,4,25,Correct formatting of sections and sub-sections
ACaunt,Participant 12895787,4,26,Correct usage of APA-formatted citations and references
ACaunt,Participant 12895798,3,1,Abstract is clear and accurate
ACaunt,Participant 12895798,3,2,Abstract contains correct information
ACaunt,Participant 12895798,3,3,Introduction is clear and accurate
ACaunt,Participant 12895798,2,4,Introduction gives big-picture overview
ACaunt,Participant 12895798,3,5,Introduction outlines specific research area
ACaunt,Participant 12895798,2,6,Introduction gives rationale for current experiment
ACaunt,Participant 12895798,4,7,"Participant section is clear, accurate, and contain correct information"
ACaunt,Participant 12895798,3,8,Sample sizes are justified through a power calculation
ACaunt,Participant 12895798,3,9,"Apparatus and materials sections are clear, accurate, and contain correct information"
ACaunt,Participant 12895798,4,10,"Procedure section is clear, accurate, and contain correct information."
ACaunt,Participant 12895798,3,11,"Result section is overall clear, accurate, and contain correct information"
ACaunt,Participant 12895798,4,12,"Figure(s) are clear and appropriate, lack clutter, and have meaningful axis labels and good font sizes"
ACaunt,Participant 12895798,1,13,Figure(s) have an appropriate figure legend that is referred to in the main text.
ACaunt,Participant 12895798,3,14,"Results section includes appropriate and accurate summary statistics (e.g. means, density plots)"
ACaunt,Participant 12895798,3,15,Results section includes appropriate and accurate inferential statistics (Bayesian ANOVA)
ACaunt,Participant 12895798,3,17,Discussion correctly and clearly summarises findings
ACaunt,Participant 12895798,3,18,Discussion correctly interprets findings
ACaunt,Participant 12895798,3,19,Discussion makes appropriate links to previous literature
ACaunt,Participant 12895798,3,20,Discussion provides good considerations of the limitations of the current study
ACaunt,Participant 12895798,2,21,"Discussion makes a good, sensible suggestion for future work"
ACaunt,Participant 12895798,3,22,Discussion concludes appropriately.
ACaunt,Participant 12895798,3,23,Overall clarity of writing
ACaunt,Participant 12895798,3,24,Overall quality of grammar and spelling
ACaunt,Participant 12895798,3,25,Correct formatting of sections and sub-sections
ACaunt,Participant 12895798,3,26,Correct usage of APA-formatted citations and references
ACaunt,Participant 12895805,2,1,Abstract is clear and accurate
ACaunt,Participant 12895805,2,2,Abstract contains correct information
ACaunt,Participant 12895805,2,3,Introduction is clear and accurate
ACaunt,Participant 12895805,2,4,Introduction gives big-picture overview
ACaunt,Participant 12895805,2,5,Introduction outlines specific research area
ACaunt,Participant 12895805,3,6,Introduction gives rationale for current experiment
ACaunt,Participant 12895805,3,7,"Participant section is clear, accurate, and contain correct information"
ACaunt,Participant 12895805,1,8,Sample sizes are justified through a power calculation
ACaunt,Participant 12895805,3,9,"Apparatus and materials sections are clear, accurate, and contain correct information"
ACaunt,Participant 12895805,3,10,"Procedure section is clear, accurate, and contain correct information."
ACaunt,Participant 12895805,3,11,"Result section is overall clear, accurate, and contain correct information"
ACaunt,Participant 12895805,2,12,"Figure(s) are clear and appropriate, lack clutter, and have meaningful axis labels and good font sizes"
ACaunt,Participant 12895805,3,13,Figure(s) have an appropriate figure legend that is referred to in the main text.
ACaunt,Participant 12895805,4,14,"Results section includes appropriate and accurate summary statistics (e.g. means, density plots)"
ACaunt,Participant 12895805,2,15,Results section includes appropriate and accurate inferential statistics (Bayesian ANOVA)
ACaunt,Participant 12895805,3,17,Discussion correctly and clearly summarises findings
ACaunt,Participant 12895805,3,18,Discussion correctly interprets findings
ACaunt,Participant 12895805,3,19,Discussion makes appropriate links to previous literature
ACaunt,Participant 12895805,3,20,Discussion provides good considerations of the limitations of the current study
ACaunt,Participant 12895805,4,21,"Discussion makes a good, sensible suggestion for future work"
ACaunt,Participant 12895805,3,22,Discussion concludes appropriately.
ACaunt,Participant 12895805,3,23,Overall clarity of writing
ACaunt,Participant 12895805,2,24,Overall quality of grammar and spelling
ACaunt,Participant 12895805,3,25,Correct formatting of sections and sub-sections
ACaunt,Participant 12895805,2,26,Correct usage of APA-formatted citations and references
ACaunt,Participant 12895823,4,1,Abstract is clear and accurate
ACaunt,Participant 12895823,4,2,Abstract contains correct information
ACaunt,Participant 12895823,3,3,Introduction is clear and accurate
ACaunt,Participant 12895823,3,4,Introduction gives big-picture overview
ACaunt,Participant 12895823,3,5,Introduction outlines specific research area
ACaunt,Participant 12895823,3,6,Introduction gives rationale for current experiment
ACaunt,Participant 12895823,3,7,"Participant section is clear, accurate, and contain correct information"
ACaunt,Participant 12895823,3,8,Sample sizes are justified through a power calculation
ACaunt,Participant 12895823,3,9,"Apparatus and materials sections are clear, accurate, and contain correct information"
ACaunt,Participant 12895823,3,10,"Procedure section is clear, accurate, and contain correct information."
ACaunt,Participant 12895823,4,11,"Result section is overall clear, accurate, and contain correct information"
ACaunt,Participant 12895823,4,12,"Figure(s) are clear and appropriate, lack clutter, and have meaningful axis labels and good font sizes"
ACaunt,Participant 12895823,4,13,Figure(s) have an appropriate figure legend that is referred to in the main text.
ACaunt,Participant 12895823,4,14,"Results section includes appropriate and accurate summary statistics (e.g. means, density plots)"
ACaunt,Participant 12895823,3,15,Results section includes appropriate and accurate inferential statistics (Bayesian ANOVA)
ACaunt,Participant 12895823,4,17,Discussion correctly and clearly summarises findings
ACaunt,Participant 12895823,4,18,Discussion correctly interprets findings
ACaunt,Participant 12895823,2,19,Discussion makes appropriate links to previous literature
ACaunt,Participant 12895823,3,20,Discussion provides good considerations of the limitations of the current study
ACaunt,Participant 12895823,2,21,"Discussion makes a good, sensible suggestion for future work"
ACaunt,Participant 12895823,3,22,Discussion concludes appropriately.
ACaunt,Participant 12895823,3,23,Overall clarity of writing
ACaunt,Participant 12895823,3,24,Overall quality of grammar and spelling
ACaunt,Participant 12895823,4,25,Correct formatting of sections and sub-sections
ACaunt,Participant 12895823,4,26,Correct usage of APA-formatted citations and references
ACaunt,Participant 12895834,2,1,Abstract is clear and accurate
ACaunt,Participant 12895834,3,2,Abstract contains correct information
ACaunt,Participant 12895834,3,3,Introduction is clear and accurate
ACaunt,Participant 12895834,3,4,Introduction gives big-picture overview
ACaunt,Participant 12895834,3,5,Introduction outlines specific research area
ACaunt,Participant 12895834,3,6,Introduction gives rationale for current experiment
ACaunt,Participant 12895834,3,7,"Participant section is clear, accurate, and contain correct information"
ACaunt,Participant 12895834,1,8,Sample sizes are justified through a power calculation
ACaunt,Participant 12895834,4,9,"Apparatus and materials sections are clear, accurate, and contain correct information"
ACaunt,Participant 12895834,3,10,"Procedure section is clear, accurate, and contain correct information."
ACaunt,Participant 12895834,2,11,"Result section is overall clear, accurate, and contain correct information"
ACaunt,Participant 12895834,3,12,"Figure(s) are clear and appropriate, lack clutter, and have meaningful axis labels and good font sizes"
ACaunt,Participant 12895834,4,13,Figure(s) have an appropriate figure legend that is referred to in the main text.
ACaunt,Participant 12895834,3,14,"Results section includes appropriate and accurate summary statistics (e.g. means, density plots)"
ACaunt,Participant 12895834,2,15,Results section includes appropriate and accurate inferential statistics (Bayesian ANOVA)
ACaunt,Participant 12895834,2,17,Discussion correctly and clearly summarises findings
ACaunt,Participant 12895834,2,18,Discussion correctly interprets findings
ACaunt,Participant 12895834,3,19,Discussion makes appropriate links to previous literature
ACaunt,Participant 12895834,2,20,Discussion provides good considerations of the limitations of the current study
ACaunt,Participant 12895834,3,21,"Discussion makes a good, sensible suggestion for future work"
ACaunt,Participant 12895834,3,22,Discussion concludes appropriately.
ACaunt,Participant 12895834,2,23,Overall clarity of writing
ACaunt,Participant 12895834,2,24,Overall quality of grammar and spelling
ACaunt,Participant 12895834,3,25,Correct formatting of sections and sub-sections
ACaunt,Participant 12895834,3,26,Correct usage of APA-formatted citations and references
ACaunt,Participant 12895843,3,1,Abstract is clear and accurate
ACaunt,Participant 12895843,3,2,Abstract contains correct information
ACaunt,Participant 12895843,3,3,Introduction is clear and accurate
ACaunt,Participant 12895843,3,4,Introduction gives big-picture overview
ACaunt,Participant 12895843,3,5,Introduction outlines specific research area
ACaunt,Participant 12895843,3,6,Introduction gives rationale for current experiment
ACaunt,Participant 12895843,3,7,"Participant section is clear, accurate, and contain correct information"
ACaunt,Participant 12895843,1,8,Sample sizes are justified through a power calculation
ACaunt,Participant 12895843,4,9,"Apparatus and materials sections are clear, accurate, and contain correct information"
ACaunt,Participant 12895843,3,10,"Procedure section is clear, accurate, and contain correct information."
ACaunt,Participant 12895843,2,11,"Result section is overall clear, accurate, and contain correct information"
ACaunt,Participant 12895843,2,12,"Figure(s) are clear and appropriate, lack clutter, and have meaningful axis labels and good font sizes"
ACaunt,Participant 12895843,2,13,Figure(s) have an appropriate figure legend that is referred to in the main text.
ACaunt,Participant 12895843,2,14,"Results section includes appropriate and accurate summary statistics (e.g. means, density plots)"
ACaunt,Participant 12895843,2,15,Results section includes appropriate and accurate inferential statistics (Bayesian ANOVA)
ACaunt,Participant 12895843,2,17,Discussion correctly and clearly summarises findings
ACaunt,Participant 12895843,2,18,Discussion correctly interprets findings
ACaunt,Participant 12895843,2,19,Discussion makes appropriate links to previous literature
ACaunt,Participant 12895843,2,20,Discussion provides good considerations of the limitations of the current study
ACaunt,Participant 12895843,2,21,"Discussion makes a good, sensible suggestion for future work"
ACaunt,Participant 12895843,2,22,Discussion concludes appropriately.
ACaunt,Participant 12895843,3,23,Overall clarity of writing
ACaunt,Participant 12895843,3,24,Overall quality of grammar and spelling
ACaunt,Participant 12895843,3,25,Correct formatting of sections and sub-sections
ACaunt,Participant 12895843,3,26,Correct usage of APA-formatted citations and references
ACaunt,Participant 12895845,3,1,Abstract is clear and accurate
ACaunt,Participant 12895845,3,2,Abstract contains correct information
ACaunt,Participant 12895845,3,3,Introduction is clear and accurate
ACaunt,Participant 12895845,3,4,Introduction gives big-picture overview
ACaunt,Participant 12895845,3,5,Introduction outlines specific research area
ACaunt,Participant 12895845,3,6,Introduction gives rationale for current experiment
ACaunt,Participant 12895845,3,7,"Participant section is clear, accurate, and contain correct information"
ACaunt,Participant 12895845,1,8,Sample sizes are justified through a power calculation
ACaunt,Participant 12895845,4,9,"Apparatus and materials sections are clear, accurate, and contain correct information"
ACaunt,Participant 12895845,3,10,"Procedure section is clear, accurate, and contain correct information."
ACaunt,Participant 12895845,3,11,"Result section is overall clear, accurate, and contain correct information"
ACaunt,Participant 12895845,3,12,"Figure(s) are clear and appropriate, lack clutter, and have meaningful axis labels and good font sizes"
ACaunt,Participant 12895845,3,13,Figure(s) have an appropriate figure legend that is referred to in the main text.
ACaunt,Participant 12895845,3,14,"Results section includes appropriate and accurate summary statistics (e.g. means, density plots)"
ACaunt,Participant 12895845,3,15,Results section includes appropriate and accurate inferential statistics (Bayesian ANOVA)
ACaunt,Participant 12895845,3,17,Discussion correctly and clearly summarises findings
ACaunt,Participant 12895845,3,18,Discussion correctly interprets findings
ACaunt,Participant 12895845,3,19,Discussion makes appropriate links to previous literature
ACaunt,Participant 12895845,3,20,Discussion provides good considerations of the limitations of the current study
ACaunt,Participant 12895845,3,21,"Discussion makes a good, sensible suggestion for future work"
ACaunt,Participant 12895845,3,22,Discussion concludes appropriately.
ACaunt,Participant 12895845,3,23,Overall clarity of writing
ACaunt,Participant 12895845,3,24,Overall quality of grammar and spelling
ACaunt,Participant 12895845,3,25,Correct formatting of sections and sub-sections
ACaunt,Participant 12895845,3,26,Correct usage of APA-formatted citations and references
ACaunt,Participant 12895894,4,1,Abstract is clear and accurate
ACaunt,Participant 12895894,3,2,Abstract contains correct information
ACaunt,Participant 12895894,3,3,Introduction is clear and accurate
ACaunt,Participant 12895894,3,4,Introduction gives big-picture overview
ACaunt,Participant 12895894,3,5,Introduction outlines specific research area
ACaunt,Participant 12895894,3,6,Introduction gives rationale for current experiment
ACaunt,Participant 12895894,3,7,"Participant section is clear, accurate, and contain correct information"
ACaunt,Participant 12895894,3,8,Sample sizes are justified through a power calculation
ACaunt,Participant 12895894,4,9,"Apparatus and materials sections are clear, accurate, and contain correct information"
ACaunt,Participant 12895894,3,10,"Procedure section is clear, accurate, and contain correct information."
ACaunt,Participant 12895894,4,11,"Result section is overall clear, accurate, and contain correct information"
ACaunt,Participant 12895894,4,12,"Figure(s) are clear and appropriate, lack clutter, and have meaningful axis labels and good font sizes"
ACaunt,Participant 12895894,4,13,Figure(s) have an appropriate figure legend that is referred to in the main text.
ACaunt,Participant 12895894,3,14,"Results section includes appropriate and accurate summary statistics (e.g. means, density plots)"
ACaunt,Participant 12895894,3,15,Results section includes appropriate and accurate inferential statistics (Bayesian ANOVA)
ACaunt,Participant 12895894,3,17,Discussion correctly and clearly summarises findings
ACaunt,Participant 12895894,3,18,Discussion correctly interprets findings
ACaunt,Participant 12895894,3,19,Discussion makes appropriate links to previous literature
ACaunt,Participant 12895894,2,20,Discussion provides good considerations of the limitations of the current study
ACaunt,Participant 12895894,2,21,"Discussion makes a good, sensible suggestion for future work"
ACaunt,Participant 12895894,3,22,Discussion concludes appropriately.
ACaunt,Participant 12895894,3,23,Overall clarity of writing
ACaunt,Participant 12895894,3,24,Overall quality of grammar and spelling
ACaunt,Participant 12895894,3,25,Correct formatting of sections and sub-sections
ACaunt,Participant 12895894,3,26,Correct usage of APA-formatted citations and references
ACaunt,Participant 12895918,3,1,Abstract is clear and accurate
ACaunt,Participant 12895918,2,2,Abstract contains correct information
ACaunt,Participant 12895918,1,3,Introduction is clear and accurate
ACaunt,Participant 12895918,1,4,Introduction gives big-picture overview
ACaunt,Participant 12895918,1,5,Introduction outlines specific research area
ACaunt,Participant 12895918,1,6,Introduction gives rationale for current experiment
ACaunt,Participant 12895918,3,7,"Participant section is clear, accurate, and contain correct information"
ACaunt,Participant 12895918,1,8,Sample sizes are justified through a power calculation
ACaunt,Participant 12895918,3,9,"Apparatus and materials sections are clear, accurate, and contain correct information"
ACaunt,Participant 12895918,3,10,"Procedure section is clear, accurate, and contain correct information."
ACaunt,Participant 12895918,4,11,"Result section is overall clear, accurate, and contain correct information"
ACaunt,Participant 12895918,4,12,"Figure(s) are clear and appropriate, lack clutter, and have meaningful axis labels and good font sizes"
ACaunt,Participant 12895918,4,13,Figure(s) have an appropriate figure legend that is referred to in the main text.
ACaunt,Participant 12895918,4,14,"Results section includes appropriate and accurate summary statistics (e.g. means, density plots)"
ACaunt,Participant 12895918,3,15,Results section includes appropriate and accurate inferential statistics (Bayesian ANOVA)
ACaunt,Participant 12895918,4,17,Discussion correctly and clearly summarises findings
ACaunt,Participant 12895918,4,18,Discussion correctly interprets findings
ACaunt,Participant 12895918,4,19,Discussion makes appropriate links to previous literature
ACaunt,Participant 12895918,4,20,Discussion provides good considerations of the limitations of the current study
ACaunt,Participant 12895918,4,21,"Discussion makes a good, sensible suggestion for future work"
ACaunt,Participant 12895918,4,22,Discussion concludes appropriately.
ACaunt,Participant 12895918,4,23,Overall clarity of writing
ACaunt,Participant 12895918,3,24,Overall quality of grammar and spelling
ACaunt,Participant 12895918,4,25,Correct formatting of sections and sub-sections
ACaunt,Participant 12895918,3,26,Correct usage of APA-formatted citations and references
ACaunt,Participant 12895951,3,1,Abstract is clear and accurate
ACaunt,Participant 12895951,3,2,Abstract contains correct information
ACaunt,Participant 12895951,4,3,Introduction is clear and accurate
ACaunt,Participant 12895951,4,4,Introduction gives big-picture overview
ACaunt,Participant 12895951,4,5,Introduction outlines specific research area
ACaunt,Participant 12895951,4,6,Introduction gives rationale for current experiment
ACaunt,Participant 12895951,3,7,"Participant section is clear, accurate, and contain correct information"
ACaunt,Participant 12895951,1,8,Sample sizes are justified through a power calculation
ACaunt,Participant 12895951,4,9,"Apparatus and materials sections are clear, accurate, and contain correct information"
ACaunt,Participant 12895951,4,10,"Procedure section is clear, accurate, and contain correct information."
ACaunt,Participant 12895951,4,11,"Result section is overall clear, accurate, and contain correct information"
ACaunt,Participant 12895951,4,12,"Figure(s) are clear and appropriate, lack clutter, and have meaningful axis labels and good font sizes"
ACaunt,Participant 12895951,4,13,Figure(s) have an appropriate figure legend that is referred to in the main text.
ACaunt,Participant 12895951,4,14,"Results section includes appropriate and accurate summary statistics (e.g. means, density plots)"
ACaunt,Participant 12895951,4,15,Results section includes appropriate and accurate inferential statistics (Bayesian ANOVA)
ACaunt,Participant 12895951,4,17,Discussion correctly and clearly summarises findings
ACaunt,Participant 12895951,4,18,Discussion correctly interprets findings
ACaunt,Participant 12895951,4,19,Discussion makes appropriate links to previous literature
ACaunt,Participant 12895951,4,20,Discussion provides good considerations of the limitations of the current study
ACaunt,Participant 12895951,5,21,"Discussion makes a good, sensible suggestion for future work"
ACaunt,Participant 12895951,4,22,Discussion concludes appropriately.
ACaunt,Participant 12895951,4,23,Overall clarity of writing
ACaunt,Participant 12895951,4,24,Overall quality of grammar and spelling
ACaunt,Participant 12895951,4,25,Correct formatting of sections and sub-sections
ACaunt,Participant 12895951,4,26,Correct usage of APA-formatted citations and references
ACaunt,Participant 12895953,4,1,Abstract is clear and accurate
ACaunt,Participant 12895953,4,2,Abstract contains correct information
ACaunt,Participant 12895953,4,3,Introduction is clear and accurate
ACaunt,Participant 12895953,3,4,Introduction gives big-picture overview
ACaunt,Participant 12895953,4,5,Introduction outlines specific research area
ACaunt,Participant 12895953,4,6,Introduction gives rationale for current experiment
ACaunt,Participant 12895953,3,7,"Participant section is clear, accurate, and contain correct information"
ACaunt,Participant 12895953,1,8,Sample sizes are justified through a power calculation
ACaunt,Participant 12895953,4,9,"Apparatus and materials sections are clear, accurate, and contain correct information"
ACaunt,Participant 12895953,4,10,"Procedure section is clear, accurate, and contain correct information."
ACaunt,Participant 12895953,3,11,"Result section is overall clear, accurate, and contain correct information"
ACaunt,Participant 12895953,3,12,"Figure(s) are clear and appropriate, lack clutter, and have meaningful axis labels and good font sizes"
ACaunt,Participant 12895953,3,13,Figure(s) have an appropriate figure legend that is referred to in the main text.
ACaunt,Participant 12895953,3,14,"Results section includes appropriate and accurate summary statistics (e.g. means, density plots)"
ACaunt,Participant 12895953,2,15,Results section includes appropriate and accurate inferential statistics (Bayesian ANOVA)
ACaunt,Participant 12895953,3,17,Discussion correctly and clearly summarises findings
ACaunt,Participant 12895953,4,18,Discussion correctly interprets findings
ACaunt,Participant 12895953,3,19,Discussion makes appropriate links to previous literature
ACaunt,Participant 12895953,3,20,Discussion provides good considerations of the limitations of the current study
ACaunt,Participant 12895953,2,21,"Discussion makes a good, sensible suggestion for future work"
ACaunt,Participant 12895953,3,22,Discussion concludes appropriately.
ACaunt,Participant 12895953,3,23,Overall clarity of writing
ACaunt,Participant 12895953,3,24,Overall quality of grammar and spelling
ACaunt,Participant 12895953,3,25,Correct formatting of sections and sub-sections
ACaunt,Participant 12895953,3,26,Correct usage of APA-formatted citations and references
ACaunt,Participant 12895954,3,1,Abstract is clear and accurate
ACaunt,Participant 12895954,2,2,Abstract contains correct information
ACaunt,Participant 12895954,3,3,Introduction is clear and accurate
ACaunt,Participant 12895954,3,4,Introduction gives big-picture overview
ACaunt,Participant 12895954,3,5,Introduction outlines specific research area
ACaunt,Participant 12895954,3,6,Introduction gives rationale for current experiment
ACaunt,Participant 12895954,3,7,"Participant section is clear, accurate, and contain correct information"
ACaunt,Participant 12895954,1,8,Sample sizes are justified through a power calculation
ACaunt,Participant 12895954,3,9,"Apparatus and materials sections are clear, accurate, and contain correct information"
ACaunt,Participant 12895954,3,10,"Procedure section is clear, accurate, and contain correct information."
ACaunt,Participant 12895954,3,11,"Result section is overall clear, accurate, and contain correct information"
ACaunt,Participant 12895954,3,12,"Figure(s) are clear and appropriate, lack clutter, and have meaningful axis labels and good font sizes"
ACaunt,Participant 12895954,3,13,Figure(s) have an appropriate figure legend that is referred to in the main text.
ACaunt,Participant 12895954,3,14,"Results section includes appropriate and accurate summary statistics (e.g. means, density plots)"
ACaunt,Participant 12895954,3,15,Results section includes appropriate and accurate inferential statistics (Bayesian ANOVA)
ACaunt,Participant 12895954,3,17,Discussion correctly and clearly summarises findings
ACaunt,Participant 12895954,3,18,Discussion correctly interprets findings
ACaunt,Participant 12895954,3,19,Discussion makes appropriate links to previous literature
ACaunt,Participant 12895954,3,20,Discussion provides good considerations of the limitations of the current study
ACaunt,Participant 12895954,3,21,"Discussion makes a good, sensible suggestion for future work"
ACaunt,Participant 12895954,3,22,Discussion concludes appropriately.
ACaunt,Participant 12895954,3,23,Overall clarity of writing
ACaunt,Participant 12895954,3,24,Overall quality of grammar and spelling
ACaunt,Participant 12895954,3,25,Correct formatting of sections and sub-sections
ACaunt,Participant 12895954,3,26,Correct usage of APA-formatted citations and references
ACaunt,Participant 12895961,3,1,Abstract is clear and accurate
ACaunt,Participant 12895961,3,2,Abstract contains correct information
ACaunt,Participant 12895961,3,3,Introduction is clear and accurate
ACaunt,Participant 12895961,3,4,Introduction gives big-picture overview
ACaunt,Participant 12895961,3,5,Introduction outlines specific research area
ACaunt,Participant 12895961,3,6,Introduction gives rationale for current experiment
ACaunt,Participant 12895961,3,7,"Participant section is clear, accurate, and contain correct information"
ACaunt,Participant 12895961,1,8,Sample sizes are justified through a power calculation
ACaunt,Participant 12895961,3,9,"Apparatus and materials sections are clear, accurate, and contain correct information"
ACaunt,Participant 12895961,3,10,"Procedure section is clear, accurate, and contain correct information."
ACaunt,Participant 12895961,3,11,"Result section is overall clear, accurate, and contain correct information"
ACaunt,Participant 12895961,4,12,"Figure(s) are clear and appropriate, lack clutter, and have meaningful axis labels and good font sizes"
ACaunt,Participant 12895961,3,13,Figure(s) have an appropriate figure legend that is referred to in the main text.
ACaunt,Participant 12895961,3,14,"Results section includes appropriate and accurate summary statistics (e.g. means, density plots)"
ACaunt,Participant 12895961,4,15,Results section includes appropriate and accurate inferential statistics (Bayesian ANOVA)
ACaunt,Participant 12895961,3,17,Discussion correctly and clearly summarises findings
ACaunt,Participant 12895961,3,18,Discussion correctly interprets findings
ACaunt,Participant 12895961,3,19,Discussion makes appropriate links to previous literature
ACaunt,Participant 12895961,2,20,Discussion provides good considerations of the limitations of the current study
ACaunt,Participant 12895961,2,21,"Discussion makes a good, sensible suggestion for future work"
ACaunt,Participant 12895961,3,22,Discussion concludes appropriately.
ACaunt,Participant 12895961,3,23,Overall clarity of writing
ACaunt,Participant 12895961,3,24,Overall quality of grammar and spelling
ACaunt,Participant 12895961,3,25,Correct formatting of sections and sub-sections
ACaunt,Participant 12895961,2,26,Correct usage of APA-formatted citations and references
ACaunt,Participant 12895810,3,1,Abstract is clear and accurate
ACaunt,Participant 12895810,3,2,Abstract contains correct information
ACaunt,Participant 12895810,3,3,Introduction is clear and accurate
ACaunt,Participant 12895810,3,4,Introduction gives big-picture overview
ACaunt,Participant 12895810,3,5,Introduction outlines specific research area
ACaunt,Participant 12895810,3,6,Introduction gives rationale for current experiment
ACaunt,Participant 12895810,3,7,"Participant section is clear, accurate, and contain correct information"
ACaunt,Participant 12895810,1,8,Sample sizes are justified through a power calculation
ACaunt,Participant 12895810,3,9,"Apparatus and materials sections are clear, accurate, and contain correct information"
ACaunt,Participant 12895810,3,10,"Procedure section is clear, accurate, and contain correct information."
ACaunt,Participant 12895810,3,11,"Result section is overall clear, accurate, and contain correct information"
ACaunt,Participant 12895810,3,12,"Figure(s) are clear and appropriate, lack clutter, and have meaningful axis labels and good font sizes"
ACaunt,Participant 12895810,3,13,Figure(s) have an appropriate figure legend that is referred to in the main text.
ACaunt,Participant 12895810,4,14,"Results section includes appropriate and accurate summary statistics (e.g. means, density plots)"
ACaunt,Participant 12895810,3,15,Results section includes appropriate and accurate inferential statistics (Bayesian ANOVA)
ACaunt,Participant 12895810,3,17,Discussion correctly and clearly summarises findings
ACaunt,Participant 12895810,3,18,Discussion correctly interprets findings
ACaunt,Participant 12895810,3,19,Discussion makes appropriate links to previous literature
ACaunt,Participant 12895810,3,20,Discussion provides good considerations of the limitations of the current study
ACaunt,Participant 12895810,3,21,"Discussion makes a good, sensible suggestion for future work"
ACaunt,Participant 12895810,3,22,Discussion concludes appropriately.
ACaunt,Participant 12895810,3,23,Overall clarity of writing
ACaunt,Participant 12895810,3,24,Overall quality of grammar and spelling
ACaunt,Participant 12895810,3,25,Correct formatting of sections and sub-sections
ACaunt,Participant 12895810,2,26,Correct usage of APA-formatted citations and references
ARogers,Participant 12895944,2,1,Abstract is clear and accurate
ARogers,Participant 12895944,3,2,Abstract contains correct information
ARogers,Participant 12895944,2,3,Introduction is clear and accurate
ARogers,Participant 12895944,2,4,Introduction gives big-picture overview
ARogers,Participant 12895944,3,5,Introduction outlines specific research area
ARogers,Participant 12895944,2,6,Introduction gives rationale for current experiment
ARogers,Participant 12895944,3,7,"Participant section is clear, accurate, and contain correct information"
ARogers,Participant 12895944,2,8,Sample sizes are justified through a power calculation
ARogers,Participant 12895944,3,9,"Apparatus and materials sections are clear, accurate, and contain correct information"
ARogers,Participant 12895944,3,10,"Procedure section is clear, accurate, and contain correct information."
ARogers,Participant 12895944,2,11,"Result section is overall clear, accurate, and contain correct information"
ARogers,Participant 12895944,1,12,"Figure(s) are clear and appropriate, lack clutter, and have meaningful axis labels and good font sizes"
ARogers,Participant 12895944,1,13,Figure(s) have an appropriate figure legend that is referred to in the main text.
ARogers,Participant 12895944,1,14,"Results section includes appropriate and accurate summary statistics (e.g. means, density plots)"
ARogers,Participant 12895944,2,15,Results section includes appropriate and accurate inferential statistics (Bayesian ANOVA)
ARogers,Participant 12895944,2,17,Discussion correctly and clearly summarises findings
ARogers,Participant 12895944,2,18,Discussion correctly interprets findings
ARogers,Participant 12895944,2,19,Discussion makes appropriate links to previous literature
ARogers,Participant 12895944,2,20,Discussion provides good considerations of the limitations of the current study
ARogers,Participant 12895944,1,21,"Discussion makes a good, sensible suggestion for future work"
ARogers,Participant 12895944,2,22,Discussion concludes appropriately.
ARogers,Participant 12895944,2,23,Overall clarity of writing
ARogers,Participant 12895944,2,24,Overall quality of grammar and spelling
ARogers,Participant 12895944,5,25,Correct formatting of sections and sub-sections
ARogers,Participant 12895944,3,26,Correct usage of APA-formatted citations and references
ARogers,Participant 12895783,4,1,Abstract is clear and accurate
ARogers,Participant 12895783,4,2,Abstract contains correct information
ARogers,Participant 12895783,4,3,Introduction is clear and accurate
ARogers,Participant 12895783,4,4,Introduction gives big-picture overview
ARogers,Participant 12895783,4,5,Introduction outlines specific research area
ARogers,Participant 12895783,3,6,Introduction gives rationale for current experiment
ARogers,Participant 12895783,4,7,"Participant section is clear, accurate, and contain correct information"
ARogers,Participant 12895783,4,8,Sample sizes are justified through a power calculation
ARogers,Participant 12895783,5,9,"Apparatus and materials sections are clear, accurate, and contain correct information"
ARogers,Participant 12895783,5,10,"Procedure section is clear, accurate, and contain correct information."
ARogers,Participant 12895783,3,11,"Result section is overall clear, accurate, and contain correct information"
ARogers,Participant 12895783,5,12,"Figure(s) are clear and appropriate, lack clutter, and have meaningful axis labels and good font sizes"
ARogers,Participant 12895783,5,13,Figure(s) have an appropriate figure legend that is referred to in the main text.
ARogers,Participant 12895783,1,14,"Results section includes appropriate and accurate summary statistics (e.g. means, density plots)"
ARogers,Participant 12895783,3,15,Results section includes appropriate and accurate inferential statistics (Bayesian ANOVA)
ARogers,Participant 12895783,3,17,Discussion correctly and clearly summarises findings
ARogers,Participant 12895783,3,18,Discussion correctly interprets findings
ARogers,Participant 12895783,5,19,Discussion makes appropriate links to previous literature
ARogers,Participant 12895783,4,20,Discussion provides good considerations of the limitations of the current study
ARogers,Participant 12895783,4,21,"Discussion makes a good, sensible suggestion for future work"
ARogers,Participant 12895783,4,22,Discussion concludes appropriately.
ARogers,Participant 12895783,4,23,Overall clarity of writing
ARogers,Participant 12895783,5,24,Overall quality of grammar and spelling
ARogers,Participant 12895783,5,25,Correct formatting of sections and sub-sections
ARogers,Participant 12895783,5,26,Correct usage of APA-formatted citations and references
ARogers,Participant 12895699,4,1,Abstract is clear and accurate
ARogers,Participant 12895699,3,2,Abstract contains correct information
ARogers,Participant 12895699,2,3,Introduction is clear and accurate
ARogers,Participant 12895699,3,4,Introduction gives big-picture overview
ARogers,Participant 12895699,3,5,Introduction outlines specific research area
ARogers,Participant 12895699,2,6,Introduction gives rationale for current experiment
ARogers,Participant 12895699,3,7,"Participant section is clear, accurate, and contain correct information"
ARogers,Participant 12895699,2,8,Sample sizes are justified through a power calculation
ARogers,Participant 12895699,3,9,"Apparatus and materials sections are clear, accurate, and contain correct information"
ARogers,Participant 12895699,3,10,"Procedure section is clear, accurate, and contain correct information."
ARogers,Participant 12895699,3,11,"Result section is overall clear, accurate, and contain correct information"
ARogers,Participant 12895699,5,12,"Figure(s) are clear and appropriate, lack clutter, and have meaningful axis labels and good font sizes"
ARogers,Participant 12895699,4,13,Figure(s) have an appropriate figure legend that is referred to in the main text.
ARogers,Participant 12895699,1,14,"Results section includes appropriate and accurate summary statistics (e.g. means, density plots)"
ARogers,Participant 12895699,3,15,Results section includes appropriate and accurate inferential statistics (Bayesian ANOVA)
ARogers,Participant 12895699,2,17,Discussion correctly and clearly summarises findings
ARogers,Participant 12895699,3,18,Discussion correctly interprets findings
ARogers,Participant 12895699,2,19,Discussion makes appropriate links to previous literature
ARogers,Participant 12895699,2,20,Discussion provides good considerations of the limitations of the current study
ARogers,Participant 12895699,2,21,"Discussion makes a good, sensible suggestion for future work"
ARogers,Participant 12895699,4,22,Discussion concludes appropriately.
ARogers,Participant 12895699,3,23,Overall clarity of writing
ARogers,Participant 12895699,4,24,Overall quality of grammar and spelling
ARogers,Participant 12895699,4,25,Correct formatting of sections and sub-sections
ARogers,Participant 12895699,4,26,Correct usage of APA-formatted citations and references
ARogers,Participant 12895794,5,1,Abstract is clear and accurate
ARogers,Participant 12895794,3,2,Abstract contains correct information
ARogers,Participant 12895794,4,3,Introduction is clear and accurate
ARogers,Participant 12895794,4,4,Introduction gives big-picture overview
ARogers,Participant 12895794,4,5,Introduction outlines specific research area
ARogers,Participant 12895794,3,6,Introduction gives rationale for current experiment
ARogers,Participant 12895794,4,7,"Participant section is clear, accurate, and contain correct information"
ARogers,Participant 12895794,4,8,Sample sizes are justified through a power calculation
ARogers,Participant 12895794,5,9,"Apparatus and materials sections are clear, accurate, and contain correct information"
ARogers,Participant 12895794,4,10,"Procedure section is clear, accurate, and contain correct information."
ARogers,Participant 12895794,3,11,"Result section is overall clear, accurate, and contain correct information"
ARogers,Participant 12895794,4,12,"Figure(s) are clear and appropriate, lack clutter, and have meaningful axis labels and good font sizes"
ARogers,Participant 12895794,2,13,Figure(s) have an appropriate figure legend that is referred to in the main text.
ARogers,Participant 12895794,1,14,"Results section includes appropriate and accurate summary statistics (e.g. means, density plots)"
ARogers,Participant 12895794,3,15,Results section includes appropriate and accurate inferential statistics (Bayesian ANOVA)
ARogers,Participant 12895794,3,17,Discussion correctly and clearly summarises findings
ARogers,Participant 12895794,4,18,Discussion correctly interprets findings
ARogers,Participant 12895794,5,19,Discussion makes appropriate links to previous literature
ARogers,Participant 12895794,5,20,Discussion provides good considerations of the limitations of the current study
ARogers,Participant 12895794,2,21,"Discussion makes a good, sensible suggestion for future work"
ARogers,Participant 12895794,3,22,Discussion concludes appropriately.
ARogers,Participant 12895794,4,23,Overall clarity of writing
ARogers,Participant 12895794,4,24,Overall quality of grammar and spelling
ARogers,Participant 12895794,5,25,Correct formatting of sections and sub-sections
ARogers,Participant 12895794,5,26,Correct usage of APA-formatted citations and references
ARogers,Participant 12895801,5,1,Abstract is clear and accurate
ARogers,Participant 12895801,4,2,Abstract contains correct information
ARogers,Participant 12895801,4,3,Introduction is clear and accurate
ARogers,Participant 12895801,4,4,Introduction gives big-picture overview
ARogers,Participant 12895801,4,5,Introduction outlines specific research area
ARogers,Participant 12895801,5,6,Introduction gives rationale for current experiment
ARogers,Participant 12895801,5,7,"Participant section is clear, accurate, and contain correct information"
ARogers,Participant 12895801,4,8,Sample sizes are justified through a power calculation
ARogers,Participant 12895801,5,9,"Apparatus and materials sections are clear, accurate, and contain correct information"
ARogers,Participant 12895801,5,10,"Procedure section is clear, accurate, and contain correct information."
ARogers,Participant 12895801,5,11,"Result section is overall clear, accurate, and contain correct information"
ARogers,Participant 12895801,4,12,"Figure(s) are clear and appropriate, lack clutter, and have meaningful axis labels and good font sizes"
ARogers,Participant 12895801,2,13,Figure(s) have an appropriate figure legend that is referred to in the main text.
ARogers,Participant 12895801,4,14,"Results section includes appropriate and accurate summary statistics (e.g. means, density plots)"
ARogers,Participant 12895801,5,15,Results section includes appropriate and accurate inferential statistics (Bayesian ANOVA)
ARogers,Participant 12895801,5,17,Discussion correctly and clearly summarises findings
ARogers,Participant 12895801,4,18,Discussion correctly interprets findings
ARogers,Participant 12895801,4,19,Discussion makes appropriate links to previous literature
ARogers,Participant 12895801,5,20,Discussion provides good considerations of the limitations of the current study
ARogers,Participant 12895801,3,21,"Discussion makes a good, sensible suggestion for future work"
ARogers,Participant 12895801,4,22,Discussion concludes appropriately.
ARogers,Participant 12895801,4,23,Overall clarity of writing
ARogers,Participant 12895801,4,24,Overall quality of grammar and spelling
ARogers,Participant 12895801,5,25,Correct formatting of sections and sub-sections
ARogers,Participant 12895801,5,26,Correct usage of APA-formatted citations and references
ARogers,Participant 12895826,3,1,Abstract is clear and accurate
ARogers,Participant 12895826,4,2,Abstract contains correct information
ARogers,Participant 12895826,3,3,Introduction is clear and accurate
ARogers,Participant 12895826,4,4,Introduction gives big-picture overview
ARogers,Participant 12895826,4,5,Introduction outlines specific research area
ARogers,Participant 12895826,3,6,Introduction gives rationale for current experiment
ARogers,Participant 12895826,4,7,"Participant section is clear, accurate, and contain correct information"
ARogers,Participant 12895826,4,8,Sample sizes are justified through a power calculation
ARogers,Participant 12895826,5,9,"Apparatus and materials sections are clear, accurate, and contain correct information"
ARogers,Participant 12895826,4,10,"Procedure section is clear, accurate, and contain correct information."
ARogers,Participant 12895826,5,11,"Result section is overall clear, accurate, and contain correct information"
ARogers,Participant 12895826,4,12,"Figure(s) are clear and appropriate, lack clutter, and have meaningful axis labels and good font sizes"
ARogers,Participant 12895826,2,13,Figure(s) have an appropriate figure legend that is referred to in the main text.
ARogers,Participant 12895826,4,14,"Results section includes appropriate and accurate summary statistics (e.g. means, density plots)"
ARogers,Participant 12895826,4,15,Results section includes appropriate and accurate inferential statistics (Bayesian ANOVA)
ARogers,Participant 12895826,3,17,Discussion correctly and clearly summarises findings
ARogers,Participant 12895826,3,18,Discussion correctly interprets findings
ARogers,Participant 12895826,4,19,Discussion makes appropriate links to previous literature
ARogers,Participant 12895826,3,20,Discussion provides good considerations of the limitations of the current study
ARogers,Participant 12895826,4,21,"Discussion makes a good, sensible suggestion for future work"
ARogers,Participant 12895826,3,22,Discussion concludes appropriately.
ARogers,Participant 12895826,4,23,Overall clarity of writing
ARogers,Participant 12895826,3,24,Overall quality of grammar and spelling
ARogers,Participant 12895826,5,25,Correct formatting of sections and sub-sections
ARogers,Participant 12895826,3,26,Correct usage of APA-formatted citations and references
ARogers,Participant 12895876,4,1,Abstract is clear and accurate
ARogers,Participant 12895876,4,2,Abstract contains correct information
ARogers,Participant 12895876,3,3,Introduction is clear and accurate
ARogers,Participant 12895876,4,4,Introduction gives big-picture overview
ARogers,Participant 12895876,4,5,Introduction outlines specific research area
ARogers,Participant 12895876,4,6,Introduction gives rationale for current experiment
ARogers,Participant 12895876,3,7,"Participant section is clear, accurate, and contain correct information"
ARogers,Participant 12895876,4,8,Sample sizes are justified through a power calculation
ARogers,Participant 12895876,4,9,"Apparatus and materials sections are clear, accurate, and contain correct information"
ARogers,Participant 12895876,5,10,"Procedure section is clear, accurate, and contain correct information."
ARogers,Participant 12895876,5,11,"Result section is overall clear, accurate, and contain correct information"
ARogers,Participant 12895876,4,12,"Figure(s) are clear and appropriate, lack clutter, and have meaningful axis labels and good font sizes"
ARogers,Participant 12895876,2,13,Figure(s) have an appropriate figure legend that is referred to in the main text.
ARogers,Participant 12895876,4,14,"Results section includes appropriate and accurate summary statistics (e.g. means, density plots)"
ARogers,Participant 12895876,5,15,Results section includes appropriate and accurate inferential statistics (Bayesian ANOVA)
ARogers,Participant 12895876,4,17,Discussion correctly and clearly summarises findings
ARogers,Participant 12895876,4,18,Discussion correctly interprets findings
ARogers,Participant 12895876,4,19,Discussion makes appropriate links to previous literature
ARogers,Participant 12895876,5,20,Discussion provides good considerations of the limitations of the current study
ARogers,Participant 12895876,4,21,"Discussion makes a good, sensible suggestion for future work"
ARogers,Participant 12895876,3,22,Discussion concludes appropriately.
ARogers,Participant 12895876,4,23,Overall clarity of writing
ARogers,Participant 12895876,4,24,Overall quality of grammar and spelling
ARogers,Participant 12895876,5,25,Correct formatting of sections and sub-sections
ARogers,Participant 12895876,5,26,Correct usage of APA-formatted citations and references
ARogers,Participant 12895880,3,1,Abstract is clear and accurate
ARogers,Participant 12895880,3,2,Abstract contains correct information
ARogers,Participant 12895880,3,3,Introduction is clear and accurate
ARogers,Participant 12895880,3,4,Introduction gives big-picture overview
ARogers,Participant 12895880,3,5,Introduction outlines specific research area
ARogers,Participant 12895880,2,6,Introduction gives rationale for current experiment
ARogers,Participant 12895880,3,7,"Participant section is clear, accurate, and contain correct information"
ARogers,Participant 12895880,4,8,Sample sizes are justified through a power calculation
ARogers,Participant 12895880,3,9,"Apparatus and materials sections are clear, accurate, and contain correct information"
ARogers,Participant 12895880,4,10,"Procedure section is clear, accurate, and contain correct information."
ARogers,Participant 12895880,2,11,"Result section is overall clear, accurate, and contain correct information"
ARogers,Participant 12895880,4,12,"Figure(s) are clear and appropriate, lack clutter, and have meaningful axis labels and good font sizes"
ARogers,Participant 12895880,3,13,Figure(s) have an appropriate figure legend that is referred to in the main text.
ARogers,Participant 12895880,1,14,"Results section includes appropriate and accurate summary statistics (e.g. means, density plots)"
ARogers,Participant 12895880,2,15,Results section includes appropriate and accurate inferential statistics (Bayesian ANOVA)
ARogers,Participant 12895880,2,17,Discussion correctly and clearly summarises findings
ARogers,Participant 12895880,2,18,Discussion correctly interprets findings
ARogers,Participant 12895880,2,19,Discussion makes appropriate links to previous literature
ARogers,Participant 12895880,2,20,Discussion provides good considerations of the limitations of the current study
ARogers,Participant 12895880,2,21,"Discussion makes a good, sensible suggestion for future work"
ARogers,Participant 12895880,1,22,Discussion concludes appropriately.
ARogers,Participant 12895880,3,23,Overall clarity of writing
ARogers,Participant 12895880,3,24,Overall quality of grammar and spelling
ARogers,Participant 12895880,4,25,Correct formatting of sections and sub-sections
ARogers,Participant 12895880,4,26,Correct usage of APA-formatted citations and references
ARogers,Participant 12895884,2,1,Abstract is clear and accurate
ARogers,Participant 12895884,3,2,Abstract contains correct information
ARogers,Participant 12895884,2,3,Introduction is clear and accurate
ARogers,Participant 12895884,3,4,Introduction gives big-picture overview
ARogers,Participant 12895884,2,5,Introduction outlines specific research area
ARogers,Participant 12895884,2,6,Introduction gives rationale for current experiment
ARogers,Participant 12895884,2,7,"Participant section is clear, accurate, and contain correct information"
ARogers,Participant 12895884,2,8,Sample sizes are justified through a power calculation
ARogers,Participant 12895884,4,9,"Apparatus and materials sections are clear, accurate, and contain correct information"
ARogers,Participant 12895884,4,10,"Procedure section is clear, accurate, and contain correct information."
ARogers,Participant 12895884,2,11,"Result section is overall clear, accurate, and contain correct information"
ARogers,Participant 12895884,4,12,"Figure(s) are clear and appropriate, lack clutter, and have meaningful axis labels and good font sizes"
ARogers,Participant 12895884,3,13,Figure(s) have an appropriate figure legend that is referred to in the main text.
ARogers,Participant 12895884,3,14,"Results section includes appropriate and accurate summary statistics (e.g. means, density plots)"
ARogers,Participant 12895884,2,15,Results section includes appropriate and accurate inferential statistics (Bayesian ANOVA)
ARogers,Participant 12895884,3,17,Discussion correctly and clearly summarises findings
ARogers,Participant 12895884,2,18,Discussion correctly interprets findings
ARogers,Participant 12895884,3,19,Discussion makes appropriate links to previous literature
ARogers,Participant 12895884,2,20,Discussion provides good considerations of the limitations of the current study
ARogers,Participant 12895884,2,21,"Discussion makes a good, sensible suggestion for future work"
ARogers,Participant 12895884,3,22,Discussion concludes appropriately.
ARogers,Participant 12895884,3,23,Overall clarity of writing
ARogers,Participant 12895884,3,24,Overall quality of grammar and spelling
ARogers,Participant 12895884,5,25,Correct formatting of sections and sub-sections
ARogers,Participant 12895884,4,26,Correct usage of APA-formatted citations and references
ARogers,Participant 12895888,5,1,Abstract is clear and accurate
ARogers,Participant 12895888,5,2,Abstract contains correct information
ARogers,Participant 12895888,4,3,Introduction is clear and accurate
ARogers,Participant 12895888,5,4,Introduction gives big-picture overview
ARogers,Participant 12895888,5,5,Introduction outlines specific research area
ARogers,Participant 12895888,4,6,Introduction gives rationale for current experiment
ARogers,Participant 12895888,5,7,"Participant section is clear, accurate, and contain correct information"
ARogers,Participant 12895888,4,8,Sample sizes are justified through a power calculation
ARogers,Participant 12895888,5,9,"Apparatus and materials sections are clear, accurate, and contain correct information"
ARogers,Participant 12895888,5,10,"Procedure section is clear, accurate, and contain correct information."
ARogers,Participant 12895888,3,11,"Result section is overall clear, accurate, and contain correct information"
ARogers,Participant 12895888,5,12,"Figure(s) are clear and appropriate, lack clutter, and have meaningful axis labels and good font sizes"
ARogers,Participant 12895888,4,13,Figure(s) have an appropriate figure legend that is referred to in the main text.
ARogers,Participant 12895888,1,14,"Results section includes appropriate and accurate summary statistics (e.g. means, density plots)"
ARogers,Participant 12895888,4,15,Results section includes appropriate and accurate inferential statistics (Bayesian ANOVA)
ARogers,Participant 12895888,4,17,Discussion correctly and clearly summarises findings
ARogers,Participant 12895888,5,18,Discussion correctly interprets findings
ARogers,Participant 12895888,5,19,Discussion makes appropriate links to previous literature
ARogers,Participant 12895888,4,20,Discussion provides good considerations of the limitations of the current study
ARogers,Participant 12895888,4,21,"Discussion makes a good, sensible suggestion for future work"
ARogers,Participant 12895888,5,22,Discussion concludes appropriately.
ARogers,Participant 12895888,5,23,Overall clarity of writing
ARogers,Participant 12895888,5,24,Overall quality of grammar and spelling
ARogers,Participant 12895888,5,25,Correct formatting of sections and sub-sections
ARogers,Participant 12895888,5,26,Correct usage of APA-formatted citations and references
ARogers,Participant 12895968,3,1,Abstract is clear and accurate
ARogers,Participant 12895968,3,2,Abstract contains correct information
ARogers,Participant 12895968,3,3,Introduction is clear and accurate
ARogers,Participant 12895968,3,4,Introduction gives big-picture overview
ARogers,Participant 12895968,2,5,Introduction outlines specific research area
ARogers,Participant 12895968,2,6,Introduction gives rationale for current experiment
ARogers,Participant 12895968,4,7,"Participant section is clear, accurate, and contain correct information"
ARogers,Participant 12895968,4,8,Sample sizes are justified through a power calculation
ARogers,Participant 12895968,3,9,"Apparatus and materials sections are clear, accurate, and contain correct information"
ARogers,Participant 12895968,3,10,"Procedure section is clear, accurate, and contain correct information."
ARogers,Participant 12895968,2,11,"Result section is overall clear, accurate, and contain correct information"
ARogers,Participant 12895968,4,12,"Figure(s) are clear and appropriate, lack clutter, and have meaningful axis labels and good font sizes"
ARogers,Participant 12895968,4,13,Figure(s) have an appropriate figure legend that is referred to in the main text.
ARogers,Participant 12895968,1,14,"Results section includes appropriate and accurate summary statistics (e.g. means, density plots)"
ARogers,Participant 12895968,2,15,Results section includes appropriate and accurate inferential statistics (Bayesian ANOVA)
ARogers,Participant 12895968,1,17,Discussion correctly and clearly summarises findings
ARogers,Participant 12895968,2,18,Discussion correctly interprets findings
ARogers,Participant 12895968,2,19,Discussion makes appropriate links to previous literature
ARogers,Participant 12895968,2,20,Discussion provides good considerations of the limitations of the current study
ARogers,Participant 12895968,2,21,"Discussion makes a good, sensible suggestion for future work"
ARogers,Participant 12895968,3,22,Discussion concludes appropriately.
ARogers,Participant 12895968,3,23,Overall clarity of writing
ARogers,Participant 12895968,4,24,Overall quality of grammar and spelling
ARogers,Participant 12895968,5,25,Correct formatting of sections and sub-sections
ARogers,Participant 12895968,4,26,Correct usage of APA-formatted citations and references
DDjama,Participant 12895904,3,1,Abstract is clear and accurate
DDjama,Participant 12895904,3,2,Abstract contains correct information
DDjama,Participant 12895904,2,3,Introduction is clear and accurate
DDjama,Participant 12895904,2,4,Introduction gives big-picture overview
DDjama,Participant 12895904,3,5,Introduction outlines specific research area
DDjama,Participant 12895904,2,6,Introduction gives rationale for current experiment
DDjama,Participant 12895904,3,7,"Participant section is clear, accurate, and contain correct information"
DDjama,Participant 12895904,1,8,Sample sizes are justified through a power calculation
DDjama,Participant 12895904,3,9,"Apparatus and materials sections are clear, accurate, and contain correct information"
DDjama,Participant 12895904,3,10,"Procedure section is clear, accurate, and contain correct information."
DDjama,Participant 12895904,3,11,"Result section is overall clear, accurate, and contain correct information"
DDjama,Participant 12895904,3,12,"Figure(s) are clear and appropriate, lack clutter, and have meaningful axis labels and good font sizes"
DDjama,Participant 12895904,2,13,Figure(s) have an appropriate figure legend that is referred to in the main text.
DDjama,Participant 12895904,3,14,"Results section includes appropriate and accurate summary statistics (e.g. means, density plots)"
DDjama,Participant 12895904,3,15,Results section includes appropriate and accurate inferential statistics (Bayesian ANOVA)
DDjama,Participant 12895904,2,17,Discussion correctly and clearly summarises findings
DDjama,Participant 12895904,2,18,Discussion correctly interprets findings
DDjama,Participant 12895904,2,19,Discussion makes appropriate links to previous literature
DDjama,Participant 12895904,3,20,Discussion provides good considerations of the limitations of the current study
DDjama,Participant 12895904,3,21,"Discussion makes a good, sensible suggestion for future work"
DDjama,Participant 12895904,3,22,Discussion concludes appropriately.
DDjama,Participant 12895904,2,23,Overall clarity of writing
DDjama,Participant 12895904,2,24,Overall quality of grammar and spelling
DDjama,Participant 12895904,4,25,Correct formatting of sections and sub-sections
DDjama,Participant 12895904,2,26,Correct usage of APA-formatted citations and references
DDjama,Participant 12895840,4,1,Abstract is clear and accurate
DDjama,Participant 12895840,4,2,Abstract contains correct information
DDjama,Participant 12895840,3,3,Introduction is clear and accurate
DDjama,Participant 12895840,3,4,Introduction gives big-picture overview
DDjama,Participant 12895840,3,5,Introduction outlines specific research area
DDjama,Participant 12895840,3,6,Introduction gives rationale for current experiment
DDjama,Participant 12895840,5,7,"Participant section is clear, accurate, and contain correct information"
DDjama,Participant 12895840,4,8,Sample sizes are justified through a power calculation
DDjama,Participant 12895840,3,9,"Apparatus and materials sections are clear, accurate, and contain correct information"
DDjama,Participant 12895840,3,10,"Procedure section is clear, accurate, and contain correct information."
DDjama,Participant 12895840,3,11,"Result section is overall clear, accurate, and contain correct information"
DDjama,Participant 12895840,4,12,"Figure(s) are clear and appropriate, lack clutter, and have meaningful axis labels and good font sizes"
DDjama,Participant 12895840,5,13,Figure(s) have an appropriate figure legend that is referred to in the main text.
DDjama,Participant 12895840,3,14,"Results section includes appropriate and accurate summary statistics (e.g. means, density plots)"
DDjama,Participant 12895840,3,15,Results section includes appropriate and accurate inferential statistics (Bayesian ANOVA)
DDjama,Participant 12895840,3,17,Discussion correctly and clearly summarises findings
DDjama,Participant 12895840,3,18,Discussion correctly interprets findings
DDjama,Participant 12895840,3,19,Discussion makes appropriate links to previous literature
DDjama,Participant 12895840,3,20,Discussion provides good considerations of the limitations of the current study
DDjama,Participant 12895840,4,21,"Discussion makes a good, sensible suggestion for future work"
DDjama,Participant 12895840,3,22,Discussion concludes appropriately.
DDjama,Participant 12895840,3,23,Overall clarity of writing
DDjama,Participant 12895840,5,24,Overall quality of grammar and spelling
DDjama,Participant 12895840,5,25,Correct formatting of sections and sub-sections
DDjama,Participant 12895840,4,26,Correct usage of APA-formatted citations and references
DDjama,Participant 12895902,3,1,Abstract is clear and accurate
DDjama,Participant 12895902,3,2,Abstract contains correct information
DDjama,Participant 12895902,3,3,Introduction is clear and accurate
DDjama,Participant 12895902,3,4,Introduction gives big-picture overview
DDjama,Participant 12895902,3,5,Introduction outlines specific research area
DDjama,Participant 12895902,2,6,Introduction gives rationale for current experiment
DDjama,Participant 12895902,4,7,"Participant section is clear, accurate, and contain correct information"
DDjama,Participant 12895902,1,8,Sample sizes are justified through a power calculation
DDjama,Participant 12895902,2,9,"Apparatus and materials sections are clear, accurate, and contain correct information"
DDjama,Participant 12895902,4,10,"Procedure section is clear, accurate, and contain correct information."
DDjama,Participant 12895902,4,11,"Result section is overall clear, accurate, and contain correct information"
DDjama,Participant 12895902,4,12,"Figure(s) are clear and appropriate, lack clutter, and have meaningful axis labels and good font sizes"
DDjama,Participant 12895902,4,13,Figure(s) have an appropriate figure legend that is referred to in the main text.
DDjama,Participant 12895902,4,14,"Results section includes appropriate and accurate summary statistics (e.g. means, density plots)"
DDjama,Participant 12895902,3,15,Results section includes appropriate and accurate inferential statistics (Bayesian ANOVA)
DDjama,Participant 12895902,3,17,Discussion correctly and clearly summarises findings
DDjama,Participant 12895902,4,18,Discussion correctly interprets findings
DDjama,Participant 12895902,4,19,Discussion makes appropriate links to previous literature
DDjama,Participant 12895902,2,20,Discussion provides good considerations of the limitations of the current study
DDjama,Participant 12895902,3,21,"Discussion makes a good, sensible suggestion for future work"
DDjama,Participant 12895902,1,22,Discussion concludes appropriately.
DDjama,Participant 12895902,4,23,Overall clarity of writing
DDjama,Participant 12895902,4,24,Overall quality of grammar and spelling
DDjama,Participant 12895902,5,25,Correct formatting of sections and sub-sections
DDjama,Participant 12895902,4,26,Correct usage of APA-formatted citations and references
DDjama,Participant 12895722,3,1,Abstract is clear and accurate
DDjama,Participant 12895722,3,2,Abstract contains correct information
DDjama,Participant 12895722,3,3,Introduction is clear and accurate
DDjama,Participant 12895722,2,4,Introduction gives big-picture overview
DDjama,Participant 12895722,3,5,Introduction outlines specific research area
DDjama,Participant 12895722,2,6,Introduction gives rationale for current experiment
DDjama,Participant 12895722,4,7,"Participant section is clear, accurate, and contain correct information"
DDjama,Participant 12895722,5,8,Sample sizes are justified through a power calculation
DDjama,Participant 12895722,4,9,"Apparatus and materials sections are clear, accurate, and contain correct information"
DDjama,Participant 12895722,5,10,"Procedure section is clear, accurate, and contain correct information."
DDjama,Participant 12895722,3,11,"Result section is overall clear, accurate, and contain correct information"
DDjama,Participant 12895722,4,12,"Figure(s) are clear and appropriate, lack clutter, and have meaningful axis labels and good font sizes"
DDjama,Participant 12895722,3,13,Figure(s) have an appropriate figure legend that is referred to in the main text.
DDjama,Participant 12895722,3,14,"Results section includes appropriate and accurate summary statistics (e.g. means, density plots)"
DDjama,Participant 12895722,3,15,Results section includes appropriate and accurate inferential statistics (Bayesian ANOVA)
DDjama,Participant 12895722,3,17,Discussion correctly and clearly summarises findings
DDjama,Participant 12895722,3,18,Discussion correctly interprets findings
DDjama,Participant 12895722,1,19,Discussion makes appropriate links to previous literature
DDjama,Participant 12895722,2,20,Discussion provides good considerations of the limitations of the current study
DDjama,Participant 12895722,3,21,"Discussion makes a good, sensible suggestion for future work"
DDjama,Participant 12895722,3,22,Discussion concludes appropriately.
DDjama,Participant 12895722,3,23,Overall clarity of writing
DDjama,Participant 12895722,3,24,Overall quality of grammar and spelling
DDjama,Participant 12895722,5,25,Correct formatting of sections and sub-sections
DDjama,Participant 12895722,3,26,Correct usage of APA-formatted citations and references
DDjama,Participant 12895731,4,1,Abstract is clear and accurate
DDjama,Participant 12895731,4,2,Abstract contains correct information
DDjama,Participant 12895731,4,3,Introduction is clear and accurate
DDjama,Participant 12895731,4,4,Introduction gives big-picture overview
DDjama,Participant 12895731,5,5,Introduction outlines specific research area
DDjama,Participant 12895731,4,6,Introduction gives rationale for current experiment
DDjama,Participant 12895731,4,7,"Participant section is clear, accurate, and contain correct information"
DDjama,Participant 12895731,5,8,Sample sizes are justified through a power calculation
DDjama,Participant 12895731,4,9,"Apparatus and materials sections are clear, accurate, and contain correct information"
DDjama,Participant 12895731,5,10,"Procedure section is clear, accurate, and contain correct information."
DDjama,Participant 12895731,4,11,"Result section is overall clear, accurate, and contain correct information"
DDjama,Participant 12895731,4,12,"Figure(s) are clear and appropriate, lack clutter, and have meaningful axis labels and good font sizes"
DDjama,Participant 12895731,5,13,Figure(s) have an appropriate figure legend that is referred to in the main text.
DDjama,Participant 12895731,5,14,"Results section includes appropriate and accurate summary statistics (e.g. means, density plots)"
DDjama,Participant 12895731,4,15,Results section includes appropriate and accurate inferential statistics (Bayesian ANOVA)
DDjama,Participant 12895731,5,17,Discussion correctly and clearly summarises findings
DDjama,Participant 12895731,5,18,Discussion correctly interprets findings
DDjama,Participant 12895731,5,19,Discussion makes appropriate links to previous literature
DDjama,Participant 12895731,3,20,Discussion provides good considerations of the limitations of the current study
DDjama,Participant 12895731,2,21,"Discussion makes a good, sensible suggestion for future work"
DDjama,Participant 12895731,5,22,Discussion concludes appropriately.
DDjama,Participant 12895731,5,23,Overall clarity of writing
DDjama,Participant 12895731,5,24,Overall quality of grammar and spelling
DDjama,Participant 12895731,5,25,Correct formatting of sections and sub-sections
DDjama,Participant 12895731,4,26,Correct usage of APA-formatted citations and references
DDjama,Participant 12895764,4,1,Abstract is clear and accurate
DDjama,Participant 12895764,4,2,Abstract contains correct information
DDjama,Participant 12895764,5,3,Introduction is clear and accurate
DDjama,Participant 12895764,3,4,Introduction gives big-picture overview
DDjama,Participant 12895764,5,5,Introduction outlines specific research area
DDjama,Participant 12895764,5,6,Introduction gives rationale for current experiment
DDjama,Participant 12895764,3,7,"Participant section is clear, accurate, and contain correct information"
DDjama,Participant 12895764,1,8,Sample sizes are justified through a power calculation
DDjama,Participant 12895764,2,9,"Apparatus and materials sections are clear, accurate, and contain correct information"
DDjama,Participant 12895764,3,10,"Procedure section is clear, accurate, and contain correct information."
DDjama,Participant 12895764,4,11,"Result section is overall clear, accurate, and contain correct information"
DDjama,Participant 12895764,3,12,"Figure(s) are clear and appropriate, lack clutter, and have meaningful axis labels and good font sizes"
DDjama,Participant 12895764,4,13,Figure(s) have an appropriate figure legend that is referred to in the main text.
DDjama,Participant 12895764,5,14,"Results section includes appropriate and accurate summary statistics (e.g. means, density plots)"
DDjama,Participant 12895764,3,15,Results section includes appropriate and accurate inferential statistics (Bayesian ANOVA)
DDjama,Participant 12895764,4,17,Discussion correctly and clearly summarises findings
DDjama,Participant 12895764,4,18,Discussion correctly interprets findings
DDjama,Participant 12895764,3,19,Discussion makes appropriate links to previous literature
DDjama,Participant 12895764,3,20,Discussion provides good considerations of the limitations of the current study
DDjama,Participant 12895764,2,21,"Discussion makes a good, sensible suggestion for future work"
DDjama,Participant 12895764,3,22,Discussion concludes appropriately.
DDjama,Participant 12895764,5,23,Overall clarity of writing
DDjama,Participant 12895764,5,24,Overall quality of grammar and spelling
DDjama,Participant 12895764,5,25,Correct formatting of sections and sub-sections
DDjama,Participant 12895764,3,26,Correct usage of APA-formatted citations and references
DDjama,Participant 12895766,3,1,Abstract is clear and accurate
DDjama,Participant 12895766,3,2,Abstract contains correct information
DDjama,Participant 12895766,2,3,Introduction is clear and accurate
DDjama,Participant 12895766,3,4,Introduction gives big-picture overview
DDjama,Participant 12895766,2,5,Introduction outlines specific research area
DDjama,Participant 12895766,2,6,Introduction gives rationale for current experiment
DDjama,Participant 12895766,2,7,"Participant section is clear, accurate, and contain correct information"
DDjama,Participant 12895766,1,8,Sample sizes are justified through a power calculation
DDjama,Participant 12895766,2,9,"Apparatus and materials sections are clear, accurate, and contain correct information"
DDjama,Participant 12895766,3,10,"Procedure section is clear, accurate, and contain correct information."
DDjama,Participant 12895766,3,11,"Result section is overall clear, accurate, and contain correct information"
DDjama,Participant 12895766,3,12,"Figure(s) are clear and appropriate, lack clutter, and have meaningful axis labels and good font sizes"
DDjama,Participant 12895766,4,13,Figure(s) have an appropriate figure legend that is referred to in the main text.
DDjama,Participant 12895766,5,14,"Results section includes appropriate and accurate summary statistics (e.g. means, density plots)"
DDjama,Participant 12895766,3,15,Results section includes appropriate and accurate inferential statistics (Bayesian ANOVA)
DDjama,Participant 12895766,4,17,Discussion correctly and clearly summarises findings
DDjama,Participant 12895766,3,18,Discussion correctly interprets findings
DDjama,Participant 12895766,2,19,Discussion makes appropriate links to previous literature
DDjama,Participant 12895766,2,20,Discussion provides good considerations of the limitations of the current study
DDjama,Participant 12895766,3,21,"Discussion makes a good, sensible suggestion for future work"
DDjama,Participant 12895766,4,22,Discussion concludes appropriately.
DDjama,Participant 12895766,4,23,Overall clarity of writing
DDjama,Participant 12895766,4,24,Overall quality of grammar and spelling
DDjama,Participant 12895766,5,25,Correct formatting of sections and sub-sections
DDjama,Participant 12895766,4,26,Correct usage of APA-formatted citations and references
DDjama,Participant 12895789,3,1,Abstract is clear and accurate
DDjama,Participant 12895789,4,2,Abstract contains correct information
DDjama,Participant 12895789,4,3,Introduction is clear and accurate
DDjama,Participant 12895789,3,4,Introduction gives big-picture overview
DDjama,Participant 12895789,4,5,Introduction outlines specific research area
DDjama,Participant 12895789,4,6,Introduction gives rationale for current experiment
DDjama,Participant 12895789,5,7,"Participant section is clear, accurate, and contain correct information"
DDjama,Participant 12895789,4,8,Sample sizes are justified through a power calculation
DDjama,Participant 12895789,3,9,"Apparatus and materials sections are clear, accurate, and contain correct information"
DDjama,Participant 12895789,3,10,"Procedure section is clear, accurate, and contain correct information."
DDjama,Participant 12895789,3,11,"Result section is overall clear, accurate, and contain correct information"
DDjama,Participant 12895789,4,12,"Figure(s) are clear and appropriate, lack clutter, and have meaningful axis labels and good font sizes"
DDjama,Participant 12895789,5,13,Figure(s) have an appropriate figure legend that is referred to in the main text.
DDjama,Participant 12895789,5,14,"Results section includes appropriate and accurate summary statistics (e.g. means, density plots)"
DDjama,Participant 12895789,3,15,Results section includes appropriate and accurate inferential statistics (Bayesian ANOVA)
DDjama,Participant 12895789,4,17,Discussion correctly and clearly summarises findings
DDjama,Participant 12895789,3,18,Discussion correctly interprets findings
DDjama,Participant 12895789,4,19,Discussion makes appropriate links to previous literature
DDjama,Participant 12895789,4,20,Discussion provides good considerations of the limitations of the current study
DDjama,Participant 12895789,4,21,"Discussion makes a good, sensible suggestion for future work"
DDjama,Participant 12895789,3,22,Discussion concludes appropriately.
DDjama,Participant 12895789,4,23,Overall clarity of writing
DDjama,Participant 12895789,4,24,Overall quality of grammar and spelling
DDjama,Participant 12895789,5,25,Correct formatting of sections and sub-sections
DDjama,Participant 12895789,4,26,Correct usage of APA-formatted citations and references
DDjama,Participant 12895793,4,1,Abstract is clear and accurate
DDjama,Participant 12895793,4,2,Abstract contains correct information
DDjama,Participant 12895793,4,3,Introduction is clear and accurate
DDjama,Participant 12895793,4,4,Introduction gives big-picture overview
DDjama,Participant 12895793,5,5,Introduction outlines specific research area
DDjama,Participant 12895793,4,6,Introduction gives rationale for current experiment
DDjama,Participant 12895793,5,7,"Participant section is clear, accurate, and contain correct information"
DDjama,Participant 12895793,5,8,Sample sizes are justified through a power calculation
DDjama,Participant 12895793,3,9,"Apparatus and materials sections are clear, accurate, and contain correct information"
DDjama,Participant 12895793,3,10,"Procedure section is clear, accurate, and contain correct information."
DDjama,Participant 12895793,5,11,"Result section is overall clear, accurate, and contain correct information"
DDjama,Participant 12895793,4,12,"Figure(s) are clear and appropriate, lack clutter, and have meaningful axis labels and good font sizes"
DDjama,Participant 12895793,5,13,Figure(s) have an appropriate figure legend that is referred to in the main text.
DDjama,Participant 12895793,5,14,"Results section includes appropriate and accurate summary statistics (e.g. means, density plots)"
DDjama,Participant 12895793,5,15,Results section includes appropriate and accurate inferential statistics (Bayesian ANOVA)
DDjama,Participant 12895793,4,17,Discussion correctly and clearly summarises findings
DDjama,Participant 12895793,4,18,Discussion correctly interprets findings
DDjama,Participant 12895793,5,19,Discussion makes appropriate links to previous literature
DDjama,Participant 12895793,5,20,Discussion provides good considerations of the limitations of the current study
DDjama,Participant 12895793,4,21,"Discussion makes a good, sensible suggestion for future work"
DDjama,Participant 12895793,4,22,Discussion concludes appropriately.
DDjama,Participant 12895793,5,23,Overall clarity of writing
DDjama,Participant 12895793,5,24,Overall quality of grammar and spelling
DDjama,Participant 12895793,5,25,Correct formatting of sections and sub-sections
DDjama,Participant 12895793,5,26,Correct usage of APA-formatted citations and references
DDjama,Participant 12895799,3,1,Abstract is clear and accurate
DDjama,Participant 12895799,3,2,Abstract contains correct information
DDjama,Participant 12895799,3,3,Introduction is clear and accurate
DDjama,Participant 12895799,2,4,Introduction gives big-picture overview
DDjama,Participant 12895799,4,5,Introduction outlines specific research area
DDjama,Participant 12895799,3,6,Introduction gives rationale for current experiment
DDjama,Participant 12895799,4,7,"Participant section is clear, accurate, and contain correct information"
DDjama,Participant 12895799,1,8,Sample sizes are justified through a power calculation
DDjama,Participant 12895799,4,9,"Apparatus and materials sections are clear, accurate, and contain correct information"
DDjama,Participant 12895799,3,10,"Procedure section is clear, accurate, and contain correct information."
DDjama,Participant 12895799,3,11,"Result section is overall clear, accurate, and contain correct information"
DDjama,Participant 12895799,4,12,"Figure(s) are clear and appropriate, lack clutter, and have meaningful axis labels and good font sizes"
DDjama,Participant 12895799,3,13,Figure(s) have an appropriate figure legend that is referred to in the main text.
DDjama,Participant 12895799,2,14,"Results section includes appropriate and accurate summary statistics (e.g. means, density plots)"
DDjama,Participant 12895799,3,15,Results section includes appropriate and accurate inferential statistics (Bayesian ANOVA)
DDjama,Participant 12895799,3,17,Discussion correctly and clearly summarises findings
DDjama,Participant 12895799,3,18,Discussion correctly interprets findings
DDjama,Participant 12895799,1,19,Discussion makes appropriate links to previous literature
DDjama,Participant 12895799,2,20,Discussion provides good considerations of the limitations of the current study
DDjama,Participant 12895799,3,21,"Discussion makes a good, sensible suggestion for future work"
DDjama,Participant 12895799,3,22,Discussion concludes appropriately.
DDjama,Participant 12895799,3,23,Overall clarity of writing
DDjama,Participant 12895799,3,24,Overall quality of grammar and spelling
DDjama,Participant 12895799,5,25,Correct formatting of sections and sub-sections
DDjama,Participant 12895799,3,26,Correct usage of APA-formatted citations and references
DDjama,Participant 12895808,3,1,Abstract is clear and accurate
DDjama,Participant 12895808,3,2,Abstract contains correct information
DDjama,Participant 12895808,3,3,Introduction is clear and accurate
DDjama,Participant 12895808,2,4,Introduction gives big-picture overview
DDjama,Participant 12895808,1,5,Introduction outlines specific research area
DDjama,Participant 12895808,2,6,Introduction gives rationale for current experiment
DDjama,Participant 12895808,3,7,"Participant section is clear, accurate, and contain correct information"
DDjama,Participant 12895808,1,8,Sample sizes are justified through a power calculation
DDjama,Participant 12895808,2,9,"Apparatus and materials sections are clear, accurate, and contain correct information"
DDjama,Participant 12895808,4,10,"Procedure section is clear, accurate, and contain correct information."
DDjama,Participant 12895808,3,11,"Result section is overall clear, accurate, and contain correct information"
DDjama,Participant 12895808,3,12,"Figure(s) are clear and appropriate, lack clutter, and have meaningful axis labels and good font sizes"
DDjama,Participant 12895808,2,13,Figure(s) have an appropriate figure legend that is referred to in the main text.
DDjama,Participant 12895808,4,14,"Results section includes appropriate and accurate summary statistics (e.g. means, density plots)"
DDjama,Participant 12895808,3,15,Results section includes appropriate and accurate inferential statistics (Bayesian ANOVA)
DDjama,Participant 12895808,3,17,Discussion correctly and clearly summarises findings
DDjama,Participant 12895808,3,18,Discussion correctly interprets findings
DDjama,Participant 12895808,3,19,Discussion makes appropriate links to previous literature
DDjama,Participant 12895808,2,20,Discussion provides good considerations of the limitations of the current study
DDjama,Participant 12895808,2,21,"Discussion makes a good, sensible suggestion for future work"
DDjama,Participant 12895808,3,22,Discussion concludes appropriately.
DDjama,Participant 12895808,3,23,Overall clarity of writing
DDjama,Participant 12895808,3,24,Overall quality of grammar and spelling
DDjama,Participant 12895808,5,25,Correct formatting of sections and sub-sections
DDjama,Participant 12895808,4,26,Correct usage of APA-formatted citations and references
DDjama,Participant 12895821,5,1,Abstract is clear and accurate
DDjama,Participant 12895821,4,2,Abstract contains correct information
DDjama,Participant 12895821,3,3,Introduction is clear and accurate
DDjama,Participant 12895821,3,4,Introduction gives big-picture overview
DDjama,Participant 12895821,3,5,Introduction outlines specific research area
DDjama,Participant 12895821,3,6,Introduction gives rationale for current experiment
DDjama,Participant 12895821,5,7,"Participant section is clear, accurate, and contain correct information"
DDjama,Participant 12895821,4,8,Sample sizes are justified through a power calculation
DDjama,Participant 12895821,4,9,"Apparatus and materials sections are clear, accurate, and contain correct information"
DDjama,Participant 12895821,4,10,"Procedure section is clear, accurate, and contain correct information."
DDjama,Participant 12895821,4,11,"Result section is overall clear, accurate, and contain correct information"
DDjama,Participant 12895821,4,12,"Figure(s) are clear and appropriate, lack clutter, and have meaningful axis labels and good font sizes"
DDjama,Participant 12895821,5,13,Figure(s) have an appropriate figure legend that is referred to in the main text.
DDjama,Participant 12895821,5,14,"Results section includes appropriate and accurate summary statistics (e.g. means, density plots)"
DDjama,Participant 12895821,3,15,Results section includes appropriate and accurate inferential statistics (Bayesian ANOVA)
DDjama,Participant 12895821,4,17,Discussion correctly and clearly summarises findings
DDjama,Participant 12895821,4,18,Discussion correctly interprets findings
DDjama,Participant 12895821,3,19,Discussion makes appropriate links to previous literature
DDjama,Participant 12895821,4,20,Discussion provides good considerations of the limitations of the current study
DDjama,Participant 12895821,4,21,"Discussion makes a good, sensible suggestion for future work"
DDjama,Participant 12895821,3,22,Discussion concludes appropriately.
DDjama,Participant 12895821,4,23,Overall clarity of writing
DDjama,Participant 12895821,4,24,Overall quality of grammar and spelling
DDjama,Participant 12895821,5,25,Correct formatting of sections and sub-sections
DDjama,Participant 12895821,4,26,Correct usage of APA-formatted citations and references
DDjama,Participant 12895858,4,1,Abstract is clear and accurate
DDjama,Participant 12895858,5,2,Abstract contains correct information
DDjama,Participant 12895858,5,3,Introduction is clear and accurate
DDjama,Participant 12895858,4,4,Introduction gives big-picture overview
DDjama,Participant 12895858,5,5,Introduction outlines specific research area
DDjama,Participant 12895858,4,6,Introduction gives rationale for current experiment
DDjama,Participant 12895858,5,7,"Participant section is clear, accurate, and contain correct information"
DDjama,Participant 12895858,4,8,Sample sizes are justified through a power calculation
DDjama,Participant 12895858,4,9,"Apparatus and materials sections are clear, accurate, and contain correct information"
DDjama,Participant 12895858,5,10,"Procedure section is clear, accurate, and contain correct information."
DDjama,Participant 12895858,5,11,"Result section is overall clear, accurate, and contain correct information"
DDjama,Participant 12895858,5,12,"Figure(s) are clear and appropriate, lack clutter, and have meaningful axis labels and good font sizes"
DDjama,Participant 12895858,4,13,Figure(s) have an appropriate figure legend that is referred to in the main text.
DDjama,Participant 12895858,5,14,"Results section includes appropriate and accurate summary statistics (e.g. means, density plots)"
DDjama,Participant 12895858,4,15,Results section includes appropriate and accurate inferential statistics (Bayesian ANOVA)
DDjama,Participant 12895858,4,17,Discussion correctly and clearly summarises findings
DDjama,Participant 12895858,4,18,Discussion correctly interprets findings
DDjama,Participant 12895858,4,19,Discussion makes appropriate links to previous literature
DDjama,Participant 12895858,5,20,Discussion provides good considerations of the limitations of the current study
DDjama,Participant 12895858,5,21,"Discussion makes a good, sensible suggestion for future work"
DDjama,Participant 12895858,5,22,Discussion concludes appropriately.
DDjama,Participant 12895858,5,23,Overall clarity of writing
DDjama,Participant 12895858,5,24,Overall quality of grammar and spelling
DDjama,Participant 12895858,5,25,Correct formatting of sections and sub-sections
DDjama,Participant 12895858,5,26,Correct usage of APA-formatted citations and references
DDjama,Participant 12895866,4,1,Abstract is clear and accurate
DDjama,Participant 12895866,3,2,Abstract contains correct information
DDjama,Participant 12895866,3,3,Introduction is clear and accurate
DDjama,Participant 12895866,3,4,Introduction gives big-picture overview
DDjama,Participant 12895866,3,5,Introduction outlines specific research area
DDjama,Participant 12895866,2,6,Introduction gives rationale for current experiment
DDjama,Participant 12895866,5,7,"Participant section is clear, accurate, and contain correct information"
DDjama,Participant 12895866,4,8,Sample sizes are justified through a power calculation
DDjama,Participant 12895866,4,9,"Apparatus and materials sections are clear, accurate, and contain correct information"
DDjama,Participant 12895866,4,10,"Procedure section is clear, accurate, and contain correct information."
DDjama,Participant 12895866,3,11,"Result section is overall clear, accurate, and contain correct information"
DDjama,Participant 12895866,4,12,"Figure(s) are clear and appropriate, lack clutter, and have meaningful axis labels and good font sizes"
DDjama,Participant 12895866,3,13,Figure(s) have an appropriate figure legend that is referred to in the main text.
DDjama,Participant 12895866,4,14,"Results section includes appropriate and accurate summary statistics (e.g. means, density plots)"
DDjama,Participant 12895866,4,15,Results section includes appropriate and accurate inferential statistics (Bayesian ANOVA)
DDjama,Participant 12895866,3,17,Discussion correctly and clearly summarises findings
DDjama,Participant 12895866,3,18,Discussion correctly interprets findings
DDjama,Participant 12895866,3,19,Discussion makes appropriate links to previous literature
DDjama,Participant 12895866,4,20,Discussion provides good considerations of the limitations of the current study
DDjama,Participant 12895866,4,21,"Discussion makes a good, sensible suggestion for future work"
DDjama,Participant 12895866,3,22,Discussion concludes appropriately.
DDjama,Participant 12895866,3,23,Overall clarity of writing
DDjama,Participant 12895866,3,24,Overall quality of grammar and spelling
DDjama,Participant 12895866,5,25,Correct formatting of sections and sub-sections
DDjama,Participant 12895866,3,26,Correct usage of APA-formatted citations and references
DDjama,Participant 12895868,3,1,Abstract is clear and accurate
DDjama,Participant 12895868,3,2,Abstract contains correct information
DDjama,Participant 12895868,3,3,Introduction is clear and accurate
DDjama,Participant 12895868,3,4,Introduction gives big-picture overview
DDjama,Participant 12895868,3,5,Introduction outlines specific research area
DDjama,Participant 12895868,2,6,Introduction gives rationale for current experiment
DDjama,Participant 12895868,3,7,"Participant section is clear, accurate, and contain correct information"
DDjama,Participant 12895868,5,8,Sample sizes are justified through a power calculation
DDjama,Participant 12895868,3,9,"Apparatus and materials sections are clear, accurate, and contain correct information"
DDjama,Participant 12895868,2,10,"Procedure section is clear, accurate, and contain correct information."
DDjama,Participant 12895868,3,11,"Result section is overall clear, accurate, and contain correct information"
DDjama,Participant 12895868,4,12,"Figure(s) are clear and appropriate, lack clutter, and have meaningful axis labels and good font sizes"
DDjama,Participant 12895868,3,13,Figure(s) have an appropriate figure legend that is referred to in the main text.
DDjama,Participant 12895868,4,14,"Results section includes appropriate and accurate summary statistics (e.g. means, density plots)"
DDjama,Participant 12895868,3,15,Results section includes appropriate and accurate inferential statistics (Bayesian ANOVA)
DDjama,Participant 12895868,3,17,Discussion correctly and clearly summarises findings
DDjama,Participant 12895868,3,18,Discussion correctly interprets findings
DDjama,Participant 12895868,2,19,Discussion makes appropriate links to previous literature
DDjama,Participant 12895868,3,20,Discussion provides good considerations of the limitations of the current study
DDjama,Participant 12895868,2,21,"Discussion makes a good, sensible suggestion for future work"
DDjama,Participant 12895868,3,22,Discussion concludes appropriately.
DDjama,Participant 12895868,3,23,Overall clarity of writing
DDjama,Participant 12895868,3,24,Overall quality of grammar and spelling
DDjama,Participant 12895868,5,25,Correct formatting of sections and sub-sections
DDjama,Participant 12895868,3,26,Correct usage of APA-formatted citations and references
DDjama,Participant 12895877,4,1,Abstract is clear and accurate
DDjama,Participant 12895877,4,2,Abstract contains correct information
DDjama,Participant 12895877,3,3,Introduction is clear and accurate
DDjama,Participant 12895877,2,4,Introduction gives big-picture overview
DDjama,Participant 12895877,3,5,Introduction outlines specific research area
DDjama,Participant 12895877,2,6,Introduction gives rationale for current experiment
DDjama,Participant 12895877,3,7,"Participant section is clear, accurate, and contain correct information"
DDjama,Participant 12895877,1,8,Sample sizes are justified through a power calculation
DDjama,Participant 12895877,4,9,"Apparatus and materials sections are clear, accurate, and contain correct information"
DDjama,Participant 12895877,3,10,"Procedure section is clear, accurate, and contain correct information."
DDjama,Participant 12895877,3,11,"Result section is overall clear, accurate, and contain correct information"
DDjama,Participant 12895877,3,12,"Figure(s) are clear and appropriate, lack clutter, and have meaningful axis labels and good font sizes"
DDjama,Participant 12895877,2,13,Figure(s) have an appropriate figure legend that is referred to in the main text.
DDjama,Participant 12895877,4,14,"Results section includes appropriate and accurate summary statistics (e.g. means, density plots)"
DDjama,Participant 12895877,3,15,Results section includes appropriate and accurate inferential statistics (Bayesian ANOVA)
DDjama,Participant 12895877,2,17,Discussion correctly and clearly summarises findings
DDjama,Participant 12895877,3,18,Discussion correctly interprets findings
DDjama,Participant 12895877,3,19,Discussion makes appropriate links to previous literature
DDjama,Participant 12895877,1,20,Discussion provides good considerations of the limitations of the current study
DDjama,Participant 12895877,4,21,"Discussion makes a good, sensible suggestion for future work"
DDjama,Participant 12895877,3,22,Discussion concludes appropriately.
DDjama,Participant 12895877,3,23,Overall clarity of writing
DDjama,Participant 12895877,4,24,Overall quality of grammar and spelling
DDjama,Participant 12895877,4,25,Correct formatting of sections and sub-sections
DDjama,Participant 12895877,3,26,Correct usage of APA-formatted citations and references
DDjama,Participant 12895892,4,1,Abstract is clear and accurate
DDjama,Participant 12895892,4,2,Abstract contains correct information
DDjama,Participant 12895892,4,3,Introduction is clear and accurate
DDjama,Participant 12895892,3,4,Introduction gives big-picture overview
DDjama,Participant 12895892,4,5,Introduction outlines specific research area
DDjama,Participant 12895892,3,6,Introduction gives rationale for current experiment
DDjama,Participant 12895892,5,7,"Participant section is clear, accurate, and contain correct information"
DDjama,Participant 12895892,4,8,Sample sizes are justified through a power calculation
DDjama,Participant 12895892,5,9,"Apparatus and materials sections are clear, accurate, and contain correct information"
DDjama,Participant 12895892,4,10,"Procedure section is clear, accurate, and contain correct information."
DDjama,Participant 12895892,4,11,"Result section is overall clear, accurate, and contain correct information"
DDjama,Participant 12895892,4,12,"Figure(s) are clear and appropriate, lack clutter, and have meaningful axis labels and good font sizes"
DDjama,Participant 12895892,5,13,Figure(s) have an appropriate figure legend that is referred to in the main text.
DDjama,Participant 12895892,5,14,"Results section includes appropriate and accurate summary statistics (e.g. means, density plots)"
DDjama,Participant 12895892,4,15,Results section includes appropriate and accurate inferential statistics (Bayesian ANOVA)
DDjama,Participant 12895892,5,17,Discussion correctly and clearly summarises findings
DDjama,Participant 12895892,4,18,Discussion correctly interprets findings
DDjama,Participant 12895892,4,19,Discussion makes appropriate links to previous literature
DDjama,Participant 12895892,5,20,Discussion provides good considerations of the limitations of the current study
DDjama,Participant 12895892,2,21,"Discussion makes a good, sensible suggestion for future work"
DDjama,Participant 12895892,4,22,Discussion concludes appropriately.
DDjama,Participant 12895892,4,23,Overall clarity of writing
DDjama,Participant 12895892,5,24,Overall quality of grammar and spelling
DDjama,Participant 12895892,5,25,Correct formatting of sections and sub-sections
DDjama,Participant 12895892,4,26,Correct usage of APA-formatted citations and references
DDjama,Participant 12895917,3,1,Abstract is clear and accurate
DDjama,Participant 12895917,3,2,Abstract contains correct information
DDjama,Participant 12895917,3,3,Introduction is clear and accurate
DDjama,Participant 12895917,3,4,Introduction gives big-picture overview
DDjama,Participant 12895917,3,5,Introduction outlines specific research area
DDjama,Participant 12895917,2,6,Introduction gives rationale for current experiment
DDjama,Participant 12895917,3,7,"Participant section is clear, accurate, and contain correct information"
DDjama,Participant 12895917,5,8,Sample sizes are justified through a power calculation
DDjama,Participant 12895917,3,9,"Apparatus and materials sections are clear, accurate, and contain correct information"
DDjama,Participant 12895917,3,10,"Procedure section is clear, accurate, and contain correct information."
DDjama,Participant 12895917,3,11,"Result section is overall clear, accurate, and contain correct information"
DDjama,Participant 12895917,4,12,"Figure(s) are clear and appropriate, lack clutter, and have meaningful axis labels and good font sizes"
DDjama,Participant 12895917,4,13,Figure(s) have an appropriate figure legend that is referred to in the main text.
DDjama,Participant 12895917,5,14,"Results section includes appropriate and accurate summary statistics (e.g. means, density plots)"
DDjama,Participant 12895917,3,15,Results section includes appropriate and accurate inferential statistics (Bayesian ANOVA)
DDjama,Participant 12895917,3,17,Discussion correctly and clearly summarises findings
DDjama,Participant 12895917,3,18,Discussion correctly interprets findings
DDjama,Participant 12895917,3,19,Discussion makes appropriate links to previous literature
DDjama,Participant 12895917,4,20,Discussion provides good considerations of the limitations of the current study
DDjama,Participant 12895917,3,21,"Discussion makes a good, sensible suggestion for future work"
DDjama,Participant 12895917,4,22,Discussion concludes appropriately.
DDjama,Participant 12895917,4,23,Overall clarity of writing
DDjama,Participant 12895917,4,24,Overall quality of grammar and spelling
DDjama,Participant 12895917,5,25,Correct formatting of sections and sub-sections
DDjama,Participant 12895917,4,26,Correct usage of APA-formatted citations and references
DDjama,Participant 12895929,4,1,Abstract is clear and accurate
DDjama,Participant 12895929,4,2,Abstract contains correct information
DDjama,Participant 12895929,3,3,Introduction is clear and accurate
DDjama,Participant 12895929,3,4,Introduction gives big-picture overview
DDjama,Participant 12895929,3,5,Introduction outlines specific research area
DDjama,Participant 12895929,2,6,Introduction gives rationale for current experiment
DDjama,Participant 12895929,2,7,"Participant section is clear, accurate, and contain correct information"
DDjama,Participant 12895929,1,8,Sample sizes are justified through a power calculation
DDjama,Participant 12895929,3,9,"Apparatus and materials sections are clear, accurate, and contain correct information"
DDjama,Participant 12895929,2,10,"Procedure section is clear, accurate, and contain correct information."
DDjama,Participant 12895929,3,11,"Result section is overall clear, accurate, and contain correct information"
DDjama,Participant 12895929,5,12,"Figure(s) are clear and appropriate, lack clutter, and have meaningful axis labels and good font sizes"
DDjama,Participant 12895929,3,13,Figure(s) have an appropriate figure legend that is referred to in the main text.
DDjama,Participant 12895929,2,14,"Results section includes appropriate and accurate summary statistics (e.g. means, density plots)"
DDjama,Participant 12895929,3,15,Results section includes appropriate and accurate inferential statistics (Bayesian ANOVA)
DDjama,Participant 12895929,3,17,Discussion correctly and clearly summarises findings
DDjama,Participant 12895929,3,18,Discussion correctly interprets findings
DDjama,Participant 12895929,3,19,Discussion makes appropriate links to previous literature
DDjama,Participant 12895929,3,20,Discussion provides good considerations of the limitations of the current study
DDjama,Participant 12895929,3,21,"Discussion makes a good, sensible suggestion for future work"
DDjama,Participant 12895929,4,22,Discussion concludes appropriately.
DDjama,Participant 12895929,3,23,Overall clarity of writing
DDjama,Participant 12895929,4,24,Overall quality of grammar and spelling
DDjama,Participant 12895929,3,25,Correct formatting of sections and sub-sections
DDjama,Participant 12895929,3,26,Correct usage of APA-formatted citations and references
DDjama,Participant 12895946,4,1,Abstract is clear and accurate
DDjama,Participant 12895946,4,2,Abstract contains correct information
DDjama,Participant 12895946,4,3,Introduction is clear and accurate
DDjama,Participant 12895946,3,4,Introduction gives big-picture overview
DDjama,Participant 12895946,5,5,Introduction outlines specific research area
DDjama,Participant 12895946,4,6,Introduction gives rationale for current experiment
DDjama,Participant 12895946,5,7,"Participant section is clear, accurate, and contain correct information"
DDjama,Participant 12895946,5,8,Sample sizes are justified through a power calculation
DDjama,Participant 12895946,3,9,"Apparatus and materials sections are clear, accurate, and contain correct information"
DDjama,Participant 12895946,3,10,"Procedure section is clear, accurate, and contain correct information."
DDjama,Participant 12895946,4,11,"Result section is overall clear, accurate, and contain correct information"
DDjama,Participant 12895946,5,12,"Figure(s) are clear and appropriate, lack clutter, and have meaningful axis labels and good font sizes"
DDjama,Participant 12895946,5,13,Figure(s) have an appropriate figure legend that is referred to in the main text.
DDjama,Participant 12895946,4,14,"Results section includes appropriate and accurate summary statistics (e.g. means, density plots)"
DDjama,Participant 12895946,4,15,Results section includes appropriate and accurate inferential statistics (Bayesian ANOVA)
DDjama,Participant 12895946,4,17,Discussion correctly and clearly summarises findings
DDjama,Participant 12895946,4,18,Discussion correctly interprets findings
DDjama,Participant 12895946,4,19,Discussion makes appropriate links to previous literature
DDjama,Participant 12895946,2,20,Discussion provides good considerations of the limitations of the current study
DDjama,Participant 12895946,3,21,"Discussion makes a good, sensible suggestion for future work"
DDjama,Participant 12895946,3,22,Discussion concludes appropriately.
DDjama,Participant 12895946,4,23,Overall clarity of writing
DDjama,Participant 12895946,4,24,Overall quality of grammar and spelling
DDjama,Participant 12895946,5,25,Correct formatting of sections and sub-sections
DDjama,Participant 12895946,4,26,Correct usage of APA-formatted citations and references
DDjama,Participant 12895959,3,1,Abstract is clear and accurate
DDjama,Participant 12895959,3,2,Abstract contains correct information
DDjama,Participant 12895959,3,3,Introduction is clear and accurate
DDjama,Participant 12895959,4,4,Introduction gives big-picture overview
DDjama,Participant 12895959,4,5,Introduction outlines specific research area
DDjama,Participant 12895959,3,6,Introduction gives rationale for current experiment
DDjama,Participant 12895959,4,7,"Participant section is clear, accurate, and contain correct information"
DDjama,Participant 12895959,1,8,Sample sizes are justified through a power calculation
DDjama,Participant 12895959,3,9,"Apparatus and materials sections are clear, accurate, and contain correct information"
DDjama,Participant 12895959,4,10,"Procedure section is clear, accurate, and contain correct information."
DDjama,Participant 12895959,3,11,"Result section is overall clear, accurate, and contain correct information"
DDjama,Participant 12895959,4,12,"Figure(s) are clear and appropriate, lack clutter, and have meaningful axis labels and good font sizes"
DDjama,Participant 12895959,4,13,Figure(s) have an appropriate figure legend that is referred to in the main text.
DDjama,Participant 12895959,3,14,"Results section includes appropriate and accurate summary statistics (e.g. means, density plots)"
DDjama,Participant 12895959,3,15,Results section includes appropriate and accurate inferential statistics (Bayesian ANOVA)
DDjama,Participant 12895959,3,17,Discussion correctly and clearly summarises findings
DDjama,Participant 12895959,4,18,Discussion correctly interprets findings
DDjama,Participant 12895959,4,19,Discussion makes appropriate links to previous literature
DDjama,Participant 12895959,3,20,Discussion provides good considerations of the limitations of the current study
DDjama,Participant 12895959,3,21,"Discussion makes a good, sensible suggestion for future work"
DDjama,Participant 12895959,3,22,Discussion concludes appropriately.
DDjama,Participant 12895959,2,23,Overall clarity of writing
DDjama,Participant 12895959,3,24,Overall quality of grammar and spelling
DDjama,Participant 12895959,5,25,Correct formatting of sections and sub-sections
DDjama,Participant 12895959,4,26,Correct usage of APA-formatted citations and references
DDjama,Participant 12895962,3,1,Abstract is clear and accurate
DDjama,Participant 12895962,4,2,Abstract contains correct information
DDjama,Participant 12895962,4,3,Introduction is clear and accurate
DDjama,Participant 12895962,4,4,Introduction gives big-picture overview
DDjama,Participant 12895962,5,5,Introduction outlines specific research area
DDjama,Participant 12895962,4,6,Introduction gives rationale for current experiment
DDjama,Participant 12895962,4,7,"Participant section is clear, accurate, and contain correct information"
DDjama,Participant 12895962,5,8,Sample sizes are justified through a power calculation
DDjama,Participant 12895962,3,9,"Apparatus and materials sections are clear, accurate, and contain correct information"
DDjama,Participant 12895962,4,10,"Procedure section is clear, accurate, and contain correct information."
DDjama,Participant 12895962,4,11,"Result section is overall clear, accurate, and contain correct information"
DDjama,Participant 12895962,5,12,"Figure(s) are clear and appropriate, lack clutter, and have meaningful axis labels and good font sizes"
DDjama,Participant 12895962,5,13,Figure(s) have an appropriate figure legend that is referred to in the main text.
DDjama,Participant 12895962,5,14,"Results section includes appropriate and accurate summary statistics (e.g. means, density plots)"
DDjama,Participant 12895962,4,15,Results section includes appropriate and accurate inferential statistics (Bayesian ANOVA)
DDjama,Participant 12895962,3,17,Discussion correctly and clearly summarises findings
DDjama,Participant 12895962,3,18,Discussion correctly interprets findings
DDjama,Participant 12895962,3,19,Discussion makes appropriate links to previous literature
DDjama,Participant 12895962,3,20,Discussion provides good considerations of the limitations of the current study
DDjama,Participant 12895962,4,21,"Discussion makes a good, sensible suggestion for future work"
DDjama,Participant 12895962,3,22,Discussion concludes appropriately.
DDjama,Participant 12895962,3,23,Overall clarity of writing
DDjama,Participant 12895962,4,24,Overall quality of grammar and spelling
DDjama,Participant 12895962,5,25,Correct formatting of sections and sub-sections
DDjama,Participant 12895962,4,26,Correct usage of APA-formatted citations and references
DDjama,Participant 12895965,4,1,Abstract is clear and accurate
DDjama,Participant 12895965,3,2,Abstract contains correct information
DDjama,Participant 12895965,3,3,Introduction is clear and accurate
DDjama,Participant 12895965,4,4,Introduction gives big-picture overview
DDjama,Participant 12895965,3,5,Introduction outlines specific research area
DDjama,Participant 12895965,2,6,Introduction gives rationale for current experiment
DDjama,Participant 12895965,3,7,"Participant section is clear, accurate, and contain correct information"
DDjama,Participant 12895965,1,8,Sample sizes are justified through a power calculation
DDjama,Participant 12895965,3,9,"Apparatus and materials sections are clear, accurate, and contain correct information"
DDjama,Participant 12895965,3,10,"Procedure section is clear, accurate, and contain correct information."
DDjama,Participant 12895965,4,11,"Result section is overall clear, accurate, and contain correct information"
DDjama,Participant 12895965,4,12,"Figure(s) are clear and appropriate, lack clutter, and have meaningful axis labels and good font sizes"
DDjama,Participant 12895965,3,13,Figure(s) have an appropriate figure legend that is referred to in the main text.
DDjama,Participant 12895965,5,14,"Results section includes appropriate and accurate summary statistics (e.g. means, density plots)"
DDjama,Participant 12895965,3,15,Results section includes appropriate and accurate inferential statistics (Bayesian ANOVA)
DDjama,Participant 12895965,3,17,Discussion correctly and clearly summarises findings
DDjama,Participant 12895965,3,18,Discussion correctly interprets findings
DDjama,Participant 12895965,2,19,Discussion makes appropriate links to previous literature
DDjama,Participant 12895965,2,20,Discussion provides good considerations of the limitations of the current study
DDjama,Participant 12895965,2,21,"Discussion makes a good, sensible suggestion for future work"
DDjama,Participant 12895965,1,22,Discussion concludes appropriately.
DDjama,Participant 12895965,3,23,Overall clarity of writing
DDjama,Participant 12895965,4,24,Overall quality of grammar and spelling
DDjama,Participant 12895965,5,25,Correct formatting of sections and sub-sections
DDjama,Participant 12895965,4,26,Correct usage of APA-formatted citations and references
DDjama,Participant 12895971,3,1,Abstract is clear and accurate
DDjama,Participant 12895971,3,2,Abstract contains correct information
DDjama,Participant 12895971,3,3,Introduction is clear and accurate
DDjama,Participant 12895971,3,4,Introduction gives big-picture overview
DDjama,Participant 12895971,3,5,Introduction outlines specific research area
DDjama,Participant 12895971,2,6,Introduction gives rationale for current experiment
DDjama,Participant 12895971,4,7,"Participant section is clear, accurate, and contain correct information"
DDjama,Participant 12895971,3,8,Sample sizes are justified through a power calculation
DDjama,Participant 12895971,4,9,"Apparatus and materials sections are clear, accurate, and contain correct information"
DDjama,Participant 12895971,4,10,"Procedure section is clear, accurate, and contain correct information."
DDjama,Participant 12895971,3,11,"Result section is overall clear, accurate, and contain correct information"
DDjama,Participant 12895971,4,12,"Figure(s) are clear and appropriate, lack clutter, and have meaningful axis labels and good font sizes"
DDjama,Participant 12895971,3,13,Figure(s) have an appropriate figure legend that is referred to in the main text.
DDjama,Participant 12895971,2,14,"Results section includes appropriate and accurate summary statistics (e.g. means, density plots)"
DDjama,Participant 12895971,3,15,Results section includes appropriate and accurate inferential statistics (Bayesian ANOVA)
DDjama,Participant 12895971,3,17,Discussion correctly and clearly summarises findings
DDjama,Participant 12895971,4,18,Discussion correctly interprets findings
DDjama,Participant 12895971,3,19,Discussion makes appropriate links to previous literature
DDjama,Participant 12895971,3,20,Discussion provides good considerations of the limitations of the current study
DDjama,Participant 12895971,4,21,"Discussion makes a good, sensible suggestion for future work"
DDjama,Participant 12895971,3,22,Discussion concludes appropriately.
DDjama,Participant 12895971,4,23,Overall clarity of writing
DDjama,Participant 12895971,4,24,Overall quality of grammar and spelling
DDjama,Participant 12895971,4,25,Correct formatting of sections and sub-sections
DDjama,Participant 12895971,4,26,Correct usage of APA-formatted citations and references
DDjama,Participant 12895948,4,1,Abstract is clear and accurate
DDjama,Participant 12895948,3,2,Abstract contains correct information
DDjama,Participant 12895948,3,3,Introduction is clear and accurate
DDjama,Participant 12895948,4,4,Introduction gives big-picture overview
DDjama,Participant 12895948,3,5,Introduction outlines specific research area
DDjama,Participant 12895948,3,6,Introduction gives rationale for current experiment
DDjama,Participant 12895948,2,7,"Participant section is clear, accurate, and contain correct information"
DDjama,Participant 12895948,1,8,Sample sizes are justified through a power calculation
DDjama,Participant 12895948,3,9,"Apparatus and materials sections are clear, accurate, and contain correct information"
DDjama,Participant 12895948,2,10,"Procedure section is clear, accurate, and contain correct information."
DDjama,Participant 12895948,3,11,"Result section is overall clear, accurate, and contain correct information"
DDjama,Participant 12895948,5,12,"Figure(s) are clear and appropriate, lack clutter, and have meaningful axis labels and good font sizes"
DDjama,Participant 12895948,2,13,Figure(s) have an appropriate figure legend that is referred to in the main text.
DDjama,Participant 12895948,1,14,"Results section includes appropriate and accurate summary statistics (e.g. means, density plots)"
DDjama,Participant 12895948,3,15,Results section includes appropriate and accurate inferential statistics (Bayesian ANOVA)
DDjama,Participant 12895948,3,17,Discussion correctly and clearly summarises findings
DDjama,Participant 12895948,4,18,Discussion correctly interprets findings
DDjama,Participant 12895948,2,19,Discussion makes appropriate links to previous literature
DDjama,Participant 12895948,3,20,Discussion provides good considerations of the limitations of the current study
DDjama,Participant 12895948,4,21,"Discussion makes a good, sensible suggestion for future work"
DDjama,Participant 12895948,4,22,Discussion concludes appropriately.
DDjama,Participant 12895948,4,23,Overall clarity of writing
DDjama,Participant 12895948,4,24,Overall quality of grammar and spelling
DDjama,Participant 12895948,3,25,Correct formatting of sections and sub-sections
DDjama,Participant 12895948,3,26,Correct usage of APA-formatted citations and references
DGraham,Participant 12895813,4,1,Abstract is clear and accurate
DGraham,Participant 12895813,4,2,Abstract contains correct information
DGraham,Participant 12895813,4,3,Introduction is clear and accurate
DGraham,Participant 12895813,3,4,Introduction gives big-picture overview
DGraham,Participant 12895813,4,5,Introduction outlines specific research area
DGraham,Participant 12895813,5,6,Introduction gives rationale for current experiment
DGraham,Participant 12895813,4,7,"Participant section is clear, accurate, and contain correct information"
DGraham,Participant 12895813,3,8,Sample sizes are justified through a power calculation
DGraham,Participant 12895813,3,9,"Apparatus and materials sections are clear, accurate, and contain correct information"
DGraham,Participant 12895813,3,10,"Procedure section is clear, accurate, and contain correct information."
DGraham,Participant 12895813,4,11,"Result section is overall clear, accurate, and contain correct information"
DGraham,Participant 12895813,4,12,"Figure(s) are clear and appropriate, lack clutter, and have meaningful axis labels and good font sizes"
DGraham,Participant 12895813,3,13,Figure(s) have an appropriate figure legend that is referred to in the main text.
DGraham,Participant 12895813,4,14,"Results section includes appropriate and accurate summary statistics (e.g. means, density plots)"
DGraham,Participant 12895813,4,15,Results section includes appropriate and accurate inferential statistics (Bayesian ANOVA)
DGraham,Participant 12895813,4,17,Discussion correctly and clearly summarises findings
DGraham,Participant 12895813,5,18,Discussion correctly interprets findings
DGraham,Participant 12895813,4,19,Discussion makes appropriate links to previous literature
DGraham,Participant 12895813,3,20,Discussion provides good considerations of the limitations of the current study
DGraham,Participant 12895813,3,21,"Discussion makes a good, sensible suggestion for future work"
DGraham,Participant 12895813,3,22,Discussion concludes appropriately.
DGraham,Participant 12895813,3,23,Overall clarity of writing
DGraham,Participant 12895813,4,24,Overall quality of grammar and spelling
DGraham,Participant 12895813,4,25,Correct formatting of sections and sub-sections
DGraham,Participant 12895813,3,26,Correct usage of APA-formatted citations and references
DGraham,Participant 12895910,3,1,Abstract is clear and accurate
DGraham,Participant 12895910,4,2,Abstract contains correct information
DGraham,Participant 12895910,4,3,Introduction is clear and accurate
DGraham,Participant 12895910,5,4,Introduction gives big-picture overview
DGraham,Participant 12895910,5,5,Introduction outlines specific research area
DGraham,Participant 12895910,4,6,Introduction gives rationale for current experiment
DGraham,Participant 12895910,4,7,"Participant section is clear, accurate, and contain correct information"
DGraham,Participant 12895910,3,8,Sample sizes are justified through a power calculation
DGraham,Participant 12895910,4,9,"Apparatus and materials sections are clear, accurate, and contain correct information"
DGraham,Participant 12895910,5,10,"Procedure section is clear, accurate, and contain correct information."
DGraham,Participant 12895910,4,11,"Result section is overall clear, accurate, and contain correct information"
DGraham,Participant 12895910,4,12,"Figure(s) are clear and appropriate, lack clutter, and have meaningful axis labels and good font sizes"
DGraham,Participant 12895910,4,13,Figure(s) have an appropriate figure legend that is referred to in the main text.
DGraham,Participant 12895910,5,14,"Results section includes appropriate and accurate summary statistics (e.g. means, density plots)"
DGraham,Participant 12895910,5,15,Results section includes appropriate and accurate inferential statistics (Bayesian ANOVA)
DGraham,Participant 12895910,4,17,Discussion correctly and clearly summarises findings
DGraham,Participant 12895910,5,18,Discussion correctly interprets findings
DGraham,Participant 12895910,4,19,Discussion makes appropriate links to previous literature
DGraham,Participant 12895910,4,20,Discussion provides good considerations of the limitations of the current study
DGraham,Participant 12895910,3,21,"Discussion makes a good, sensible suggestion for future work"
DGraham,Participant 12895910,3,22,Discussion concludes appropriately.
DGraham,Participant 12895910,4,23,Overall clarity of writing
DGraham,Participant 12895910,4,24,Overall quality of grammar and spelling
DGraham,Participant 12895910,4,25,Correct formatting of sections and sub-sections
DGraham,Participant 12895910,5,26,Correct usage of APA-formatted citations and references
DGraham,Participant 12895702,3,1,Abstract is clear and accurate
DGraham,Participant 12895702,4,2,Abstract contains correct information
DGraham,Participant 12895702,3,3,Introduction is clear and accurate
DGraham,Participant 12895702,3,4,Introduction gives big-picture overview
DGraham,Participant 12895702,2,5,Introduction outlines specific research area
DGraham,Participant 12895702,3,6,Introduction gives rationale for current experiment
DGraham,Participant 12895702,2,7,"Participant section is clear, accurate, and contain correct information"
DGraham,Participant 12895702,3,8,Sample sizes are justified through a power calculation
DGraham,Participant 12895702,1,9,"Apparatus and materials sections are clear, accurate, and contain correct information"
DGraham,Participant 12895702,2,10,"Procedure section is clear, accurate, and contain correct information."
DGraham,Participant 12895702,3,11,"Result section is overall clear, accurate, and contain correct information"
DGraham,Participant 12895702,3,12,"Figure(s) are clear and appropriate, lack clutter, and have meaningful axis labels and good font sizes"
DGraham,Participant 12895702,2,13,Figure(s) have an appropriate figure legend that is referred to in the main text.
DGraham,Participant 12895702,4,14,"Results section includes appropriate and accurate summary statistics (e.g. means, density plots)"
DGraham,Participant 12895702,4,15,Results section includes appropriate and accurate inferential statistics (Bayesian ANOVA)
DGraham,Participant 12895702,2,17,Discussion correctly and clearly summarises findings
DGraham,Participant 12895702,2,18,Discussion correctly interprets findings
DGraham,Participant 12895702,3,19,Discussion makes appropriate links to previous literature
DGraham,Participant 12895702,3,20,Discussion provides good considerations of the limitations of the current study
DGraham,Participant 12895702,2,21,"Discussion makes a good, sensible suggestion for future work"
DGraham,Participant 12895702,2,22,Discussion concludes appropriately.
DGraham,Participant 12895702,3,23,Overall clarity of writing
DGraham,Participant 12895702,4,24,Overall quality of grammar and spelling
DGraham,Participant 12895702,4,25,Correct formatting of sections and sub-sections
DGraham,Participant 12895702,3,26,Correct usage of APA-formatted citations and references
DGraham,Participant 12895703,3,1,Abstract is clear and accurate
DGraham,Participant 12895703,3,2,Abstract contains correct information
DGraham,Participant 12895703,2,3,Introduction is clear and accurate
DGraham,Participant 12895703,2,4,Introduction gives big-picture overview
DGraham,Participant 12895703,3,5,Introduction outlines specific research area
DGraham,Participant 12895703,3,6,Introduction gives rationale for current experiment
DGraham,Participant 12895703,1,7,"Participant section is clear, accurate, and contain correct information"
DGraham,Participant 12895703,1,8,Sample sizes are justified through a power calculation
DGraham,Participant 12895703,2,9,"Apparatus and materials sections are clear, accurate, and contain correct information"
DGraham,Participant 12895703,3,10,"Procedure section is clear, accurate, and contain correct information."
DGraham,Participant 12895703,3,11,"Result section is overall clear, accurate, and contain correct information"
DGraham,Participant 12895703,3,12,"Figure(s) are clear and appropriate, lack clutter, and have meaningful axis labels and good font sizes"
DGraham,Participant 12895703,3,13,Figure(s) have an appropriate figure legend that is referred to in the main text.
DGraham,Participant 12895703,3,14,"Results section includes appropriate and accurate summary statistics (e.g. means, density plots)"
DGraham,Participant 12895703,4,15,Results section includes appropriate and accurate inferential statistics (Bayesian ANOVA)
DGraham,Participant 12895703,2,17,Discussion correctly and clearly summarises findings
DGraham,Participant 12895703,3,18,Discussion correctly interprets findings
DGraham,Participant 12895703,2,19,Discussion makes appropriate links to previous literature
DGraham,Participant 12895703,3,20,Discussion provides good considerations of the limitations of the current study
DGraham,Participant 12895703,3,21,"Discussion makes a good, sensible suggestion for future work"
DGraham,Participant 12895703,4,22,Discussion concludes appropriately.
DGraham,Participant 12895703,3,23,Overall clarity of writing
DGraham,Participant 12895703,4,24,Overall quality of grammar and spelling
DGraham,Participant 12895703,2,25,Correct formatting of sections and sub-sections
DGraham,Participant 12895703,3,26,Correct usage of APA-formatted citations and references
DGraham,Participant 12895727,3,1,Abstract is clear and accurate
DGraham,Participant 12895727,3,2,Abstract contains correct information
DGraham,Participant 12895727,3,3,Introduction is clear and accurate
DGraham,Participant 12895727,3,4,Introduction gives big-picture overview
DGraham,Participant 12895727,3,5,Introduction outlines specific research area
DGraham,Participant 12895727,3,6,Introduction gives rationale for current experiment
DGraham,Participant 12895727,4,7,"Participant section is clear, accurate, and contain correct information"
DGraham,Participant 12895727,3,8,Sample sizes are justified through a power calculation
DGraham,Participant 12895727,4,9,"Apparatus and materials sections are clear, accurate, and contain correct information"
DGraham,Participant 12895727,3,10,"Procedure section is clear, accurate, and contain correct information."
DGraham,Participant 12895727,2,11,"Result section is overall clear, accurate, and contain correct information"
DGraham,Participant 12895727,4,12,"Figure(s) are clear and appropriate, lack clutter, and have meaningful axis labels and good font sizes"
DGraham,Participant 12895727,3,13,Figure(s) have an appropriate figure legend that is referred to in the main text.
DGraham,Participant 12895727,3,14,"Results section includes appropriate and accurate summary statistics (e.g. means, density plots)"
DGraham,Participant 12895727,2,15,Results section includes appropriate and accurate inferential statistics (Bayesian ANOVA)
DGraham,Participant 12895727,3,17,Discussion correctly and clearly summarises findings
DGraham,Participant 12895727,2,18,Discussion correctly interprets findings
DGraham,Participant 12895727,2,19,Discussion makes appropriate links to previous literature
DGraham,Participant 12895727,2,20,Discussion provides good considerations of the limitations of the current study
DGraham,Participant 12895727,3,21,"Discussion makes a good, sensible suggestion for future work"
DGraham,Participant 12895727,3,22,Discussion concludes appropriately.
DGraham,Participant 12895727,4,23,Overall clarity of writing
DGraham,Participant 12895727,4,24,Overall quality of grammar and spelling
DGraham,Participant 12895727,3,25,Correct formatting of sections and sub-sections
DGraham,Participant 12895727,3,26,Correct usage of APA-formatted citations and references
DGraham,Participant 12895742,4,1,Abstract is clear and accurate
DGraham,Participant 12895742,4,2,Abstract contains correct information
DGraham,Participant 12895742,4,3,Introduction is clear and accurate
DGraham,Participant 12895742,5,4,Introduction gives big-picture overview
DGraham,Participant 12895742,4,5,Introduction outlines specific research area
DGraham,Participant 12895742,3,6,Introduction gives rationale for current experiment
DGraham,Participant 12895742,3,7,"Participant section is clear, accurate, and contain correct information"
DGraham,Participant 12895742,2,8,Sample sizes are justified through a power calculation
DGraham,Participant 12895742,3,9,"Apparatus and materials sections are clear, accurate, and contain correct information"
DGraham,Participant 12895742,4,10,"Procedure section is clear, accurate, and contain correct information."
DGraham,Participant 12895742,3,11,"Result section is overall clear, accurate, and contain correct information"
DGraham,Participant 12895742,3,12,"Figure(s) are clear and appropriate, lack clutter, and have meaningful axis labels and good font sizes"
DGraham,Participant 12895742,3,13,Figure(s) have an appropriate figure legend that is referred to in the main text.
DGraham,Participant 12895742,4,14,"Results section includes appropriate and accurate summary statistics (e.g. means, density plots)"
DGraham,Participant 12895742,4,15,Results section includes appropriate and accurate inferential statistics (Bayesian ANOVA)
DGraham,Participant 12895742,4,17,Discussion correctly and clearly summarises findings
DGraham,Participant 12895742,4,18,Discussion correctly interprets findings
DGraham,Participant 12895742,4,19,Discussion makes appropriate links to previous literature
DGraham,Participant 12895742,3,20,Discussion provides good considerations of the limitations of the current study
DGraham,Participant 12895742,3,21,"Discussion makes a good, sensible suggestion for future work"
DGraham,Participant 12895742,4,22,Discussion concludes appropriately.
DGraham,Participant 12895742,4,23,Overall clarity of writing
DGraham,Participant 12895742,4,24,Overall quality of grammar and spelling
DGraham,Participant 12895742,5,25,Correct formatting of sections and sub-sections
DGraham,Participant 12895742,4,26,Correct usage of APA-formatted citations and references
DGraham,Participant 12895760,3,1,Abstract is clear and accurate
DGraham,Participant 12895760,4,2,Abstract contains correct information
DGraham,Participant 12895760,4,3,Introduction is clear and accurate
DGraham,Participant 12895760,5,4,Introduction gives big-picture overview
DGraham,Participant 12895760,3,5,Introduction outlines specific research area
DGraham,Participant 12895760,3,6,Introduction gives rationale for current experiment
DGraham,Participant 12895760,4,7,"Participant section is clear, accurate, and contain correct information"
DGraham,Participant 12895760,3,8,Sample sizes are justified through a power calculation
DGraham,Participant 12895760,4,9,"Apparatus and materials sections are clear, accurate, and contain correct information"
DGraham,Participant 12895760,4,10,"Procedure section is clear, accurate, and contain correct information."
DGraham,Participant 12895760,4,11,"Result section is overall clear, accurate, and contain correct information"
DGraham,Participant 12895760,3,12,"Figure(s) are clear and appropriate, lack clutter, and have meaningful axis labels and good font sizes"
DGraham,Participant 12895760,3,13,Figure(s) have an appropriate figure legend that is referred to in the main text.
DGraham,Participant 12895760,5,14,"Results section includes appropriate and accurate summary statistics (e.g. means, density plots)"
DGraham,Participant 12895760,4,15,Results section includes appropriate and accurate inferential statistics (Bayesian ANOVA)
DGraham,Participant 12895760,4,17,Discussion correctly and clearly summarises findings
DGraham,Participant 12895760,5,18,Discussion correctly interprets findings
DGraham,Participant 12895760,3,19,Discussion makes appropriate links to previous literature
DGraham,Participant 12895760,3,20,Discussion provides good considerations of the limitations of the current study
DGraham,Participant 12895760,3,21,"Discussion makes a good, sensible suggestion for future work"
DGraham,Participant 12895760,4,22,Discussion concludes appropriately.
DGraham,Participant 12895760,4,23,Overall clarity of writing
DGraham,Participant 12895760,4,24,Overall quality of grammar and spelling
DGraham,Participant 12895760,5,25,Correct formatting of sections and sub-sections
DGraham,Participant 12895760,4,26,Correct usage of APA-formatted citations and references
DGraham,Participant 12895795,2,1,Abstract is clear and accurate
DGraham,Participant 12895795,3,2,Abstract contains correct information
DGraham,Participant 12895795,3,3,Introduction is clear and accurate
DGraham,Participant 12895795,3,4,Introduction gives big-picture overview
DGraham,Participant 12895795,3,5,Introduction outlines specific research area
DGraham,Participant 12895795,3,6,Introduction gives rationale for current experiment
DGraham,Participant 12895795,3,7,"Participant section is clear, accurate, and contain correct information"
DGraham,Participant 12895795,1,8,Sample sizes are justified through a power calculation
DGraham,Participant 12895795,3,9,"Apparatus and materials sections are clear, accurate, and contain correct information"
DGraham,Participant 12895795,2,10,"Procedure section is clear, accurate, and contain correct information."
DGraham,Participant 12895795,3,11,"Result section is overall clear, accurate, and contain correct information"
DGraham,Participant 12895795,4,12,"Figure(s) are clear and appropriate, lack clutter, and have meaningful axis labels and good font sizes"
DGraham,Participant 12895795,3,13,Figure(s) have an appropriate figure legend that is referred to in the main text.
DGraham,Participant 12895795,2,14,"Results section includes appropriate and accurate summary statistics (e.g. means, density plots)"
DGraham,Participant 12895795,3,15,Results section includes appropriate and accurate inferential statistics (Bayesian ANOVA)
DGraham,Participant 12895795,3,17,Discussion correctly and clearly summarises findings
DGraham,Participant 12895795,3,18,Discussion correctly interprets findings
DGraham,Participant 12895795,2,19,Discussion makes appropriate links to previous literature
DGraham,Participant 12895795,3,20,Discussion provides good considerations of the limitations of the current study
DGraham,Participant 12895795,3,21,"Discussion makes a good, sensible suggestion for future work"
DGraham,Participant 12895795,3,22,Discussion concludes appropriately.
DGraham,Participant 12895795,3,23,Overall clarity of writing
DGraham,Participant 12895795,4,24,Overall quality of grammar and spelling
DGraham,Participant 12895795,5,25,Correct formatting of sections and sub-sections
DGraham,Participant 12895795,4,26,Correct usage of APA-formatted citations and references
DGraham,Participant 12895830,3,1,Abstract is clear and accurate
DGraham,Participant 12895830,3,2,Abstract contains correct information
DGraham,Participant 12895830,4,3,Introduction is clear and accurate
DGraham,Participant 12895830,4,4,Introduction gives big-picture overview
DGraham,Participant 12895830,5,5,Introduction outlines specific research area
DGraham,Participant 12895830,4,6,Introduction gives rationale for current experiment
DGraham,Participant 12895830,4,7,"Participant section is clear, accurate, and contain correct information"
DGraham,Participant 12895830,4,8,Sample sizes are justified through a power calculation
DGraham,Participant 12895830,4,9,"Apparatus and materials sections are clear, accurate, and contain correct information"
DGraham,Participant 12895830,4,10,"Procedure section is clear, accurate, and contain correct information."
DGraham,Participant 12895830,3,11,"Result section is overall clear, accurate, and contain correct information"
DGraham,Participant 12895830,4,12,"Figure(s) are clear and appropriate, lack clutter, and have meaningful axis labels and good font sizes"
DGraham,Participant 12895830,4,13,Figure(s) have an appropriate figure legend that is referred to in the main text.
DGraham,Participant 12895830,3,14,"Results section includes appropriate and accurate summary statistics (e.g. means, density plots)"
DGraham,Participant 12895830,4,15,Results section includes appropriate and accurate inferential statistics (Bayesian ANOVA)
DGraham,Participant 12895830,4,17,Discussion correctly and clearly summarises findings
DGraham,Participant 12895830,4,18,Discussion correctly interprets findings
DGraham,Participant 12895830,4,19,Discussion makes appropriate links to previous literature
DGraham,Participant 12895830,3,20,Discussion provides good considerations of the limitations of the current study
DGraham,Participant 12895830,3,21,"Discussion makes a good, sensible suggestion for future work"
DGraham,Participant 12895830,4,22,Discussion concludes appropriately.
DGraham,Participant 12895830,4,23,Overall clarity of writing
DGraham,Participant 12895830,4,24,Overall quality of grammar and spelling
DGraham,Participant 12895830,5,25,Correct formatting of sections and sub-sections
DGraham,Participant 12895830,4,26,Correct usage of APA-formatted citations and references
DGraham,Participant 12895871,4,1,Abstract is clear and accurate
DGraham,Participant 12895871,4,2,Abstract contains correct information
DGraham,Participant 12895871,5,3,Introduction is clear and accurate
DGraham,Participant 12895871,4,4,Introduction gives big-picture overview
DGraham,Participant 12895871,4,5,Introduction outlines specific research area
DGraham,Participant 12895871,4,6,Introduction gives rationale for current experiment
DGraham,Participant 12895871,5,7,"Participant section is clear, accurate, and contain correct information"
DGraham,Participant 12895871,4,8,Sample sizes are justified through a power calculation
DGraham,Participant 12895871,4,9,"Apparatus and materials sections are clear, accurate, and contain correct information"
DGraham,Participant 12895871,4,10,"Procedure section is clear, accurate, and contain correct information."
DGraham,Participant 12895871,4,11,"Result section is overall clear, accurate, and contain correct information"
DGraham,Participant 12895871,4,12,"Figure(s) are clear and appropriate, lack clutter, and have meaningful axis labels and good font sizes"
DGraham,Participant 12895871,3,13,Figure(s) have an appropriate figure legend that is referred to in the main text.
DGraham,Participant 12895871,4,14,"Results section includes appropriate and accurate summary statistics (e.g. means, density plots)"
DGraham,Participant 12895871,5,15,Results section includes appropriate and accurate inferential statistics (Bayesian ANOVA)
DGraham,Participant 12895871,5,17,Discussion correctly and clearly summarises findings
DGraham,Participant 12895871,5,18,Discussion correctly interprets findings
DGraham,Participant 12895871,4,19,Discussion makes appropriate links to previous literature
DGraham,Participant 12895871,4,20,Discussion provides good considerations of the limitations of the current study
DGraham,Participant 12895871,4,21,"Discussion makes a good, sensible suggestion for future work"
DGraham,Participant 12895871,4,22,Discussion concludes appropriately.
DGraham,Participant 12895871,5,23,Overall clarity of writing
DGraham,Participant 12895871,5,24,Overall quality of grammar and spelling
DGraham,Participant 12895871,5,25,Correct formatting of sections and sub-sections
DGraham,Participant 12895871,5,26,Correct usage of APA-formatted citations and references
DGraham,Participant 12895920,3,1,Abstract is clear and accurate
DGraham,Participant 12895920,4,2,Abstract contains correct information
DGraham,Participant 12895920,4,3,Introduction is clear and accurate
DGraham,Participant 12895920,3,4,Introduction gives big-picture overview
DGraham,Participant 12895920,3,5,Introduction outlines specific research area
DGraham,Participant 12895920,4,6,Introduction gives rationale for current experiment
DGraham,Participant 12895920,3,7,"Participant section is clear, accurate, and contain correct information"
DGraham,Participant 12895920,3,8,Sample sizes are justified through a power calculation
DGraham,Participant 12895920,4,9,"Apparatus and materials sections are clear, accurate, and contain correct information"
DGraham,Participant 12895920,4,10,"Procedure section is clear, accurate, and contain correct information."
DGraham,Participant 12895920,3,11,"Result section is overall clear, accurate, and contain correct information"
DGraham,Participant 12895920,4,12,"Figure(s) are clear and appropriate, lack clutter, and have meaningful axis labels and good font sizes"
DGraham,Participant 12895920,3,13,Figure(s) have an appropriate figure legend that is referred to in the main text.
DGraham,Participant 12895920,4,14,"Results section includes appropriate and accurate summary statistics (e.g. means, density plots)"
DGraham,Participant 12895920,2,15,Results section includes appropriate and accurate inferential statistics (Bayesian ANOVA)
DGraham,Participant 12895920,3,17,Discussion correctly and clearly summarises findings
DGraham,Participant 12895920,3,18,Discussion correctly interprets findings
DGraham,Participant 12895920,3,19,Discussion makes appropriate links to previous literature
DGraham,Participant 12895920,3,20,Discussion provides good considerations of the limitations of the current study
DGraham,Participant 12895920,3,21,"Discussion makes a good, sensible suggestion for future work"
DGraham,Participant 12895920,4,22,Discussion concludes appropriately.
DGraham,Participant 12895920,4,23,Overall clarity of writing
DGraham,Participant 12895920,4,24,Overall quality of grammar and spelling
DGraham,Participant 12895920,5,25,Correct formatting of sections and sub-sections
DGraham,Participant 12895920,4,26,Correct usage of APA-formatted citations and references
DGraham,Participant 12895938,3,1,Abstract is clear and accurate
DGraham,Participant 12895938,4,2,Abstract contains correct information
DGraham,Participant 12895938,3,3,Introduction is clear and accurate
DGraham,Participant 12895938,3,4,Introduction gives big-picture overview
DGraham,Participant 12895938,2,5,Introduction outlines specific research area
DGraham,Participant 12895938,2,6,Introduction gives rationale for current experiment
DGraham,Participant 12895938,3,7,"Participant section is clear, accurate, and contain correct information"
DGraham,Participant 12895938,1,8,Sample sizes are justified through a power calculation
DGraham,Participant 12895938,3,9,"Apparatus and materials sections are clear, accurate, and contain correct information"
DGraham,Participant 12895938,3,10,"Procedure section is clear, accurate, and contain correct information."
DGraham,Participant 12895938,3,11,"Result section is overall clear, accurate, and contain correct information"
DGraham,Participant 12895938,3,12,"Figure(s) are clear and appropriate, lack clutter, and have meaningful axis labels and good font sizes"
DGraham,Participant 12895938,3,13,Figure(s) have an appropriate figure legend that is referred to in the main text.
DGraham,Participant 12895938,4,14,"Results section includes appropriate and accurate summary statistics (e.g. means, density plots)"
DGraham,Participant 12895938,3,15,Results section includes appropriate and accurate inferential statistics (Bayesian ANOVA)
DGraham,Participant 12895938,3,17,Discussion correctly and clearly summarises findings
DGraham,Participant 12895938,3,18,Discussion correctly interprets findings
DGraham,Participant 12895938,4,19,Discussion makes appropriate links to previous literature
DGraham,Participant 12895938,3,20,Discussion provides good considerations of the limitations of the current study
DGraham,Participant 12895938,3,21,"Discussion makes a good, sensible suggestion for future work"
DGraham,Participant 12895938,4,22,Discussion concludes appropriately.
DGraham,Participant 12895938,4,23,Overall clarity of writing
DGraham,Participant 12895938,3,24,Overall quality of grammar and spelling
DGraham,Participant 12895938,5,25,Correct formatting of sections and sub-sections
DGraham,Participant 12895938,3,26,Correct usage of APA-formatted citations and references
DGraham,Participant 12895963,4,1,Abstract is clear and accurate
DGraham,Participant 12895963,4,2,Abstract contains correct information
DGraham,Participant 12895963,3,3,Introduction is clear and accurate
DGraham,Participant 12895963,3,4,Introduction gives big-picture overview
DGraham,Participant 12895963,3,5,Introduction outlines specific research area
DGraham,Participant 12895963,4,6,Introduction gives rationale for current experiment
DGraham,Participant 12895963,4,7,"Participant section is clear, accurate, and contain correct information"
DGraham,Participant 12895963,3,8,Sample sizes are justified through a power calculation
DGraham,Participant 12895963,4,9,"Apparatus and materials sections are clear, accurate, and contain correct information"
DGraham,Participant 12895963,4,10,"Procedure section is clear, accurate, and contain correct information."
DGraham,Participant 12895963,3,11,"Result section is overall clear, accurate, and contain correct information"
DGraham,Participant 12895963,4,12,"Figure(s) are clear and appropriate, lack clutter, and have meaningful axis labels and good font sizes"
DGraham,Participant 12895963,3,13,Figure(s) have an appropriate figure legend that is referred to in the main text.
DGraham,Participant 12895963,3,14,"Results section includes appropriate and accurate summary statistics (e.g. means, density plots)"
DGraham,Participant 12895963,2,15,Results section includes appropriate and accurate inferential statistics (Bayesian ANOVA)
DGraham,Participant 12895963,4,17,Discussion correctly and clearly summarises findings
DGraham,Participant 12895963,4,18,Discussion correctly interprets findings
DGraham,Participant 12895963,2,19,Discussion makes appropriate links to previous literature
DGraham,Participant 12895963,3,20,Discussion provides good considerations of the limitations of the current study
DGraham,Participant 12895963,2,21,"Discussion makes a good, sensible suggestion for future work"
DGraham,Participant 12895963,3,22,Discussion concludes appropriately.
DGraham,Participant 12895963,4,23,Overall clarity of writing
DGraham,Participant 12895963,5,24,Overall quality of grammar and spelling
DGraham,Participant 12895963,5,25,Correct formatting of sections and sub-sections
DGraham,Participant 12895963,5,26,Correct usage of APA-formatted citations and references
DGraham,Participant 12895964,4,1,Abstract is clear and accurate
DGraham,Participant 12895964,4,2,Abstract contains correct information
DGraham,Participant 12895964,3,3,Introduction is clear and accurate
DGraham,Participant 12895964,4,4,Introduction gives big-picture overview
DGraham,Participant 12895964,3,5,Introduction outlines specific research area
DGraham,Participant 12895964,2,6,Introduction gives rationale for current experiment
DGraham,Participant 12895964,3,7,"Participant section is clear, accurate, and contain correct information"
DGraham,Participant 12895964,3,8,Sample sizes are justified through a power calculation
DGraham,Participant 12895964,4,9,"Apparatus and materials sections are clear, accurate, and contain correct information"
DGraham,Participant 12895964,3,10,"Procedure section is clear, accurate, and contain correct information."
DGraham,Participant 12895964,3,11,"Result section is overall clear, accurate, and contain correct information"
DGraham,Participant 12895964,3,12,"Figure(s) are clear and appropriate, lack clutter, and have meaningful axis labels and good font sizes"
DGraham,Participant 12895964,3,13,Figure(s) have an appropriate figure legend that is referred to in the main text.
DGraham,Participant 12895964,3,14,"Results section includes appropriate and accurate summary statistics (e.g. means, density plots)"
DGraham,Participant 12895964,2,15,Results section includes appropriate and accurate inferential statistics (Bayesian ANOVA)
DGraham,Participant 12895964,2,17,Discussion correctly and clearly summarises findings
DGraham,Participant 12895964,2,18,Discussion correctly interprets findings
DGraham,Participant 12895964,3,19,Discussion makes appropriate links to previous literature
DGraham,Participant 12895964,2,20,Discussion provides good considerations of the limitations of the current study
DGraham,Participant 12895964,2,21,"Discussion makes a good, sensible suggestion for future work"
DGraham,Participant 12895964,3,22,Discussion concludes appropriately.
DGraham,Participant 12895964,4,23,Overall clarity of writing
DGraham,Participant 12895964,4,24,Overall quality of grammar and spelling
DGraham,Participant 12895964,5,25,Correct formatting of sections and sub-sections
DGraham,Participant 12895964,4,26,Correct usage of APA-formatted citations and references
DKlymenko,Participant 12895770,4,1,Abstract is clear and accurate
DKlymenko,Participant 12895770,5,2,Abstract contains correct information
DKlymenko,Participant 12895770,5,3,Introduction is clear and accurate
DKlymenko,Participant 12895770,5,4,Introduction gives big-picture overview
DKlymenko,Participant 12895770,5,5,Introduction outlines specific research area
DKlymenko,Participant 12895770,4,6,Introduction gives rationale for current experiment
DKlymenko,Participant 12895770,2,7,"Participant section is clear, accurate, and contain correct information"
DKlymenko,Participant 12895770,1,8,Sample sizes are justified through a power calculation
DKlymenko,Participant 12895770,4,9,"Apparatus and materials sections are clear, accurate, and contain correct information"
DKlymenko,Participant 12895770,4,10,"Procedure section is clear, accurate, and contain correct information."
DKlymenko,Participant 12895770,4,11,"Result section is overall clear, accurate, and contain correct information"
DKlymenko,Participant 12895770,3,12,"Figure(s) are clear and appropriate, lack clutter, and have meaningful axis labels and good font sizes"
DKlymenko,Participant 12895770,5,13,Figure(s) have an appropriate figure legend that is referred to in the main text.
DKlymenko,Participant 12895770,3,14,"Results section includes appropriate and accurate summary statistics (e.g. means, density plots)"
DKlymenko,Participant 12895770,4,15,Results section includes appropriate and accurate inferential statistics (Bayesian ANOVA)
DKlymenko,Participant 12895770,4,17,Discussion correctly and clearly summarises findings
DKlymenko,Participant 12895770,5,18,Discussion correctly interprets findings
DKlymenko,Participant 12895770,4,19,Discussion makes appropriate links to previous literature
DKlymenko,Participant 12895770,3,20,Discussion provides good considerations of the limitations of the current study
DKlymenko,Participant 12895770,3,21,"Discussion makes a good, sensible suggestion for future work"
DKlymenko,Participant 12895770,4,22,Discussion concludes appropriately.
DKlymenko,Participant 12895770,4,23,Overall clarity of writing
DKlymenko,Participant 12895770,5,24,Overall quality of grammar and spelling
DKlymenko,Participant 12895770,5,25,Correct formatting of sections and sub-sections
DKlymenko,Participant 12895770,4,26,Correct usage of APA-formatted citations and references
DKlymenko,Participant 12895708,3,1,Abstract is clear and accurate
DKlymenko,Participant 12895708,2,2,Abstract contains correct information
DKlymenko,Participant 12895708,2,3,Introduction is clear and accurate
DKlymenko,Participant 12895708,3,4,Introduction gives big-picture overview
DKlymenko,Participant 12895708,2,5,Introduction outlines specific research area
DKlymenko,Participant 12895708,1,6,Introduction gives rationale for current experiment
DKlymenko,Participant 12895708,3,7,"Participant section is clear, accurate, and contain correct information"
DKlymenko,Participant 12895708,2,8,Sample sizes are justified through a power calculation
DKlymenko,Participant 12895708,3,9,"Apparatus and materials sections are clear, accurate, and contain correct information"
DKlymenko,Participant 12895708,3,10,"Procedure section is clear, accurate, and contain correct information."
DKlymenko,Participant 12895708,2,11,"Result section is overall clear, accurate, and contain correct information"
DKlymenko,Participant 12895708,4,12,"Figure(s) are clear and appropriate, lack clutter, and have meaningful axis labels and good font sizes"
DKlymenko,Participant 12895708,4,13,Figure(s) have an appropriate figure legend that is referred to in the main text.
DKlymenko,Participant 12895708,4,14,"Results section includes appropriate and accurate summary statistics (e.g. means, density plots)"
DKlymenko,Participant 12895708,2,15,Results section includes appropriate and accurate inferential statistics (Bayesian ANOVA)
DKlymenko,Participant 12895708,2,17,Discussion correctly and clearly summarises findings
DKlymenko,Participant 12895708,3,18,Discussion correctly interprets findings
DKlymenko,Participant 12895708,2,19,Discussion makes appropriate links to previous literature
DKlymenko,Participant 12895708,2,20,Discussion provides good considerations of the limitations of the current study
DKlymenko,Participant 12895708,1,21,"Discussion makes a good, sensible suggestion for future work"
DKlymenko,Participant 12895708,3,22,Discussion concludes appropriately.
DKlymenko,Participant 12895708,3,23,Overall clarity of writing
DKlymenko,Participant 12895708,3,24,Overall quality of grammar and spelling
DKlymenko,Participant 12895708,3,25,Correct formatting of sections and sub-sections
DKlymenko,Participant 12895708,2,26,Correct usage of APA-formatted citations and references
DKlymenko,Participant 12895771,4,1,Abstract is clear and accurate
DKlymenko,Participant 12895771,3,2,Abstract contains correct information
DKlymenko,Participant 12895771,5,3,Introduction is clear and accurate
DKlymenko,Participant 12895771,5,4,Introduction gives big-picture overview
DKlymenko,Participant 12895771,4,5,Introduction outlines specific research area
DKlymenko,Participant 12895771,4,6,Introduction gives rationale for current experiment
DKlymenko,Participant 12895771,3,7,"Participant section is clear, accurate, and contain correct information"
DKlymenko,Participant 12895771,5,8,Sample sizes are justified through a power calculation
DKlymenko,Participant 12895771,4,9,"Apparatus and materials sections are clear, accurate, and contain correct information"
DKlymenko,Participant 12895771,4,10,"Procedure section is clear, accurate, and contain correct information."
DKlymenko,Participant 12895771,5,11,"Result section is overall clear, accurate, and contain correct information"
DKlymenko,Participant 12895771,5,12,"Figure(s) are clear and appropriate, lack clutter, and have meaningful axis labels and good font sizes"
DKlymenko,Participant 12895771,5,13,Figure(s) have an appropriate figure legend that is referred to in the main text.
DKlymenko,Participant 12895771,1,14,"Results section includes appropriate and accurate summary statistics (e.g. means, density plots)"
DKlymenko,Participant 12895771,4,15,Results section includes appropriate and accurate inferential statistics (Bayesian ANOVA)
DKlymenko,Participant 12895771,3,17,Discussion correctly and clearly summarises findings
DKlymenko,Participant 12895771,3,18,Discussion correctly interprets findings
DKlymenko,Participant 12895771,5,19,Discussion makes appropriate links to previous literature
DKlymenko,Participant 12895771,4,20,Discussion provides good considerations of the limitations of the current study
DKlymenko,Participant 12895771,4,21,"Discussion makes a good, sensible suggestion for future work"
DKlymenko,Participant 12895771,4,22,Discussion concludes appropriately.
DKlymenko,Participant 12895771,4,23,Overall clarity of writing
DKlymenko,Participant 12895771,5,24,Overall quality of grammar and spelling
DKlymenko,Participant 12895771,4,25,Correct formatting of sections and sub-sections
DKlymenko,Participant 12895771,3,26,Correct usage of APA-formatted citations and references
DKlymenko,Participant 12895900,3,1,Abstract is clear and accurate
DKlymenko,Participant 12895900,4,2,Abstract contains correct information
DKlymenko,Participant 12895900,3,3,Introduction is clear and accurate
DKlymenko,Participant 12895900,3,4,Introduction gives big-picture overview
DKlymenko,Participant 12895900,2,5,Introduction outlines specific research area
DKlymenko,Participant 12895900,2,6,Introduction gives rationale for current experiment
DKlymenko,Participant 12895900,3,7,"Participant section is clear, accurate, and contain correct information"
DKlymenko,Participant 12895900,1,8,Sample sizes are justified through a power calculation
DKlymenko,Participant 12895900,3,9,"Apparatus and materials sections are clear, accurate, and contain correct information"
DKlymenko,Participant 12895900,2,10,"Procedure section is clear, accurate, and contain correct information."
DKlymenko,Participant 12895900,3,11,"Result section is overall clear, accurate, and contain correct information"
DKlymenko,Participant 12895900,4,12,"Figure(s) are clear and appropriate, lack clutter, and have meaningful axis labels and good font sizes"
DKlymenko,Participant 12895900,4,13,Figure(s) have an appropriate figure legend that is referred to in the main text.
DKlymenko,Participant 12895900,4,14,"Results section includes appropriate and accurate summary statistics (e.g. means, density plots)"
DKlymenko,Participant 12895900,3,15,Results section includes appropriate and accurate inferential statistics (Bayesian ANOVA)
DKlymenko,Participant 12895900,3,17,Discussion correctly and clearly summarises findings
DKlymenko,Participant 12895900,3,18,Discussion correctly interprets findings
DKlymenko,Participant 12895900,2,19,Discussion makes appropriate links to previous literature
DKlymenko,Participant 12895900,2,20,Discussion provides good considerations of the limitations of the current study
DKlymenko,Participant 12895900,2,21,"Discussion makes a good, sensible suggestion for future work"
DKlymenko,Participant 12895900,3,22,Discussion concludes appropriately.
DKlymenko,Participant 12895900,3,23,Overall clarity of writing
DKlymenko,Participant 12895900,4,24,Overall quality of grammar and spelling
DKlymenko,Participant 12895900,5,25,Correct formatting of sections and sub-sections
DKlymenko,Participant 12895900,5,26,Correct usage of APA-formatted citations and references
DKlymenko,Participant 12895774,5,1,Abstract is clear and accurate
DKlymenko,Participant 12895774,4,2,Abstract contains correct information
DKlymenko,Participant 12895774,4,3,Introduction is clear and accurate
DKlymenko,Participant 12895774,5,4,Introduction gives big-picture overview
DKlymenko,Participant 12895774,5,5,Introduction outlines specific research area
DKlymenko,Participant 12895774,4,6,Introduction gives rationale for current experiment
DKlymenko,Participant 12895774,4,7,"Participant section is clear, accurate, and contain correct information"
DKlymenko,Participant 12895774,1,8,Sample sizes are justified through a power calculation
DKlymenko,Participant 12895774,4,9,"Apparatus and materials sections are clear, accurate, and contain correct information"
DKlymenko,Participant 12895774,4,10,"Procedure section is clear, accurate, and contain correct information."
DKlymenko,Participant 12895774,2,11,"Result section is overall clear, accurate, and contain correct information"
DKlymenko,Participant 12895774,4,12,"Figure(s) are clear and appropriate, lack clutter, and have meaningful axis labels and good font sizes"
DKlymenko,Participant 12895774,4,13,Figure(s) have an appropriate figure legend that is referred to in the main text.
DKlymenko,Participant 12895774,1,14,"Results section includes appropriate and accurate summary statistics (e.g. means, density plots)"
DKlymenko,Participant 12895774,2,15,Results section includes appropriate and accurate inferential statistics (Bayesian ANOVA)
DKlymenko,Participant 12895774,2,17,Discussion correctly and clearly summarises findings
DKlymenko,Participant 12895774,3,18,Discussion correctly interprets findings
DKlymenko,Participant 12895774,3,19,Discussion makes appropriate links to previous literature
DKlymenko,Participant 12895774,3,20,Discussion provides good considerations of the limitations of the current study
DKlymenko,Participant 12895774,3,21,"Discussion makes a good, sensible suggestion for future work"
DKlymenko,Participant 12895774,2,22,Discussion concludes appropriately.
DKlymenko,Participant 12895774,4,23,Overall clarity of writing
DKlymenko,Participant 12895774,5,24,Overall quality of grammar and spelling
DKlymenko,Participant 12895774,5,25,Correct formatting of sections and sub-sections
DKlymenko,Participant 12895774,2,26,Correct usage of APA-formatted citations and references
DKlymenko,Participant 12895714,4,1,Abstract is clear and accurate
DKlymenko,Participant 12895714,5,2,Abstract contains correct information
DKlymenko,Participant 12895714,4,3,Introduction is clear and accurate
DKlymenko,Participant 12895714,4,4,Introduction gives big-picture overview
DKlymenko,Participant 12895714,4,5,Introduction outlines specific research area
DKlymenko,Participant 12895714,4,6,Introduction gives rationale for current experiment
DKlymenko,Participant 12895714,5,7,"Participant section is clear, accurate, and contain correct information"
DKlymenko,Participant 12895714,4,8,Sample sizes are justified through a power calculation
DKlymenko,Participant 12895714,5,9,"Apparatus and materials sections are clear, accurate, and contain correct information"
DKlymenko,Participant 12895714,5,10,"Procedure section is clear, accurate, and contain correct information."
DKlymenko,Participant 12895714,3,11,"Result section is overall clear, accurate, and contain correct information"
DKlymenko,Participant 12895714,3,12,"Figure(s) are clear and appropriate, lack clutter, and have meaningful axis labels and good font sizes"
DKlymenko,Participant 12895714,3,13,Figure(s) have an appropriate figure legend that is referred to in the main text.
DKlymenko,Participant 12895714,1,14,"Results section includes appropriate and accurate summary statistics (e.g. means, density plots)"
DKlymenko,Participant 12895714,2,15,Results section includes appropriate and accurate inferential statistics (Bayesian ANOVA)
DKlymenko,Participant 12895714,2,17,Discussion correctly and clearly summarises findings
DKlymenko,Participant 12895714,4,18,Discussion correctly interprets findings
DKlymenko,Participant 12895714,3,19,Discussion makes appropriate links to previous literature
DKlymenko,Participant 12895714,2,20,Discussion provides good considerations of the limitations of the current study
DKlymenko,Participant 12895714,2,21,"Discussion makes a good, sensible suggestion for future work"
DKlymenko,Participant 12895714,3,22,Discussion concludes appropriately.
DKlymenko,Participant 12895714,3,23,Overall clarity of writing
DKlymenko,Participant 12895714,4,24,Overall quality of grammar and spelling
DKlymenko,Participant 12895714,5,25,Correct formatting of sections and sub-sections
DKlymenko,Participant 12895714,2,26,Correct usage of APA-formatted citations and references
DKlymenko,Participant 12895804,4,1,Abstract is clear and accurate
DKlymenko,Participant 12895804,3,2,Abstract contains correct information
DKlymenko,Participant 12895804,4,3,Introduction is clear and accurate
DKlymenko,Participant 12895804,5,4,Introduction gives big-picture overview
DKlymenko,Participant 12895804,5,5,Introduction outlines specific research area
DKlymenko,Participant 12895804,3,6,Introduction gives rationale for current experiment
DKlymenko,Participant 12895804,4,7,"Participant section is clear, accurate, and contain correct information"
DKlymenko,Participant 12895804,2,8,Sample sizes are justified through a power calculation
DKlymenko,Participant 12895804,4,9,"Apparatus and materials sections are clear, accurate, and contain correct information"
DKlymenko,Participant 12895804,2,10,"Procedure section is clear, accurate, and contain correct information."
DKlymenko,Participant 12895804,3,11,"Result section is overall clear, accurate, and contain correct information"
DKlymenko,Participant 12895804,3,12,"Figure(s) are clear and appropriate, lack clutter, and have meaningful axis labels and good font sizes"
DKlymenko,Participant 12895804,4,13,Figure(s) have an appropriate figure legend that is referred to in the main text.
DKlymenko,Participant 12895804,1,14,"Results section includes appropriate and accurate summary statistics (e.g. means, density plots)"
DKlymenko,Participant 12895804,3,15,Results section includes appropriate and accurate inferential statistics (Bayesian ANOVA)
DKlymenko,Participant 12895804,2,17,Discussion correctly and clearly summarises findings
DKlymenko,Participant 12895804,3,18,Discussion correctly interprets findings
DKlymenko,Participant 12895804,5,19,Discussion makes appropriate links to previous literature
DKlymenko,Participant 12895804,3,20,Discussion provides good considerations of the limitations of the current study
DKlymenko,Participant 12895804,3,21,"Discussion makes a good, sensible suggestion for future work"
DKlymenko,Participant 12895804,1,22,Discussion concludes appropriately.
DKlymenko,Participant 12895804,4,23,Overall clarity of writing
DKlymenko,Participant 12895804,4,24,Overall quality of grammar and spelling
DKlymenko,Participant 12895804,2,25,Correct formatting of sections and sub-sections
DKlymenko,Participant 12895804,4,26,Correct usage of APA-formatted citations and references
DKlymenko,Participant 12895719,4,1,Abstract is clear and accurate
DKlymenko,Participant 12895719,5,2,Abstract contains correct information
DKlymenko,Participant 12895719,3,3,Introduction is clear and accurate
DKlymenko,Participant 12895719,4,4,Introduction gives big-picture overview
DKlymenko,Participant 12895719,2,5,Introduction outlines specific research area
DKlymenko,Participant 12895719,3,6,Introduction gives rationale for current experiment
DKlymenko,Participant 12895719,5,7,"Participant section is clear, accurate, and contain correct information"
DKlymenko,Participant 12895719,4,8,Sample sizes are justified through a power calculation
DKlymenko,Participant 12895719,4,9,"Apparatus and materials sections are clear, accurate, and contain correct information"
DKlymenko,Participant 12895719,4,10,"Procedure section is clear, accurate, and contain correct information."
DKlymenko,Participant 12895719,2,11,"Result section is overall clear, accurate, and contain correct information"
DKlymenko,Participant 12895719,3,12,"Figure(s) are clear and appropriate, lack clutter, and have meaningful axis labels and good font sizes"
DKlymenko,Participant 12895719,3,13,Figure(s) have an appropriate figure legend that is referred to in the main text.
DKlymenko,Participant 12895719,1,14,"Results section includes appropriate and accurate summary statistics (e.g. means, density plots)"
DKlymenko,Participant 12895719,1,15,Results section includes appropriate and accurate inferential statistics (Bayesian ANOVA)
DKlymenko,Participant 12895719,2,17,Discussion correctly and clearly summarises findings
DKlymenko,Participant 12895719,2,18,Discussion correctly interprets findings
DKlymenko,Participant 12895719,1,19,Discussion makes appropriate links to previous literature
DKlymenko,Participant 12895719,2,20,Discussion provides good considerations of the limitations of the current study
DKlymenko,Participant 12895719,1,21,"Discussion makes a good, sensible suggestion for future work"
DKlymenko,Participant 12895719,3,22,Discussion concludes appropriately.
DKlymenko,Participant 12895719,4,23,Overall clarity of writing
DKlymenko,Participant 12895719,5,24,Overall quality of grammar and spelling
DKlymenko,Participant 12895719,4,25,Correct formatting of sections and sub-sections
DKlymenko,Participant 12895719,1,26,Correct usage of APA-formatted citations and references
DKlymenko,Participant 12895724,3,1,Abstract is clear and accurate
DKlymenko,Participant 12895724,3,2,Abstract contains correct information
DKlymenko,Participant 12895724,2,3,Introduction is clear and accurate
DKlymenko,Participant 12895724,2,4,Introduction gives big-picture overview
DKlymenko,Participant 12895724,3,5,Introduction outlines specific research area
DKlymenko,Participant 12895724,2,6,Introduction gives rationale for current experiment
DKlymenko,Participant 12895724,3,7,"Participant section is clear, accurate, and contain correct information"
DKlymenko,Participant 12895724,1,8,Sample sizes are justified through a power calculation
DKlymenko,Participant 12895724,3,9,"Apparatus and materials sections are clear, accurate, and contain correct information"
DKlymenko,Participant 12895724,3,10,"Procedure section is clear, accurate, and contain correct information."
DKlymenko,Participant 12895724,3,11,"Result section is overall clear, accurate, and contain correct information"
DKlymenko,Participant 12895724,3,12,"Figure(s) are clear and appropriate, lack clutter, and have meaningful axis labels and good font sizes"
DKlymenko,Participant 12895724,2,13,Figure(s) have an appropriate figure legend that is referred to in the main text.
DKlymenko,Participant 12895724,4,14,"Results section includes appropriate and accurate summary statistics (e.g. means, density plots)"
DKlymenko,Participant 12895724,4,15,Results section includes appropriate and accurate inferential statistics (Bayesian ANOVA)
DKlymenko,Participant 12895724,3,17,Discussion correctly and clearly summarises findings
DKlymenko,Participant 12895724,4,18,Discussion correctly interprets findings
DKlymenko,Participant 12895724,3,19,Discussion makes appropriate links to previous literature
DKlymenko,Participant 12895724,2,20,Discussion provides good considerations of the limitations of the current study
DKlymenko,Participant 12895724,1,21,"Discussion makes a good, sensible suggestion for future work"
DKlymenko,Participant 12895724,2,22,Discussion concludes appropriately.
DKlymenko,Participant 12895724,2,23,Overall clarity of writing
DKlymenko,Participant 12895724,2,24,Overall quality of grammar and spelling
DKlymenko,Participant 12895724,4,25,Correct formatting of sections and sub-sections
DKlymenko,Participant 12895724,3,26,Correct usage of APA-formatted citations and references
DKlymenko,Participant 12895735,5,1,Abstract is clear and accurate
DKlymenko,Participant 12895735,4,2,Abstract contains correct information
DKlymenko,Participant 12895735,5,3,Introduction is clear and accurate
DKlymenko,Participant 12895735,5,4,Introduction gives big-picture overview
DKlymenko,Participant 12895735,4,5,Introduction outlines specific research area
DKlymenko,Participant 12895735,5,6,Introduction gives rationale for current experiment
DKlymenko,Participant 12895735,4,7,"Participant section is clear, accurate, and contain correct information"
DKlymenko,Participant 12895735,4,8,Sample sizes are justified through a power calculation
DKlymenko,Participant 12895735,5,9,"Apparatus and materials sections are clear, accurate, and contain correct information"
DKlymenko,Participant 12895735,4,10,"Procedure section is clear, accurate, and contain correct information."
DKlymenko,Participant 12895735,5,11,"Result section is overall clear, accurate, and contain correct information"
DKlymenko,Participant 12895735,4,12,"Figure(s) are clear and appropriate, lack clutter, and have meaningful axis labels and good font sizes"
DKlymenko,Participant 12895735,5,13,Figure(s) have an appropriate figure legend that is referred to in the main text.
DKlymenko,Participant 12895735,1,14,"Results section includes appropriate and accurate summary statistics (e.g. means, density plots)"
DKlymenko,Participant 12895735,5,15,Results section includes appropriate and accurate inferential statistics (Bayesian ANOVA)
DKlymenko,Participant 12895735,5,17,Discussion correctly and clearly summarises findings
DKlymenko,Participant 12895735,4,18,Discussion correctly interprets findings
DKlymenko,Participant 12895735,3,19,Discussion makes appropriate links to previous literature
DKlymenko,Participant 12895735,3,20,Discussion provides good considerations of the limitations of the current study
DKlymenko,Participant 12895735,3,21,"Discussion makes a good, sensible suggestion for future work"
DKlymenko,Participant 12895735,3,22,Discussion concludes appropriately.
DKlymenko,Participant 12895735,5,23,Overall clarity of writing
DKlymenko,Participant 12895735,5,24,Overall quality of grammar and spelling
DKlymenko,Participant 12895735,4,25,Correct formatting of sections and sub-sections
DKlymenko,Participant 12895735,4,26,Correct usage of APA-formatted citations and references
DKlymenko,Participant 12965046,3,1,Abstract is clear and accurate
DKlymenko,Participant 12965046,5,2,Abstract contains correct information
DKlymenko,Participant 12965046,3,3,Introduction is clear and accurate
DKlymenko,Participant 12965046,4,4,Introduction gives big-picture overview
DKlymenko,Participant 12965046,3,5,Introduction outlines specific research area
DKlymenko,Participant 12965046,2,6,Introduction gives rationale for current experiment
DKlymenko,Participant 12965046,5,7,"Participant section is clear, accurate, and contain correct information"
DKlymenko,Participant 12965046,1,8,Sample sizes are justified through a power calculation
DKlymenko,Participant 12965046,3,9,"Apparatus and materials sections are clear, accurate, and contain correct information"
DKlymenko,Participant 12965046,3,10,"Procedure section is clear, accurate, and contain correct information."
DKlymenko,Participant 12965046,4,11,"Result section is overall clear, accurate, and contain correct information"
DKlymenko,Participant 12965046,4,12,"Figure(s) are clear and appropriate, lack clutter, and have meaningful axis labels and good font sizes"
DKlymenko,Participant 12965046,3,13,Figure(s) have an appropriate figure legend that is referred to in the main text.
DKlymenko,Participant 12965046,3,14,"Results section includes appropriate and accurate summary statistics (e.g. means, density plots)"
DKlymenko,Participant 12965046,4,15,Results section includes appropriate and accurate inferential statistics (Bayesian ANOVA)
DKlymenko,Participant 12965046,4,17,Discussion correctly and clearly summarises findings
DKlymenko,Participant 12965046,4,18,Discussion correctly interprets findings
DKlymenko,Participant 12965046,3,19,Discussion makes appropriate links to previous literature
DKlymenko,Participant 12965046,3,20,Discussion provides good considerations of the limitations of the current study
DKlymenko,Participant 12965046,1,21,"Discussion makes a good, sensible suggestion for future work"
DKlymenko,Participant 12965046,3,22,Discussion concludes appropriately.
DKlymenko,Participant 12965046,4,23,Overall clarity of writing
DKlymenko,Participant 12965046,4,24,Overall quality of grammar and spelling
DKlymenko,Participant 12965046,3,25,Correct formatting of sections and sub-sections
DKlymenko,Participant 12965046,2,26,Correct usage of APA-formatted citations and references
DKlymenko,Participant 12895950,4,1,Abstract is clear and accurate
DKlymenko,Participant 12895950,4,2,Abstract contains correct information
DKlymenko,Participant 12895950,3,3,Introduction is clear and accurate
DKlymenko,Participant 12895950,4,4,Introduction gives big-picture overview
DKlymenko,Participant 12895950,3,5,Introduction outlines specific research area
DKlymenko,Participant 12895950,4,6,Introduction gives rationale for current experiment
DKlymenko,Participant 12895950,5,7,"Participant section is clear, accurate, and contain correct information"
DKlymenko,Participant 12895950,4,8,Sample sizes are justified through a power calculation
DKlymenko,Participant 12895950,5,9,"Apparatus and materials sections are clear, accurate, and contain correct information"
DKlymenko,Participant 12895950,5,10,"Procedure section is clear, accurate, and contain correct information."
DKlymenko,Participant 12895950,4,11,"Result section is overall clear, accurate, and contain correct information"
DKlymenko,Participant 12895950,4,12,"Figure(s) are clear and appropriate, lack clutter, and have meaningful axis labels and good font sizes"
DKlymenko,Participant 12895950,5,13,Figure(s) have an appropriate figure legend that is referred to in the main text.
DKlymenko,Participant 12895950,3,14,"Results section includes appropriate and accurate summary statistics (e.g. means, density plots)"
DKlymenko,Participant 12895950,3,15,Results section includes appropriate and accurate inferential statistics (Bayesian ANOVA)
DKlymenko,Participant 12895950,5,17,Discussion correctly and clearly summarises findings
DKlymenko,Participant 12895950,4,18,Discussion correctly interprets findings
DKlymenko,Participant 12895950,2,19,Discussion makes appropriate links to previous literature
DKlymenko,Participant 12895950,4,20,Discussion provides good considerations of the limitations of the current study
DKlymenko,Participant 12895950,3,21,"Discussion makes a good, sensible suggestion for future work"
DKlymenko,Participant 12895950,3,22,Discussion concludes appropriately.
DKlymenko,Participant 12895950,5,23,Overall clarity of writing
DKlymenko,Participant 12895950,5,24,Overall quality of grammar and spelling
DKlymenko,Participant 12895950,5,25,Correct formatting of sections and sub-sections
DKlymenko,Participant 12895950,4,26,Correct usage of APA-formatted citations and references
DKlymenko,Participant 12895949,4,1,Abstract is clear and accurate
DKlymenko,Participant 12895949,4,2,Abstract contains correct information
DKlymenko,Participant 12895949,3,3,Introduction is clear and accurate
DKlymenko,Participant 12895949,4,4,Introduction gives big-picture overview
DKlymenko,Participant 12895949,3,5,Introduction outlines specific research area
DKlymenko,Participant 12895949,4,6,Introduction gives rationale for current experiment
DKlymenko,Participant 12895949,5,7,"Participant section is clear, accurate, and contain correct information"
DKlymenko,Participant 12895949,4,8,Sample sizes are justified through a power calculation
DKlymenko,Participant 12895949,5,9,"Apparatus and materials sections are clear, accurate, and contain correct information"
DKlymenko,Participant 12895949,4,10,"Procedure section is clear, accurate, and contain correct information."
DKlymenko,Participant 12895949,4,11,"Result section is overall clear, accurate, and contain correct information"
DKlymenko,Participant 12895949,4,12,"Figure(s) are clear and appropriate, lack clutter, and have meaningful axis labels and good font sizes"
DKlymenko,Participant 12895949,5,13,Figure(s) have an appropriate figure legend that is referred to in the main text.
DKlymenko,Participant 12895949,4,14,"Results section includes appropriate and accurate summary statistics (e.g. means, density plots)"
DKlymenko,Participant 12895949,2,15,Results section includes appropriate and accurate inferential statistics (Bayesian ANOVA)
DKlymenko,Participant 12895949,3,17,Discussion correctly and clearly summarises findings
DKlymenko,Participant 12895949,4,18,Discussion correctly interprets findings
DKlymenko,Participant 12895949,3,19,Discussion makes appropriate links to previous literature
DKlymenko,Participant 12895949,3,20,Discussion provides good considerations of the limitations of the current study
DKlymenko,Participant 12895949,4,21,"Discussion makes a good, sensible suggestion for future work"
DKlymenko,Participant 12895949,3,22,Discussion concludes appropriately.
DKlymenko,Participant 12895949,4,23,Overall clarity of writing
DKlymenko,Participant 12895949,5,24,Overall quality of grammar and spelling
DKlymenko,Participant 12895949,5,25,Correct formatting of sections and sub-sections
DKlymenko,Participant 12895949,4,26,Correct usage of APA-formatted citations and references
DKlymenko,Participant 12895815,4,1,Abstract is clear and accurate
DKlymenko,Participant 12895815,4,2,Abstract contains correct information
DKlymenko,Participant 12895815,3,3,Introduction is clear and accurate
DKlymenko,Participant 12895815,4,4,Introduction gives big-picture overview
DKlymenko,Participant 12895815,3,5,Introduction outlines specific research area
DKlymenko,Participant 12895815,2,6,Introduction gives rationale for current experiment
DKlymenko,Participant 12895815,2,7,"Participant section is clear, accurate, and contain correct information"
DKlymenko,Participant 12895815,4,8,Sample sizes are justified through a power calculation
DKlymenko,Participant 12895815,2,9,"Apparatus and materials sections are clear, accurate, and contain correct information"
DKlymenko,Participant 12895815,3,10,"Procedure section is clear, accurate, and contain correct information."
DKlymenko,Participant 12895815,2,11,"Result section is overall clear, accurate, and contain correct information"
DKlymenko,Participant 12895815,4,12,"Figure(s) are clear and appropriate, lack clutter, and have meaningful axis labels and good font sizes"
DKlymenko,Participant 12895815,1,13,Figure(s) have an appropriate figure legend that is referred to in the main text.
DKlymenko,Participant 12895815,2,14,"Results section includes appropriate and accurate summary statistics (e.g. means, density plots)"
DKlymenko,Participant 12895815,2,15,Results section includes appropriate and accurate inferential statistics (Bayesian ANOVA)
DKlymenko,Participant 12895815,2,17,Discussion correctly and clearly summarises findings
DKlymenko,Participant 12895815,3,18,Discussion correctly interprets findings
DKlymenko,Participant 12895815,4,19,Discussion makes appropriate links to previous literature
DKlymenko,Participant 12895815,4,20,Discussion provides good considerations of the limitations of the current study
DKlymenko,Participant 12895815,2,21,"Discussion makes a good, sensible suggestion for future work"
DKlymenko,Participant 12895815,1,22,Discussion concludes appropriately.
DKlymenko,Participant 12895815,3,23,Overall clarity of writing
DKlymenko,Participant 12895815,3,24,Overall quality of grammar and spelling
DKlymenko,Participant 12895815,2,25,Correct formatting of sections and sub-sections
DKlymenko,Participant 12895815,3,26,Correct usage of APA-formatted citations and references
DKlymenko,Participant 12895833,4,1,Abstract is clear and accurate
DKlymenko,Participant 12895833,5,2,Abstract contains correct information
DKlymenko,Participant 12895833,3,3,Introduction is clear and accurate
DKlymenko,Participant 12895833,3,4,Introduction gives big-picture overview
DKlymenko,Participant 12895833,2,5,Introduction outlines specific research area
DKlymenko,Participant 12895833,2,6,Introduction gives rationale for current experiment
DKlymenko,Participant 12895833,5,7,"Participant section is clear, accurate, and contain correct information"
DKlymenko,Participant 12895833,4,8,Sample sizes are justified through a power calculation
DKlymenko,Participant 12895833,3,9,"Apparatus and materials sections are clear, accurate, and contain correct information"
DKlymenko,Participant 12895833,4,10,"Procedure section is clear, accurate, and contain correct information."
DKlymenko,Participant 12895833,3,11,"Result section is overall clear, accurate, and contain correct information"
DKlymenko,Participant 12895833,3,12,"Figure(s) are clear and appropriate, lack clutter, and have meaningful axis labels and good font sizes"
DKlymenko,Participant 12895833,5,13,Figure(s) have an appropriate figure legend that is referred to in the main text.
DKlymenko,Participant 12895833,4,14,"Results section includes appropriate and accurate summary statistics (e.g. means, density plots)"
DKlymenko,Participant 12895833,2,15,Results section includes appropriate and accurate inferential statistics (Bayesian ANOVA)
DKlymenko,Participant 12895833,4,17,Discussion correctly and clearly summarises findings
DKlymenko,Participant 12895833,3,18,Discussion correctly interprets findings
DKlymenko,Participant 12895833,2,19,Discussion makes appropriate links to previous literature
DKlymenko,Participant 12895833,3,20,Discussion provides good considerations of the limitations of the current study
DKlymenko,Participant 12895833,2,21,"Discussion makes a good, sensible suggestion for future work"
DKlymenko,Participant 12895833,4,22,Discussion concludes appropriately.
DKlymenko,Participant 12895833,4,23,Overall clarity of writing
DKlymenko,Participant 12895833,4,24,Overall quality of grammar and spelling
DKlymenko,Participant 12895833,5,25,Correct formatting of sections and sub-sections
DKlymenko,Participant 12895833,3,26,Correct usage of APA-formatted citations and references
DKlymenko,Participant 12895859,3,1,Abstract is clear and accurate
DKlymenko,Participant 12895859,4,2,Abstract contains correct information
DKlymenko,Participant 12895859,3,3,Introduction is clear and accurate
DKlymenko,Participant 12895859,4,4,Introduction gives big-picture overview
DKlymenko,Participant 12895859,3,5,Introduction outlines specific research area
DKlymenko,Participant 12895859,3,6,Introduction gives rationale for current experiment
DKlymenko,Participant 12895859,2,7,"Participant section is clear, accurate, and contain correct information"
DKlymenko,Participant 12895859,3,8,Sample sizes are justified through a power calculation
DKlymenko,Participant 12895859,3,9,"Apparatus and materials sections are clear, accurate, and contain correct information"
DKlymenko,Participant 12895859,4,10,"Procedure section is clear, accurate, and contain correct information."
DKlymenko,Participant 12895859,4,11,"Result section is overall clear, accurate, and contain correct information"
DKlymenko,Participant 12895859,4,12,"Figure(s) are clear and appropriate, lack clutter, and have meaningful axis labels and good font sizes"
DKlymenko,Participant 12895859,5,13,Figure(s) have an appropriate figure legend that is referred to in the main text.
DKlymenko,Participant 12895859,4,14,"Results section includes appropriate and accurate summary statistics (e.g. means, density plots)"
DKlymenko,Participant 12895859,4,15,Results section includes appropriate and accurate inferential statistics (Bayesian ANOVA)
DKlymenko,Participant 12895859,4,17,Discussion correctly and clearly summarises findings
DKlymenko,Participant 12895859,3,18,Discussion correctly interprets findings
DKlymenko,Participant 12895859,3,19,Discussion makes appropriate links to previous literature
DKlymenko,Participant 12895859,3,20,Discussion provides good considerations of the limitations of the current study
DKlymenko,Participant 12895859,3,21,"Discussion makes a good, sensible suggestion for future work"
DKlymenko,Participant 12895859,3,22,Discussion concludes appropriately.
DKlymenko,Participant 12895859,5,23,Overall clarity of writing
DKlymenko,Participant 12895859,5,24,Overall quality of grammar and spelling
DKlymenko,Participant 12895859,5,25,Correct formatting of sections and sub-sections
DKlymenko,Participant 12895859,5,26,Correct usage of APA-formatted citations and references
DKlymenko,Participant 12895861,3,1,Abstract is clear and accurate
DKlymenko,Participant 12895861,4,2,Abstract contains correct information
DKlymenko,Participant 12895861,3,3,Introduction is clear and accurate
DKlymenko,Participant 12895861,4,4,Introduction gives big-picture overview
DKlymenko,Participant 12895861,3,5,Introduction outlines specific research area
DKlymenko,Participant 12895861,3,6,Introduction gives rationale for current experiment
DKlymenko,Participant 12895861,2,7,"Participant section is clear, accurate, and contain correct information"
DKlymenko,Participant 12895861,1,8,Sample sizes are justified through a power calculation
DKlymenko,Participant 12895861,2,9,"Apparatus and materials sections are clear, accurate, and contain correct information"
DKlymenko,Participant 12895861,3,10,"Procedure section is clear, accurate, and contain correct information."
DKlymenko,Participant 12895861,2,11,"Result section is overall clear, accurate, and contain correct information"
DKlymenko,Participant 12895861,4,12,"Figure(s) are clear and appropriate, lack clutter, and have meaningful axis labels and good font sizes"
DKlymenko,Participant 12895861,3,13,Figure(s) have an appropriate figure legend that is referred to in the main text.
DKlymenko,Participant 12895861,4,14,"Results section includes appropriate and accurate summary statistics (e.g. means, density plots)"
DKlymenko,Participant 12895861,3,15,Results section includes appropriate and accurate inferential statistics (Bayesian ANOVA)
DKlymenko,Participant 12895861,3,17,Discussion correctly and clearly summarises findings
DKlymenko,Participant 12895861,3,18,Discussion correctly interprets findings
DKlymenko,Participant 12895861,1,19,Discussion makes appropriate links to previous literature
DKlymenko,Participant 12895861,3,20,Discussion provides good considerations of the limitations of the current study
DKlymenko,Participant 12895861,3,21,"Discussion makes a good, sensible suggestion for future work"
DKlymenko,Participant 12895861,3,22,Discussion concludes appropriately.
DKlymenko,Participant 12895861,3,23,Overall clarity of writing
DKlymenko,Participant 12895861,4,24,Overall quality of grammar and spelling
DKlymenko,Participant 12895861,1,25,Correct formatting of sections and sub-sections
DKlymenko,Participant 12895861,3,26,Correct usage of APA-formatted citations and references
DKlymenko,Participant 12895865,3,1,Abstract is clear and accurate
DKlymenko,Participant 12895865,4,2,Abstract contains correct information
DKlymenko,Participant 12895865,4,3,Introduction is clear and accurate
DKlymenko,Participant 12895865,4,4,Introduction gives big-picture overview
DKlymenko,Participant 12895865,3,5,Introduction outlines specific research area
DKlymenko,Participant 12895865,4,6,Introduction gives rationale for current experiment
DKlymenko,Participant 12895865,4,7,"Participant section is clear, accurate, and contain correct information"
DKlymenko,Participant 12895865,4,8,Sample sizes are justified through a power calculation
DKlymenko,Participant 12895865,3,9,"Apparatus and materials sections are clear, accurate, and contain correct information"
DKlymenko,Participant 12895865,4,10,"Procedure section is clear, accurate, and contain correct information."
DKlymenko,Participant 12895865,2,11,"Result section is overall clear, accurate, and contain correct information"
DKlymenko,Participant 12895865,3,12,"Figure(s) are clear and appropriate, lack clutter, and have meaningful axis labels and good font sizes"
DKlymenko,Participant 12895865,3,13,Figure(s) have an appropriate figure legend that is referred to in the main text.
DKlymenko,Participant 12895865,1,14,"Results section includes appropriate and accurate summary statistics (e.g. means, density plots)"
DKlymenko,Participant 12895865,2,15,Results section includes appropriate and accurate inferential statistics (Bayesian ANOVA)
DKlymenko,Participant 12895865,2,17,Discussion correctly and clearly summarises findings
DKlymenko,Participant 12895865,3,18,Discussion correctly interprets findings
DKlymenko,Participant 12895865,3,19,Discussion makes appropriate links to previous literature
DKlymenko,Participant 12895865,3,20,Discussion provides good considerations of the limitations of the current study
DKlymenko,Participant 12895865,2,21,"Discussion makes a good, sensible suggestion for future work"
DKlymenko,Participant 12895865,3,22,Discussion concludes appropriately.
DKlymenko,Participant 12895865,3,23,Overall clarity of writing
DKlymenko,Participant 12895865,4,24,Overall quality of grammar and spelling
DKlymenko,Participant 12895865,5,25,Correct formatting of sections and sub-sections
DKlymenko,Participant 12895865,3,26,Correct usage of APA-formatted citations and references
DKlymenko,Participant 12895872,3,1,Abstract is clear and accurate
DKlymenko,Participant 12895872,3,2,Abstract contains correct information
DKlymenko,Participant 12895872,3,3,Introduction is clear and accurate
DKlymenko,Participant 12895872,3,4,Introduction gives big-picture overview
DKlymenko,Participant 12895872,4,5,Introduction outlines specific research area
DKlymenko,Participant 12895872,3,6,Introduction gives rationale for current experiment
DKlymenko,Participant 12895872,4,7,"Participant section is clear, accurate, and contain correct information"
DKlymenko,Participant 12895872,4,8,Sample sizes are justified through a power calculation
DKlymenko,Participant 12895872,4,9,"Apparatus and materials sections are clear, accurate, and contain correct information"
DKlymenko,Participant 12895872,4,10,"Procedure section is clear, accurate, and contain correct information."
DKlymenko,Participant 12895872,3,11,"Result section is overall clear, accurate, and contain correct information"
DKlymenko,Participant 12895872,4,12,"Figure(s) are clear and appropriate, lack clutter, and have meaningful axis labels and good font sizes"
DKlymenko,Participant 12895872,3,13,Figure(s) have an appropriate figure legend that is referred to in the main text.
DKlymenko,Participant 12895872,4,14,"Results section includes appropriate and accurate summary statistics (e.g. means, density plots)"
DKlymenko,Participant 12895872,2,15,Results section includes appropriate and accurate inferential statistics (Bayesian ANOVA)
DKlymenko,Participant 12895872,2,17,Discussion correctly and clearly summarises findings
DKlymenko,Participant 12895872,2,18,Discussion correctly interprets findings
DKlymenko,Participant 12895872,2,19,Discussion makes appropriate links to previous literature
DKlymenko,Participant 12895872,3,20,Discussion provides good considerations of the limitations of the current study
DKlymenko,Participant 12895872,1,21,"Discussion makes a good, sensible suggestion for future work"
DKlymenko,Participant 12895872,2,22,Discussion concludes appropriately.
DKlymenko,Participant 12895872,3,23,Overall clarity of writing
DKlymenko,Participant 12895872,4,24,Overall quality of grammar and spelling
DKlymenko,Participant 12895872,4,25,Correct formatting of sections and sub-sections
DKlymenko,Participant 12895872,4,26,Correct usage of APA-formatted citations and references
DKlymenko,Participant 12895889,4,1,Abstract is clear and accurate
DKlymenko,Participant 12895889,3,2,Abstract contains correct information
DKlymenko,Participant 12895889,3,3,Introduction is clear and accurate
DKlymenko,Participant 12895889,4,4,Introduction gives big-picture overview
DKlymenko,Participant 12895889,3,5,Introduction outlines specific research area
DKlymenko,Participant 12895889,2,6,Introduction gives rationale for current experiment
DKlymenko,Participant 12895889,5,7,"Participant section is clear, accurate, and contain correct information"
DKlymenko,Participant 12895889,4,8,Sample sizes are justified through a power calculation
DKlymenko,Participant 12895889,4,9,"Apparatus and materials sections are clear, accurate, and contain correct information"
DKlymenko,Participant 12895889,4,10,"Procedure section is clear, accurate, and contain correct information."
DKlymenko,Participant 12895889,2,11,"Result section is overall clear, accurate, and contain correct information"
DKlymenko,Participant 12895889,3,12,"Figure(s) are clear and appropriate, lack clutter, and have meaningful axis labels and good font sizes"
DKlymenko,Participant 12895889,3,13,Figure(s) have an appropriate figure legend that is referred to in the main text.
DKlymenko,Participant 12895889,1,14,"Results section includes appropriate and accurate summary statistics (e.g. means, density plots)"
DKlymenko,Participant 12895889,2,15,Results section includes appropriate and accurate inferential statistics (Bayesian ANOVA)
DKlymenko,Participant 12895889,2,17,Discussion correctly and clearly summarises findings
DKlymenko,Participant 12895889,2,18,Discussion correctly interprets findings
DKlymenko,Participant 12895889,2,19,Discussion makes appropriate links to previous literature
DKlymenko,Participant 12895889,2,20,Discussion provides good considerations of the limitations of the current study
DKlymenko,Participant 12895889,3,21,"Discussion makes a good, sensible suggestion for future work"
DKlymenko,Participant 12895889,3,22,Discussion concludes appropriately.
DKlymenko,Participant 12895889,4,23,Overall clarity of writing
DKlymenko,Participant 12895889,5,24,Overall quality of grammar and spelling
DKlymenko,Participant 12895889,5,25,Correct formatting of sections and sub-sections
DKlymenko,Participant 12895889,4,26,Correct usage of APA-formatted citations and references
DKlymenko,Participant 12895925,5,1,Abstract is clear and accurate
DKlymenko,Participant 12895925,5,2,Abstract contains correct information
DKlymenko,Participant 12895925,4,3,Introduction is clear and accurate
DKlymenko,Participant 12895925,4,4,Introduction gives big-picture overview
DKlymenko,Participant 12895925,3,5,Introduction outlines specific research area
DKlymenko,Participant 12895925,4,6,Introduction gives rationale for current experiment
DKlymenko,Participant 12895925,4,7,"Participant section is clear, accurate, and contain correct information"
DKlymenko,Participant 12895925,1,8,Sample sizes are justified through a power calculation
DKlymenko,Participant 12895925,4,9,"Apparatus and materials sections are clear, accurate, and contain correct information"
DKlymenko,Participant 12895925,3,10,"Procedure section is clear, accurate, and contain correct information."
DKlymenko,Participant 12895925,4,11,"Result section is overall clear, accurate, and contain correct information"
DKlymenko,Participant 12895925,4,12,"Figure(s) are clear and appropriate, lack clutter, and have meaningful axis labels and good font sizes"
DKlymenko,Participant 12895925,4,13,Figure(s) have an appropriate figure legend that is referred to in the main text.
DKlymenko,Participant 12895925,3,14,"Results section includes appropriate and accurate summary statistics (e.g. means, density plots)"
DKlymenko,Participant 12895925,2,15,Results section includes appropriate and accurate inferential statistics (Bayesian ANOVA)
DKlymenko,Participant 12895925,3,17,Discussion correctly and clearly summarises findings
DKlymenko,Participant 12895925,4,18,Discussion correctly interprets findings
DKlymenko,Participant 12895925,2,19,Discussion makes appropriate links to previous literature
DKlymenko,Participant 12895925,3,20,Discussion provides good considerations of the limitations of the current study
DKlymenko,Participant 12895925,3,21,"Discussion makes a good, sensible suggestion for future work"
DKlymenko,Participant 12895925,3,22,Discussion concludes appropriately.
DKlymenko,Participant 12895925,5,23,Overall clarity of writing
DKlymenko,Participant 12895925,3,24,Overall quality of grammar and spelling
DKlymenko,Participant 12895925,3,25,Correct formatting of sections and sub-sections
DKlymenko,Participant 12895925,3,26,Correct usage of APA-formatted citations and references
DKlymenko,Participant 12895927,4,1,Abstract is clear and accurate
DKlymenko,Participant 12895927,4,2,Abstract contains correct information
DKlymenko,Participant 12895927,4,3,Introduction is clear and accurate
DKlymenko,Participant 12895927,5,4,Introduction gives big-picture overview
DKlymenko,Participant 12895927,4,5,Introduction outlines specific research area
DKlymenko,Participant 12895927,5,6,Introduction gives rationale for current experiment
DKlymenko,Participant 12895927,5,7,"Participant section is clear, accurate, and contain correct information"
DKlymenko,Participant 12895927,4,8,Sample sizes are justified through a power calculation
DKlymenko,Participant 12895927,4,9,"Apparatus and materials sections are clear, accurate, and contain correct information"
DKlymenko,Participant 12895927,5,10,"Procedure section is clear, accurate, and contain correct information."
DKlymenko,Participant 12895927,4,11,"Result section is overall clear, accurate, and contain correct information"
DKlymenko,Participant 12895927,4,12,"Figure(s) are clear and appropriate, lack clutter, and have meaningful axis labels and good font sizes"
DKlymenko,Participant 12895927,5,13,Figure(s) have an appropriate figure legend that is referred to in the main text.
DKlymenko,Participant 12895927,5,14,"Results section includes appropriate and accurate summary statistics (e.g. means, density plots)"
DKlymenko,Participant 12895927,3,15,Results section includes appropriate and accurate inferential statistics (Bayesian ANOVA)
DKlymenko,Participant 12895927,2,17,Discussion correctly and clearly summarises findings
DKlymenko,Participant 12895927,4,18,Discussion correctly interprets findings
DKlymenko,Participant 12895927,5,19,Discussion makes appropriate links to previous literature
DKlymenko,Participant 12895927,3,20,Discussion provides good considerations of the limitations of the current study
DKlymenko,Participant 12895927,2,21,"Discussion makes a good, sensible suggestion for future work"
DKlymenko,Participant 12895927,4,22,Discussion concludes appropriately.
DKlymenko,Participant 12895927,5,23,Overall clarity of writing
DKlymenko,Participant 12895927,5,24,Overall quality of grammar and spelling
DKlymenko,Participant 12895927,5,25,Correct formatting of sections and sub-sections
DKlymenko,Participant 12895927,5,26,Correct usage of APA-formatted citations and references
JSolomon,Participant 12895706,3,1,Abstract is clear and accurate
JSolomon,Participant 12895706,2,2,Abstract contains correct information
JSolomon,Participant 12895706,3,3,Introduction is clear and accurate
JSolomon,Participant 12895706,2,4,Introduction gives big-picture overview
JSolomon,Participant 12895706,2,5,Introduction outlines specific research area
JSolomon,Participant 12895706,1,6,Introduction gives rationale for current experiment
JSolomon,Participant 12895706,3,7,"Participant section is clear, accurate, and contain correct information"
JSolomon,Participant 12895706,2,8,Sample sizes are justified through a power calculation
JSolomon,Participant 12895706,4,9,"Apparatus and materials sections are clear, accurate, and contain correct information"
JSolomon,Participant 12895706,3,10,"Procedure section is clear, accurate, and contain correct information."
JSolomon,Participant 12895706,3,11,"Result section is overall clear, accurate, and contain correct information"
JSolomon,Participant 12895706,3,12,"Figure(s) are clear and appropriate, lack clutter, and have meaningful axis labels and good font sizes"
JSolomon,Participant 12895706,3,13,Figure(s) have an appropriate figure legend that is referred to in the main text.
JSolomon,Participant 12895706,1,14,"Results section includes appropriate and accurate summary statistics (e.g. means, density plots)"
JSolomon,Participant 12895706,3,15,Results section includes appropriate and accurate inferential statistics (Bayesian ANOVA)
JSolomon,Participant 12895706,3,17,Discussion correctly and clearly summarises findings
JSolomon,Participant 12895706,3,18,Discussion correctly interprets findings
JSolomon,Participant 12895706,2,19,Discussion makes appropriate links to previous literature
JSolomon,Participant 12895706,2,20,Discussion provides good considerations of the limitations of the current study
JSolomon,Participant 12895706,1,21,"Discussion makes a good, sensible suggestion for future work"
JSolomon,Participant 12895706,2,22,Discussion concludes appropriately.
JSolomon,Participant 12895706,2,23,Overall clarity of writing
JSolomon,Participant 12895706,4,24,Overall quality of grammar and spelling
JSolomon,Participant 12895706,3,25,Correct formatting of sections and sub-sections
JSolomon,Participant 12895706,2,26,Correct usage of APA-formatted citations and references
JSolomon,Participant 12895707,2,1,Abstract is clear and accurate
JSolomon,Participant 12895707,2,2,Abstract contains correct information
JSolomon,Participant 12895707,2,3,Introduction is clear and accurate
JSolomon,Participant 12895707,2,4,Introduction gives big-picture overview
JSolomon,Participant 12895707,2,5,Introduction outlines specific research area
JSolomon,Participant 12895707,1,6,Introduction gives rationale for current experiment
JSolomon,Participant 12895707,3,7,"Participant section is clear, accurate, and contain correct information"
JSolomon,Participant 12895707,5,8,Sample sizes are justified through a power calculation
JSolomon,Participant 12895707,3,9,"Apparatus and materials sections are clear, accurate, and contain correct information"
JSolomon,Participant 12895707,3,10,"Procedure section is clear, accurate, and contain correct information."
JSolomon,Participant 12895707,2,11,"Result section is overall clear, accurate, and contain correct information"
JSolomon,Participant 12895707,2,12,"Figure(s) are clear and appropriate, lack clutter, and have meaningful axis labels and good font sizes"
JSolomon,Participant 12895707,4,13,Figure(s) have an appropriate figure legend that is referred to in the main text.
JSolomon,Participant 12895707,5,14,"Results section includes appropriate and accurate summary statistics (e.g. means, density plots)"
JSolomon,Participant 12895707,3,15,Results section includes appropriate and accurate inferential statistics (Bayesian ANOVA)
JSolomon,Participant 12895707,1,17,Discussion correctly and clearly summarises findings
JSolomon,Participant 12895707,1,18,Discussion correctly interprets findings
JSolomon,Participant 12895707,1,19,Discussion makes appropriate links to previous literature
JSolomon,Participant 12895707,2,20,Discussion provides good considerations of the limitations of the current study
JSolomon,Participant 12895707,1,21,"Discussion makes a good, sensible suggestion for future work"
JSolomon,Participant 12895707,1,22,Discussion concludes appropriately.
JSolomon,Participant 12895707,2,23,Overall clarity of writing
JSolomon,Participant 12895707,2,24,Overall quality of grammar and spelling
JSolomon,Participant 12895707,4,25,Correct formatting of sections and sub-sections
JSolomon,Participant 12895707,3,26,Correct usage of APA-formatted citations and references
JSolomon,Participant 12895710,4,1,Abstract is clear and accurate
JSolomon,Participant 12895710,3,2,Abstract contains correct information
JSolomon,Participant 12895710,3,3,Introduction is clear and accurate
JSolomon,Participant 12895710,4,4,Introduction gives big-picture overview
JSolomon,Participant 12895710,4,5,Introduction outlines specific research area
JSolomon,Participant 12895710,3,6,Introduction gives rationale for current experiment
JSolomon,Participant 12895710,4,7,"Participant section is clear, accurate, and contain correct information"
JSolomon,Participant 12895710,5,8,Sample sizes are justified through a power calculation
JSolomon,Participant 12895710,4,9,"Apparatus and materials sections are clear, accurate, and contain correct information"
JSolomon,Participant 12895710,4,10,"Procedure section is clear, accurate, and contain correct information."
JSolomon,Participant 12895710,3,11,"Result section is overall clear, accurate, and contain correct information"
JSolomon,Participant 12895710,4,12,"Figure(s) are clear and appropriate, lack clutter, and have meaningful axis labels and good font sizes"
JSolomon,Participant 12895710,5,13,Figure(s) have an appropriate figure legend that is referred to in the main text.
JSolomon,Participant 12895710,4,14,"Results section includes appropriate and accurate summary statistics (e.g. means, density plots)"
JSolomon,Participant 12895710,5,15,Results section includes appropriate and accurate inferential statistics (Bayesian ANOVA)
JSolomon,Participant 12895710,3,17,Discussion correctly and clearly summarises findings
JSolomon,Participant 12895710,3,18,Discussion correctly interprets findings
JSolomon,Participant 12895710,5,19,Discussion makes appropriate links to previous literature
JSolomon,Participant 12895710,3,20,Discussion provides good considerations of the limitations of the current study
JSolomon,Participant 12895710,2,21,"Discussion makes a good, sensible suggestion for future work"
JSolomon,Participant 12895710,2,22,Discussion concludes appropriately.
JSolomon,Participant 12895710,3,23,Overall clarity of writing
JSolomon,Participant 12895710,4,24,Overall quality of grammar and spelling
JSolomon,Participant 12895710,3,25,Correct formatting of sections and sub-sections
JSolomon,Participant 12895710,2,26,Correct usage of APA-formatted citations and references
JSolomon,Participant 12895713,4,1,Abstract is clear and accurate
JSolomon,Participant 12895713,4,2,Abstract contains correct information
JSolomon,Participant 12895713,4,3,Introduction is clear and accurate
JSolomon,Participant 12895713,3,4,Introduction gives big-picture overview
JSolomon,Participant 12895713,3,5,Introduction outlines specific research area
JSolomon,Participant 12895713,3,6,Introduction gives rationale for current experiment
JSolomon,Participant 12895713,5,7,"Participant section is clear, accurate, and contain correct information"
JSolomon,Participant 12895713,3,8,Sample sizes are justified through a power calculation
JSolomon,Participant 12895713,5,9,"Apparatus and materials sections are clear, accurate, and contain correct information"
JSolomon,Participant 12895713,4,10,"Procedure section is clear, accurate, and contain correct information."
JSolomon,Participant 12895713,3,11,"Result section is overall clear, accurate, and contain correct information"
JSolomon,Participant 12895713,4,12,"Figure(s) are clear and appropriate, lack clutter, and have meaningful axis labels and good font sizes"
JSolomon,Participant 12895713,4,13,Figure(s) have an appropriate figure legend that is referred to in the main text.
JSolomon,Participant 12895713,4,14,"Results section includes appropriate and accurate summary statistics (e.g. means, density plots)"
JSolomon,Participant 12895713,4,15,Results section includes appropriate and accurate inferential statistics (Bayesian ANOVA)
JSolomon,Participant 12895713,2,17,Discussion correctly and clearly summarises findings
JSolomon,Participant 12895713,2,18,Discussion correctly interprets findings
JSolomon,Participant 12895713,3,19,Discussion makes appropriate links to previous literature
JSolomon,Participant 12895713,2,20,Discussion provides good considerations of the limitations of the current study
JSolomon,Participant 12895713,1,21,"Discussion makes a good, sensible suggestion for future work"
JSolomon,Participant 12895713,2,22,Discussion concludes appropriately.
JSolomon,Participant 12895713,3,23,Overall clarity of writing
JSolomon,Participant 12895713,5,24,Overall quality of grammar and spelling
JSolomon,Participant 12895713,5,25,Correct formatting of sections and sub-sections
JSolomon,Participant 12895713,5,26,Correct usage of APA-formatted citations and references
JSolomon,Participant 12895741,3,1,Abstract is clear and accurate
JSolomon,Participant 12895741,4,2,Abstract contains correct information
JSolomon,Participant 12895741,4,3,Introduction is clear and accurate
JSolomon,Participant 12895741,5,4,Introduction gives big-picture overview
JSolomon,Participant 12895741,4,5,Introduction outlines specific research area
JSolomon,Participant 12895741,5,6,Introduction gives rationale for current experiment
JSolomon,Participant 12895741,5,7,"Participant section is clear, accurate, and contain correct information"
JSolomon,Participant 12895741,4,8,Sample sizes are justified through a power calculation
JSolomon,Participant 12895741,5,9,"Apparatus and materials sections are clear, accurate, and contain correct information"
JSolomon,Participant 12895741,5,10,"Procedure section is clear, accurate, and contain correct information."
JSolomon,Participant 12895741,4,11,"Result section is overall clear, accurate, and contain correct information"
JSolomon,Participant 12895741,4,12,"Figure(s) are clear and appropriate, lack clutter, and have meaningful axis labels and good font sizes"
JSolomon,Participant 12895741,5,13,Figure(s) have an appropriate figure legend that is referred to in the main text.
JSolomon,Participant 12895741,5,14,"Results section includes appropriate and accurate summary statistics (e.g. means, density plots)"
JSolomon,Participant 12895741,4,15,Results section includes appropriate and accurate inferential statistics (Bayesian ANOVA)
JSolomon,Participant 12895741,5,17,Discussion correctly and clearly summarises findings
JSolomon,Participant 12895741,5,18,Discussion correctly interprets findings
JSolomon,Participant 12895741,4,19,Discussion makes appropriate links to previous literature
JSolomon,Participant 12895741,4,20,Discussion provides good considerations of the limitations of the current study
JSolomon,Participant 12895741,3,21,"Discussion makes a good, sensible suggestion for future work"
JSolomon,Participant 12895741,4,22,Discussion concludes appropriately.
JSolomon,Participant 12895741,5,23,Overall clarity of writing
JSolomon,Participant 12895741,5,24,Overall quality of grammar and spelling
JSolomon,Participant 12895741,5,25,Correct formatting of sections and sub-sections
JSolomon,Participant 12895741,4,26,Correct usage of APA-formatted citations and references
JSolomon,Participant 12895747,3,1,Abstract is clear and accurate
JSolomon,Participant 12895747,4,2,Abstract contains correct information
JSolomon,Participant 12895747,4,3,Introduction is clear and accurate
JSolomon,Participant 12895747,2,4,Introduction gives big-picture overview
JSolomon,Participant 12895747,3,5,Introduction outlines specific research area
JSolomon,Participant 12895747,3,6,Introduction gives rationale for current experiment
JSolomon,Participant 12895747,4,7,"Participant section is clear, accurate, and contain correct information"
JSolomon,Participant 12895747,4,8,Sample sizes are justified through a power calculation
JSolomon,Participant 12895747,3,9,"Apparatus and materials sections are clear, accurate, and contain correct information"
JSolomon,Participant 12895747,4,10,"Procedure section is clear, accurate, and contain correct information."
JSolomon,Participant 12895747,5,11,"Result section is overall clear, accurate, and contain correct information"
JSolomon,Participant 12895747,5,12,"Figure(s) are clear and appropriate, lack clutter, and have meaningful axis labels and good font sizes"
JSolomon,Participant 12895747,4,13,Figure(s) have an appropriate figure legend that is referred to in the main text.
JSolomon,Participant 12895747,5,14,"Results section includes appropriate and accurate summary statistics (e.g. means, density plots)"
JSolomon,Participant 12895747,5,15,Results section includes appropriate and accurate inferential statistics (Bayesian ANOVA)
JSolomon,Participant 12895747,5,17,Discussion correctly and clearly summarises findings
JSolomon,Participant 12895747,5,18,Discussion correctly interprets findings
JSolomon,Participant 12895747,2,19,Discussion makes appropriate links to previous literature
JSolomon,Participant 12895747,3,20,Discussion provides good considerations of the limitations of the current study
JSolomon,Participant 12895747,2,21,"Discussion makes a good, sensible suggestion for future work"
JSolomon,Participant 12895747,2,22,Discussion concludes appropriately.
JSolomon,Participant 12895747,4,23,Overall clarity of writing
JSolomon,Participant 12895747,5,24,Overall quality of grammar and spelling
JSolomon,Participant 12895747,3,25,Correct formatting of sections and sub-sections
JSolomon,Participant 12895747,3,26,Correct usage of APA-formatted citations and references
JSolomon,Participant 12895768,3,1,Abstract is clear and accurate
JSolomon,Participant 12895768,3,2,Abstract contains correct information
JSolomon,Participant 12895768,3,3,Introduction is clear and accurate
JSolomon,Participant 12895768,4,4,Introduction gives big-picture overview
JSolomon,Participant 12895768,4,5,Introduction outlines specific research area
JSolomon,Participant 12895768,3,6,Introduction gives rationale for current experiment
JSolomon,Participant 12895768,2,7,"Participant section is clear, accurate, and contain correct information"
JSolomon,Participant 12895768,3,8,Sample sizes are justified through a power calculation
JSolomon,Participant 12895768,5,9,"Apparatus and materials sections are clear, accurate, and contain correct information"
JSolomon,Participant 12895768,5,10,"Procedure section is clear, accurate, and contain correct information."
JSolomon,Participant 12895768,2,11,"Result section is overall clear, accurate, and contain correct information"
JSolomon,Participant 12895768,3,12,"Figure(s) are clear and appropriate, lack clutter, and have meaningful axis labels and good font sizes"
JSolomon,Participant 12895768,2,13,Figure(s) have an appropriate figure legend that is referred to in the main text.
JSolomon,Participant 12895768,1,14,"Results section includes appropriate and accurate summary statistics (e.g. means, density plots)"
JSolomon,Participant 12895768,3,15,Results section includes appropriate and accurate inferential statistics (Bayesian ANOVA)
JSolomon,Participant 12895768,2,17,Discussion correctly and clearly summarises findings
JSolomon,Participant 12895768,3,18,Discussion correctly interprets findings
JSolomon,Participant 12895768,3,19,Discussion makes appropriate links to previous literature
JSolomon,Participant 12895768,3,20,Discussion provides good considerations of the limitations of the current study
JSolomon,Participant 12895768,2,21,"Discussion makes a good, sensible suggestion for future work"
JSolomon,Participant 12895768,3,22,Discussion concludes appropriately.
JSolomon,Participant 12895768,3,23,Overall clarity of writing
JSolomon,Participant 12895768,4,24,Overall quality of grammar and spelling
JSolomon,Participant 12895768,4,25,Correct formatting of sections and sub-sections
JSolomon,Participant 12895768,5,26,Correct usage of APA-formatted citations and references
JSolomon,Participant 12895769,4,1,Abstract is clear and accurate
JSolomon,Participant 12895769,3,2,Abstract contains correct information
JSolomon,Participant 12895769,4,3,Introduction is clear and accurate
JSolomon,Participant 12895769,4,4,Introduction gives big-picture overview
JSolomon,Participant 12895769,4,5,Introduction outlines specific research area
JSolomon,Participant 12895769,3,6,Introduction gives rationale for current experiment
JSolomon,Participant 12895769,3,7,"Participant section is clear, accurate, and contain correct information"
JSolomon,Participant 12895769,1,8,Sample sizes are justified through a power calculation
JSolomon,Participant 12895769,3,9,"Apparatus and materials sections are clear, accurate, and contain correct information"
JSolomon,Participant 12895769,3,10,"Procedure section is clear, accurate, and contain correct information."
JSolomon,Participant 12895769,3,11,"Result section is overall clear, accurate, and contain correct information"
JSolomon,Participant 12895769,4,12,"Figure(s) are clear and appropriate, lack clutter, and have meaningful axis labels and good font sizes"
JSolomon,Participant 12895769,4,13,Figure(s) have an appropriate figure legend that is referred to in the main text.
JSolomon,Participant 12895769,1,14,"Results section includes appropriate and accurate summary statistics (e.g. means, density plots)"
JSolomon,Participant 12895769,5,15,Results section includes appropriate and accurate inferential statistics (Bayesian ANOVA)
JSolomon,Participant 12895769,5,17,Discussion correctly and clearly summarises findings
JSolomon,Participant 12895769,5,18,Discussion correctly interprets findings
JSolomon,Participant 12895769,3,19,Discussion makes appropriate links to previous literature
JSolomon,Participant 12895769,3,20,Discussion provides good considerations of the limitations of the current study
JSolomon,Participant 12895769,1,21,"Discussion makes a good, sensible suggestion for future work"
JSolomon,Participant 12895769,1,22,Discussion concludes appropriately.
JSolomon,Participant 12895769,3,23,Overall clarity of writing
JSolomon,Participant 12895769,4,24,Overall quality of grammar and spelling
JSolomon,Participant 12895769,5,25,Correct formatting of sections and sub-sections
JSolomon,Participant 12895769,4,26,Correct usage of APA-formatted citations and references
JSolomon,Participant 12895782,3,1,Abstract is clear and accurate
JSolomon,Participant 12895782,3,2,Abstract contains correct information
JSolomon,Participant 12895782,4,3,Introduction is clear and accurate
JSolomon,Participant 12895782,4,4,Introduction gives big-picture overview
JSolomon,Participant 12895782,4,5,Introduction outlines specific research area
JSolomon,Participant 12895782,3,6,Introduction gives rationale for current experiment
JSolomon,Participant 12895782,4,7,"Participant section is clear, accurate, and contain correct information"
JSolomon,Participant 12895782,1,8,Sample sizes are justified through a power calculation
JSolomon,Participant 12895782,4,9,"Apparatus and materials sections are clear, accurate, and contain correct information"
JSolomon,Participant 12895782,4,10,"Procedure section is clear, accurate, and contain correct information."
JSolomon,Participant 12895782,2,11,"Result section is overall clear, accurate, and contain correct information"
JSolomon,Participant 12895782,4,12,"Figure(s) are clear and appropriate, lack clutter, and have meaningful axis labels and good font sizes"
JSolomon,Participant 12895782,5,13,Figure(s) have an appropriate figure legend that is referred to in the main text.
JSolomon,Participant 12895782,4,14,"Results section includes appropriate and accurate summary statistics (e.g. means, density plots)"
JSolomon,Participant 12895782,3,15,Results section includes appropriate and accurate inferential statistics (Bayesian ANOVA)
JSolomon,Participant 12895782,3,17,Discussion correctly and clearly summarises findings
JSolomon,Participant 12895782,4,18,Discussion correctly interprets findings
JSolomon,Participant 12895782,4,19,Discussion makes appropriate links to previous literature
JSolomon,Participant 12895782,3,20,Discussion provides good considerations of the limitations of the current study
JSolomon,Participant 12895782,2,21,"Discussion makes a good, sensible suggestion for future work"
JSolomon,Participant 12895782,1,22,Discussion concludes appropriately.
JSolomon,Participant 12895782,2,23,Overall clarity of writing
JSolomon,Participant 12895782,4,24,Overall quality of grammar and spelling
JSolomon,Participant 12895782,5,25,Correct formatting of sections and sub-sections
JSolomon,Participant 12895782,3,26,Correct usage of APA-formatted citations and references
JSolomon,Participant 12895786,2,1,Abstract is clear and accurate
JSolomon,Participant 12895786,3,2,Abstract contains correct information
JSolomon,Participant 12895786,2,3,Introduction is clear and accurate
JSolomon,Participant 12895786,3,4,Introduction gives big-picture overview
JSolomon,Participant 12895786,3,5,Introduction outlines specific research area
JSolomon,Participant 12895786,3,6,Introduction gives rationale for current experiment
JSolomon,Participant 12895786,3,7,"Participant section is clear, accurate, and contain correct information"
JSolomon,Participant 12895786,1,8,Sample sizes are justified through a power calculation
JSolomon,Participant 12895786,3,9,"Apparatus and materials sections are clear, accurate, and contain correct information"
JSolomon,Participant 12895786,3,10,"Procedure section is clear, accurate, and contain correct information."
JSolomon,Participant 12895786,3,11,"Result section is overall clear, accurate, and contain correct information"
JSolomon,Participant 12895786,4,12,"Figure(s) are clear and appropriate, lack clutter, and have meaningful axis labels and good font sizes"
JSolomon,Participant 12895786,1,13,Figure(s) have an appropriate figure legend that is referred to in the main text.
JSolomon,Participant 12895786,1,14,"Results section includes appropriate and accurate summary statistics (e.g. means, density plots)"
JSolomon,Participant 12895786,5,15,Results section includes appropriate and accurate inferential statistics (Bayesian ANOVA)
JSolomon,Participant 12895786,3,17,Discussion correctly and clearly summarises findings
JSolomon,Participant 12895786,2,18,Discussion correctly interprets findings
JSolomon,Participant 12895786,2,19,Discussion makes appropriate links to previous literature
JSolomon,Participant 12895786,2,20,Discussion provides good considerations of the limitations of the current study
JSolomon,Participant 12895786,2,21,"Discussion makes a good, sensible suggestion for future work"
JSolomon,Participant 12895786,2,22,Discussion concludes appropriately.
JSolomon,Participant 12895786,2,23,Overall clarity of writing
JSolomon,Participant 12895786,1,24,Overall quality of grammar and spelling
JSolomon,Participant 12895786,1,25,Correct formatting of sections and sub-sections
JSolomon,Participant 12895786,1,26,Correct usage of APA-formatted citations and references
JSolomon,Participant 12895806,4,1,Abstract is clear and accurate
JSolomon,Participant 12895806,4,2,Abstract contains correct information
JSolomon,Participant 12895806,4,3,Introduction is clear and accurate
JSolomon,Participant 12895806,4,4,Introduction gives big-picture overview
JSolomon,Participant 12895806,3,5,Introduction outlines specific research area
JSolomon,Participant 12895806,4,6,Introduction gives rationale for current experiment
JSolomon,Participant 12895806,5,7,"Participant section is clear, accurate, and contain correct information"
JSolomon,Participant 12895806,5,8,Sample sizes are justified through a power calculation
JSolomon,Participant 12895806,3,9,"Apparatus and materials sections are clear, accurate, and contain correct information"
JSolomon,Participant 12895806,5,10,"Procedure section is clear, accurate, and contain correct information."
JSolomon,Participant 12895806,3,11,"Result section is overall clear, accurate, and contain correct information"
JSolomon,Participant 12895806,5,12,"Figure(s) are clear and appropriate, lack clutter, and have meaningful axis labels and good font sizes"
JSolomon,Participant 12895806,5,13,Figure(s) have an appropriate figure legend that is referred to in the main text.
JSolomon,Participant 12895806,1,14,"Results section includes appropriate and accurate summary statistics (e.g. means, density plots)"
JSolomon,Participant 12895806,5,15,Results section includes appropriate and accurate inferential statistics (Bayesian ANOVA)
JSolomon,Participant 12895806,5,17,Discussion correctly and clearly summarises findings
JSolomon,Participant 12895806,5,18,Discussion correctly interprets findings
JSolomon,Participant 12895806,4,19,Discussion makes appropriate links to previous literature
JSolomon,Participant 12895806,4,20,Discussion provides good considerations of the limitations of the current study
JSolomon,Participant 12895806,4,21,"Discussion makes a good, sensible suggestion for future work"
JSolomon,Participant 12895806,3,22,Discussion concludes appropriately.
JSolomon,Participant 12895806,3,23,Overall clarity of writing
JSolomon,Participant 12895806,5,24,Overall quality of grammar and spelling
JSolomon,Participant 12895806,5,25,Correct formatting of sections and sub-sections
JSolomon,Participant 12895806,3,26,Correct usage of APA-formatted citations and references
JSolomon,Participant 12895847,5,1,Abstract is clear and accurate
JSolomon,Participant 12895847,5,2,Abstract contains correct information
JSolomon,Participant 12895847,4,3,Introduction is clear and accurate
JSolomon,Participant 12895847,5,4,Introduction gives big-picture overview
JSolomon,Participant 12895847,5,5,Introduction outlines specific research area
JSolomon,Participant 12895847,4,6,Introduction gives rationale for current experiment
JSolomon,Participant 12895847,5,7,"Participant section is clear, accurate, and contain correct information"
JSolomon,Participant 12895847,5,8,Sample sizes are justified through a power calculation
JSolomon,Participant 12895847,5,9,"Apparatus and materials sections are clear, accurate, and contain correct information"
JSolomon,Participant 12895847,5,10,"Procedure section is clear, accurate, and contain correct information."
JSolomon,Participant 12895847,5,11,"Result section is overall clear, accurate, and contain correct information"
JSolomon,Participant 12895847,5,12,"Figure(s) are clear and appropriate, lack clutter, and have meaningful axis labels and good font sizes"
JSolomon,Participant 12895847,5,13,Figure(s) have an appropriate figure legend that is referred to in the main text.
JSolomon,Participant 12895847,5,14,"Results section includes appropriate and accurate summary statistics (e.g. means, density plots)"
JSolomon,Participant 12895847,5,15,Results section includes appropriate and accurate inferential statistics (Bayesian ANOVA)
JSolomon,Participant 12895847,5,17,Discussion correctly and clearly summarises findings
JSolomon,Participant 12895847,5,18,Discussion correctly interprets findings
JSolomon,Participant 12895847,4,19,Discussion makes appropriate links to previous literature
JSolomon,Participant 12895847,4,20,Discussion provides good considerations of the limitations of the current study
JSolomon,Participant 12895847,4,21,"Discussion makes a good, sensible suggestion for future work"
JSolomon,Participant 12895847,5,22,Discussion concludes appropriately.
JSolomon,Participant 12895847,5,23,Overall clarity of writing
JSolomon,Participant 12895847,5,24,Overall quality of grammar and spelling
JSolomon,Participant 12895847,5,25,Correct formatting of sections and sub-sections
JSolomon,Participant 12895847,5,26,Correct usage of APA-formatted citations and references
JSolomon,Participant 12895849,2,1,Abstract is clear and accurate
JSolomon,Participant 12895849,2,2,Abstract contains correct information
JSolomon,Participant 12895849,2,3,Introduction is clear and accurate
JSolomon,Participant 12895849,2,4,Introduction gives big-picture overview
JSolomon,Participant 12895849,2,5,Introduction outlines specific research area
JSolomon,Participant 12895849,2,6,Introduction gives rationale for current experiment
JSolomon,Participant 12895849,4,7,"Participant section is clear, accurate, and contain correct information"
JSolomon,Participant 12895849,3,8,Sample sizes are justified through a power calculation
JSolomon,Participant 12895849,4,9,"Apparatus and materials sections are clear, accurate, and contain correct information"
JSolomon,Participant 12895849,5,10,"Procedure section is clear, accurate, and contain correct information."
JSolomon,Participant 12895849,3,11,"Result section is overall clear, accurate, and contain correct information"
JSolomon,Participant 12895849,4,12,"Figure(s) are clear and appropriate, lack clutter, and have meaningful axis labels and good font sizes"
JSolomon,Participant 12895849,4,13,Figure(s) have an appropriate figure legend that is referred to in the main text.
JSolomon,Participant 12895849,5,14,"Results section includes appropriate and accurate summary statistics (e.g. means, density plots)"
JSolomon,Participant 12895849,2,15,Results section includes appropriate and accurate inferential statistics (Bayesian ANOVA)
JSolomon,Participant 12895849,3,17,Discussion correctly and clearly summarises findings
JSolomon,Participant 12895849,3,18,Discussion correctly interprets findings
JSolomon,Participant 12895849,4,19,Discussion makes appropriate links to previous literature
JSolomon,Participant 12895849,4,20,Discussion provides good considerations of the limitations of the current study
JSolomon,Participant 12895849,4,21,"Discussion makes a good, sensible suggestion for future work"
JSolomon,Participant 12895849,3,22,Discussion concludes appropriately.
JSolomon,Participant 12895849,4,23,Overall clarity of writing
JSolomon,Participant 12895849,4,24,Overall quality of grammar and spelling
JSolomon,Participant 12895849,3,25,Correct formatting of sections and sub-sections
JSolomon,Participant 12895849,4,26,Correct usage of APA-formatted citations and references
JSolomon,Participant 12895873,4,1,Abstract is clear and accurate
JSolomon,Participant 12895873,3,2,Abstract contains correct information
JSolomon,Participant 12895873,2,3,Introduction is clear and accurate
JSolomon,Participant 12895873,2,4,Introduction gives big-picture overview
JSolomon,Participant 12895873,2,5,Introduction outlines specific research area
JSolomon,Participant 12895873,2,6,Introduction gives rationale for current experiment
JSolomon,Participant 12895873,4,7,"Participant section is clear, accurate, and contain correct information"
JSolomon,Participant 12895873,3,8,Sample sizes are justified through a power calculation
JSolomon,Participant 12895873,4,9,"Apparatus and materials sections are clear, accurate, and contain correct information"
JSolomon,Participant 12895873,3,10,"Procedure section is clear, accurate, and contain correct information."
JSolomon,Participant 12895873,2,11,"Result section is overall clear, accurate, and contain correct information"
JSolomon,Participant 12895873,5,12,"Figure(s) are clear and appropriate, lack clutter, and have meaningful axis labels and good font sizes"
JSolomon,Participant 12895873,3,13,Figure(s) have an appropriate figure legend that is referred to in the main text.
JSolomon,Participant 12895873,5,14,"Results section includes appropriate and accurate summary statistics (e.g. means, density plots)"
JSolomon,Participant 12895873,3,15,Results section includes appropriate and accurate inferential statistics (Bayesian ANOVA)
JSolomon,Participant 12895873,2,17,Discussion correctly and clearly summarises findings
JSolomon,Participant 12895873,3,18,Discussion correctly interprets findings
JSolomon,Participant 12895873,2,19,Discussion makes appropriate links to previous literature
JSolomon,Participant 12895873,2,20,Discussion provides good considerations of the limitations of the current study
JSolomon,Participant 12895873,2,21,"Discussion makes a good, sensible suggestion for future work"
JSolomon,Participant 12895873,1,22,Discussion concludes appropriately.
JSolomon,Participant 12895873,2,23,Overall clarity of writing
JSolomon,Participant 12895873,5,24,Overall quality of grammar and spelling
JSolomon,Participant 12895873,3,25,Correct formatting of sections and sub-sections
JSolomon,Participant 12895873,4,26,Correct usage of APA-formatted citations and references
JSolomon,Participant 12895893,3,1,Abstract is clear and accurate
JSolomon,Participant 12895893,2,2,Abstract contains correct information
JSolomon,Participant 12895893,4,3,Introduction is clear and accurate
JSolomon,Participant 12895893,3,4,Introduction gives big-picture overview
JSolomon,Participant 12895893,3,5,Introduction outlines specific research area
JSolomon,Participant 12895893,2,6,Introduction gives rationale for current experiment
JSolomon,Participant 12895893,4,7,"Participant section is clear, accurate, and contain correct information"
JSolomon,Participant 12895893,4,8,Sample sizes are justified through a power calculation
JSolomon,Participant 12895893,4,9,"Apparatus and materials sections are clear, accurate, and contain correct information"
JSolomon,Participant 12895893,4,10,"Procedure section is clear, accurate, and contain correct information."
JSolomon,Participant 12895893,3,11,"Result section is overall clear, accurate, and contain correct information"
JSolomon,Participant 12895893,5,12,"Figure(s) are clear and appropriate, lack clutter, and have meaningful axis labels and good font sizes"
JSolomon,Participant 12895893,4,13,Figure(s) have an appropriate figure legend that is referred to in the main text.
JSolomon,Participant 12895893,5,14,"Results section includes appropriate and accurate summary statistics (e.g. means, density plots)"
JSolomon,Participant 12895893,3,15,Results section includes appropriate and accurate inferential statistics (Bayesian ANOVA)
JSolomon,Participant 12895893,2,17,Discussion correctly and clearly summarises findings
JSolomon,Participant 12895893,2,18,Discussion correctly interprets findings
JSolomon,Participant 12895893,2,19,Discussion makes appropriate links to previous literature
JSolomon,Participant 12895893,2,20,Discussion provides good considerations of the limitations of the current study
JSolomon,Participant 12895893,1,21,"Discussion makes a good, sensible suggestion for future work"
JSolomon,Participant 12895893,2,22,Discussion concludes appropriately.
JSolomon,Participant 12895893,2,23,Overall clarity of writing
JSolomon,Participant 12895893,4,24,Overall quality of grammar and spelling
JSolomon,Participant 12895893,4,25,Correct formatting of sections and sub-sections
JSolomon,Participant 12895893,4,26,Correct usage of APA-formatted citations and references
JSolomon,Participant 12895896,4,1,Abstract is clear and accurate
JSolomon,Participant 12895896,3,2,Abstract contains correct information
JSolomon,Participant 12895896,3,3,Introduction is clear and accurate
JSolomon,Participant 12895896,4,4,Introduction gives big-picture overview
JSolomon,Participant 12895896,3,5,Introduction outlines specific research area
JSolomon,Participant 12895896,3,6,Introduction gives rationale for current experiment
JSolomon,Participant 12895896,4,7,"Participant section is clear, accurate, and contain correct information"
JSolomon,Participant 12895896,4,8,Sample sizes are justified through a power calculation
JSolomon,Participant 12895896,4,9,"Apparatus and materials sections are clear, accurate, and contain correct information"
JSolomon,Participant 12895896,4,10,"Procedure section is clear, accurate, and contain correct information."
JSolomon,Participant 12895896,3,11,"Result section is overall clear, accurate, and contain correct information"
JSolomon,Participant 12895896,5,12,"Figure(s) are clear and appropriate, lack clutter, and have meaningful axis labels and good font sizes"
JSolomon,Participant 12895896,5,13,Figure(s) have an appropriate figure legend that is referred to in the main text.
JSolomon,Participant 12895896,5,14,"Results section includes appropriate and accurate summary statistics (e.g. means, density plots)"
JSolomon,Participant 12895896,3,15,Results section includes appropriate and accurate inferential statistics (Bayesian ANOVA)
JSolomon,Participant 12895896,2,17,Discussion correctly and clearly summarises findings
JSolomon,Participant 12895896,2,18,Discussion correctly interprets findings
JSolomon,Participant 12895896,3,19,Discussion makes appropriate links to previous literature
JSolomon,Participant 12895896,3,20,Discussion provides good considerations of the limitations of the current study
JSolomon,Participant 12895896,3,21,"Discussion makes a good, sensible suggestion for future work"
JSolomon,Participant 12895896,3,22,Discussion concludes appropriately.
JSolomon,Participant 12895896,5,23,Overall clarity of writing
JSolomon,Participant 12895896,5,24,Overall quality of grammar and spelling
JSolomon,Participant 12895896,5,25,Correct formatting of sections and sub-sections
JSolomon,Participant 12895896,5,26,Correct usage of APA-formatted citations and references
JSolomon,Participant 12895928,4,1,Abstract is clear and accurate
JSolomon,Participant 12895928,4,2,Abstract contains correct information
JSolomon,Participant 12895928,4,3,Introduction is clear and accurate
JSolomon,Participant 12895928,4,4,Introduction gives big-picture overview
JSolomon,Participant 12895928,4,5,Introduction outlines specific research area
JSolomon,Participant 12895928,4,6,Introduction gives rationale for current experiment
JSolomon,Participant 12895928,4,7,"Participant section is clear, accurate, and contain correct information"
JSolomon,Participant 12895928,5,8,Sample sizes are justified through a power calculation
JSolomon,Participant 12895928,4,9,"Apparatus and materials sections are clear, accurate, and contain correct information"
JSolomon,Participant 12895928,5,10,"Procedure section is clear, accurate, and contain correct information."
JSolomon,Participant 12895928,2,11,"Result section is overall clear, accurate, and contain correct information"
JSolomon,Participant 12895928,5,12,"Figure(s) are clear and appropriate, lack clutter, and have meaningful axis labels and good font sizes"
JSolomon,Participant 12895928,5,13,Figure(s) have an appropriate figure legend that is referred to in the main text.
JSolomon,Participant 12895928,5,14,"Results section includes appropriate and accurate summary statistics (e.g. means, density plots)"
JSolomon,Participant 12895928,3,15,Results section includes appropriate and accurate inferential statistics (Bayesian ANOVA)
JSolomon,Participant 12895928,3,17,Discussion correctly and clearly summarises findings
JSolomon,Participant 12895928,3,18,Discussion correctly interprets findings
JSolomon,Participant 12895928,4,19,Discussion makes appropriate links to previous literature
JSolomon,Participant 12895928,4,20,Discussion provides good considerations of the limitations of the current study
JSolomon,Participant 12895928,3,21,"Discussion makes a good, sensible suggestion for future work"
JSolomon,Participant 12895928,4,22,Discussion concludes appropriately.
JSolomon,Participant 12895928,5,23,Overall clarity of writing
JSolomon,Participant 12895928,5,24,Overall quality of grammar and spelling
JSolomon,Participant 12895928,5,25,Correct formatting of sections and sub-sections
JSolomon,Participant 12895928,5,26,Correct usage of APA-formatted citations and references
JSolomon,Participant 12895937,4,1,Abstract is clear and accurate
JSolomon,Participant 12895937,5,2,Abstract contains correct information
JSolomon,Participant 12895937,4,3,Introduction is clear and accurate
JSolomon,Participant 12895937,5,4,Introduction gives big-picture overview
JSolomon,Participant 12895937,4,5,Introduction outlines specific research area
JSolomon,Participant 12895937,5,6,Introduction gives rationale for current experiment
JSolomon,Participant 12895937,5,7,"Participant section is clear, accurate, and contain correct information"
JSolomon,Participant 12895937,3,8,Sample sizes are justified through a power calculation
JSolomon,Participant 12895937,5,9,"Apparatus and materials sections are clear, accurate, and contain correct information"
JSolomon,Participant 12895937,5,10,"Procedure section is clear, accurate, and contain correct information."
JSolomon,Participant 12895937,4,11,"Result section is overall clear, accurate, and contain correct information"
JSolomon,Participant 12895937,5,12,"Figure(s) are clear and appropriate, lack clutter, and have meaningful axis labels and good font sizes"
JSolomon,Participant 12895937,5,13,Figure(s) have an appropriate figure legend that is referred to in the main text.
JSolomon,Participant 12895937,5,14,"Results section includes appropriate and accurate summary statistics (e.g. means, density plots)"
JSolomon,Participant 12895937,4,15,Results section includes appropriate and accurate inferential statistics (Bayesian ANOVA)
JSolomon,Participant 12895937,5,17,Discussion correctly and clearly summarises findings
JSolomon,Participant 12895937,5,18,Discussion correctly interprets findings
JSolomon,Participant 12895937,5,19,Discussion makes appropriate links to previous literature
JSolomon,Participant 12895937,4,20,Discussion provides good considerations of the limitations of the current study
JSolomon,Participant 12895937,3,21,"Discussion makes a good, sensible suggestion for future work"
JSolomon,Participant 12895937,4,22,Discussion concludes appropriately.
JSolomon,Participant 12895937,4,23,Overall clarity of writing
JSolomon,Participant 12895937,5,24,Overall quality of grammar and spelling
JSolomon,Participant 12895937,4,25,Correct formatting of sections and sub-sections
JSolomon,Participant 12895937,5,26,Correct usage of APA-formatted citations and references
JSolomon,Participant 12895812,2,1,Abstract is clear and accurate
JSolomon,Participant 12895812,3,2,Abstract contains correct information
JSolomon,Participant 12895812,3,3,Introduction is clear and accurate
JSolomon,Participant 12895812,2,4,Introduction gives big-picture overview
JSolomon,Participant 12895812,2,5,Introduction outlines specific research area
JSolomon,Participant 12895812,3,6,Introduction gives rationale for current experiment
JSolomon,Participant 12895812,4,7,"Participant section is clear, accurate, and contain correct information"
JSolomon,Participant 12895812,2,8,Sample sizes are justified through a power calculation
JSolomon,Participant 12895812,4,9,"Apparatus and materials sections are clear, accurate, and contain correct information"
JSolomon,Participant 12895812,4,10,"Procedure section is clear, accurate, and contain correct information."
JSolomon,Participant 12895812,3,11,"Result section is overall clear, accurate, and contain correct information"
JSolomon,Participant 12895812,4,12,"Figure(s) are clear and appropriate, lack clutter, and have meaningful axis labels and good font sizes"
JSolomon,Participant 12895812,4,13,Figure(s) have an appropriate figure legend that is referred to in the main text.
JSolomon,Participant 12895812,1,14,"Results section includes appropriate and accurate summary statistics (e.g. means, density plots)"
JSolomon,Participant 12895812,3,15,Results section includes appropriate and accurate inferential statistics (Bayesian ANOVA)
JSolomon,Participant 12895812,4,17,Discussion correctly and clearly summarises findings
JSolomon,Participant 12895812,3,18,Discussion correctly interprets findings
JSolomon,Participant 12895812,3,19,Discussion makes appropriate links to previous literature
JSolomon,Participant 12895812,2,20,Discussion provides good considerations of the limitations of the current study
JSolomon,Participant 12895812,1,21,"Discussion makes a good, sensible suggestion for future work"
JSolomon,Participant 12895812,2,22,Discussion concludes appropriately.
JSolomon,Participant 12895812,3,23,Overall clarity of writing
JSolomon,Participant 12895812,4,24,Overall quality of grammar and spelling
JSolomon,Participant 12895812,4,25,Correct formatting of sections and sub-sections
JSolomon,Participant 12895812,2,26,Correct usage of APA-formatted citations and references
JSolomon,Participant 12895933,2,1,Abstract is clear and accurate
JSolomon,Participant 12895933,3,2,Abstract contains correct information
JSolomon,Participant 12895933,2,3,Introduction is clear and accurate
JSolomon,Participant 12895933,2,4,Introduction gives big-picture overview
JSolomon,Participant 12895933,2,5,Introduction outlines specific research area
JSolomon,Participant 12895933,2,6,Introduction gives rationale for current experiment
JSolomon,Participant 12895933,2,7,"Participant section is clear, accurate, and contain correct information"
JSolomon,Participant 12895933,1,8,Sample sizes are justified through a power calculation
JSolomon,Participant 12895933,4,9,"Apparatus and materials sections are clear, accurate, and contain correct information"
JSolomon,Participant 12895933,2,10,"Procedure section is clear, accurate, and contain correct information."
JSolomon,Participant 12895933,4,11,"Result section is overall clear, accurate, and contain correct information"
JSolomon,Participant 12895933,5,12,"Figure(s) are clear and appropriate, lack clutter, and have meaningful axis labels and good font sizes"
JSolomon,Participant 12895933,5,13,Figure(s) have an appropriate figure legend that is referred to in the main text.
JSolomon,Participant 12895933,4,14,"Results section includes appropriate and accurate summary statistics (e.g. means, density plots)"
JSolomon,Participant 12895933,5,15,Results section includes appropriate and accurate inferential statistics (Bayesian ANOVA)
JSolomon,Participant 12895933,3,17,Discussion correctly and clearly summarises findings
JSolomon,Participant 12895933,2,18,Discussion correctly interprets findings
JSolomon,Participant 12895933,3,19,Discussion makes appropriate links to previous literature
JSolomon,Participant 12895933,2,20,Discussion provides good considerations of the limitations of the current study
JSolomon,Participant 12895933,1,21,"Discussion makes a good, sensible suggestion for future work"
JSolomon,Participant 12895933,2,22,Discussion concludes appropriately.
JSolomon,Participant 12895933,2,23,Overall clarity of writing
JSolomon,Participant 12895933,2,24,Overall quality of grammar and spelling
JSolomon,Participant 12895933,4,25,Correct formatting of sections and sub-sections
JSolomon,Participant 12895933,3,26,Correct usage of APA-formatted citations and references
JSolomon,Participant 12895891,4,1,Abstract is clear and accurate
JSolomon,Participant 12895891,5,2,Abstract contains correct information
JSolomon,Participant 12895891,4,3,Introduction is clear and accurate
JSolomon,Participant 12895891,4,4,Introduction gives big-picture overview
JSolomon,Participant 12895891,4,5,Introduction outlines specific research area
JSolomon,Participant 12895891,4,6,Introduction gives rationale for current experiment
JSolomon,Participant 12895891,3,7,"Participant section is clear, accurate, and contain correct information"
JSolomon,Participant 12895891,3,8,Sample sizes are justified through a power calculation
JSolomon,Participant 12895891,4,9,"Apparatus and materials sections are clear, accurate, and contain correct information"
JSolomon,Participant 12895891,4,10,"Procedure section is clear, accurate, and contain correct information."
JSolomon,Participant 12895891,5,11,"Result section is overall clear, accurate, and contain correct information"
JSolomon,Participant 12895891,5,12,"Figure(s) are clear and appropriate, lack clutter, and have meaningful axis labels and good font sizes"
JSolomon,Participant 12895891,5,13,Figure(s) have an appropriate figure legend that is referred to in the main text.
JSolomon,Participant 12895891,5,14,"Results section includes appropriate and accurate summary statistics (e.g. means, density plots)"
JSolomon,Participant 12895891,5,15,Results section includes appropriate and accurate inferential statistics (Bayesian ANOVA)
JSolomon,Participant 12895891,4,17,Discussion correctly and clearly summarises findings
JSolomon,Participant 12895891,4,18,Discussion correctly interprets findings
JSolomon,Participant 12895891,4,19,Discussion makes appropriate links to previous literature
JSolomon,Participant 12895891,3,20,Discussion provides good considerations of the limitations of the current study
JSolomon,Participant 12895891,2,21,"Discussion makes a good, sensible suggestion for future work"
JSolomon,Participant 12895891,2,22,Discussion concludes appropriately.
JSolomon,Participant 12895891,4,23,Overall clarity of writing
JSolomon,Participant 12895891,5,24,Overall quality of grammar and spelling
JSolomon,Participant 12895891,5,25,Correct formatting of sections and sub-sections
JSolomon,Participant 12895891,4,26,Correct usage of APA-formatted citations and references
LCrichton,Participant 12895857,4,1,Abstract is clear and accurate
LCrichton,Participant 12895857,4,2,Abstract contains correct information
LCrichton,Participant 12895857,4,3,Introduction is clear and accurate
LCrichton,Participant 12895857,4,4,Introduction gives big-picture overview
LCrichton,Participant 12895857,3,5,Introduction outlines specific research area
LCrichton,Participant 12895857,4,6,Introduction gives rationale for current experiment
LCrichton,Participant 12895857,4,7,"Participant section is clear, accurate, and contain correct information"
LCrichton,Participant 12895857,3,8,Sample sizes are justified through a power calculation
LCrichton,Participant 12895857,3,9,"Apparatus and materials sections are clear, accurate, and contain correct information"
LCrichton,Participant 12895857,3,10,"Procedure section is clear, accurate, and contain correct information."
LCrichton,Participant 12895857,4,11,"Result section is overall clear, accurate, and contain correct information"
LCrichton,Participant 12895857,4,12,"Figure(s) are clear and appropriate, lack clutter, and have meaningful axis labels and good font sizes"
LCrichton,Participant 12895857,3,13,Figure(s) have an appropriate figure legend that is referred to in the main text.
LCrichton,Participant 12895857,3,14,"Results section includes appropriate and accurate summary statistics (e.g. means, density plots)"
LCrichton,Participant 12895857,4,15,Results section includes appropriate and accurate inferential statistics (Bayesian ANOVA)
LCrichton,Participant 12895857,4,17,Discussion correctly and clearly summarises findings
LCrichton,Participant 12895857,3,18,Discussion correctly interprets findings
LCrichton,Participant 12895857,5,19,Discussion makes appropriate links to previous literature
LCrichton,Participant 12895857,3,20,Discussion provides good considerations of the limitations of the current study
LCrichton,Participant 12895857,3,21,"Discussion makes a good, sensible suggestion for future work"
LCrichton,Participant 12895857,4,22,Discussion concludes appropriately.
LCrichton,Participant 12895857,5,23,Overall clarity of writing
LCrichton,Participant 12895857,4,24,Overall quality of grammar and spelling
LCrichton,Participant 12895857,5,25,Correct formatting of sections and sub-sections
LCrichton,Participant 12895857,5,26,Correct usage of APA-formatted citations and references
LCrichton,Participant 12895738,5,1,Abstract is clear and accurate
LCrichton,Participant 12895738,4,2,Abstract contains correct information
LCrichton,Participant 12895738,4,3,Introduction is clear and accurate
LCrichton,Participant 12895738,4,4,Introduction gives big-picture overview
LCrichton,Participant 12895738,3,5,Introduction outlines specific research area
LCrichton,Participant 12895738,3,6,Introduction gives rationale for current experiment
LCrichton,Participant 12895738,5,7,"Participant section is clear, accurate, and contain correct information"
LCrichton,Participant 12895738,5,8,Sample sizes are justified through a power calculation
LCrichton,Participant 12895738,4,9,"Apparatus and materials sections are clear, accurate, and contain correct information"
LCrichton,Participant 12895738,4,10,"Procedure section is clear, accurate, and contain correct information."
LCrichton,Participant 12895738,4,11,"Result section is overall clear, accurate, and contain correct information"
LCrichton,Participant 12895738,5,12,"Figure(s) are clear and appropriate, lack clutter, and have meaningful axis labels and good font sizes"
LCrichton,Participant 12895738,5,13,Figure(s) have an appropriate figure legend that is referred to in the main text.
LCrichton,Participant 12895738,4,14,"Results section includes appropriate and accurate summary statistics (e.g. means, density plots)"
LCrichton,Participant 12895738,5,15,Results section includes appropriate and accurate inferential statistics (Bayesian ANOVA)
LCrichton,Participant 12895738,4,17,Discussion correctly and clearly summarises findings
LCrichton,Participant 12895738,3,18,Discussion correctly interprets findings
LCrichton,Participant 12895738,4,19,Discussion makes appropriate links to previous literature
LCrichton,Participant 12895738,3,20,Discussion provides good considerations of the limitations of the current study
LCrichton,Participant 12895738,3,21,"Discussion makes a good, sensible suggestion for future work"
LCrichton,Participant 12895738,4,22,Discussion concludes appropriately.
LCrichton,Participant 12895738,5,23,Overall clarity of writing
LCrichton,Participant 12895738,5,24,Overall quality of grammar and spelling
LCrichton,Participant 12895738,4,25,Correct formatting of sections and sub-sections
LCrichton,Participant 12895738,4,26,Correct usage of APA-formatted citations and references
LCrichton,Participant 12895966,3,1,Abstract is clear and accurate
LCrichton,Participant 12895966,4,2,Abstract contains correct information
LCrichton,Participant 12895966,3,3,Introduction is clear and accurate
LCrichton,Participant 12895966,3,4,Introduction gives big-picture overview
LCrichton,Participant 12895966,2,5,Introduction outlines specific research area
LCrichton,Participant 12895966,2,6,Introduction gives rationale for current experiment
LCrichton,Participant 12895966,4,7,"Participant section is clear, accurate, and contain correct information"
LCrichton,Participant 12895966,1,8,Sample sizes are justified through a power calculation
LCrichton,Participant 12895966,3,9,"Apparatus and materials sections are clear, accurate, and contain correct information"
LCrichton,Participant 12895966,2,10,"Procedure section is clear, accurate, and contain correct information."
LCrichton,Participant 12895966,3,11,"Result section is overall clear, accurate, and contain correct information"
LCrichton,Participant 12895966,4,12,"Figure(s) are clear and appropriate, lack clutter, and have meaningful axis labels and good font sizes"
LCrichton,Participant 12895966,2,13,Figure(s) have an appropriate figure legend that is referred to in the main text.
LCrichton,Participant 12895966,3,14,"Results section includes appropriate and accurate summary statistics (e.g. means, density plots)"
LCrichton,Participant 12895966,2,15,Results section includes appropriate and accurate inferential statistics (Bayesian ANOVA)
LCrichton,Participant 12895966,2,17,Discussion correctly and clearly summarises findings
LCrichton,Participant 12895966,3,18,Discussion correctly interprets findings
LCrichton,Participant 12895966,2,19,Discussion makes appropriate links to previous literature
LCrichton,Participant 12895966,3,20,Discussion provides good considerations of the limitations of the current study
LCrichton,Participant 12895966,2,21,"Discussion makes a good, sensible suggestion for future work"
LCrichton,Participant 12895966,3,22,Discussion concludes appropriately.
LCrichton,Participant 12895966,3,23,Overall clarity of writing
LCrichton,Participant 12895966,3,24,Overall quality of grammar and spelling
LCrichton,Participant 12895966,4,25,Correct formatting of sections and sub-sections
LCrichton,Participant 12895966,3,26,Correct usage of APA-formatted citations and references
LCrichton,Participant 12895828,3,1,Abstract is clear and accurate
LCrichton,Participant 12895828,4,2,Abstract contains correct information
LCrichton,Participant 12895828,3,3,Introduction is clear and accurate
LCrichton,Participant 12895828,3,4,Introduction gives big-picture overview
LCrichton,Participant 12895828,4,5,Introduction outlines specific research area
LCrichton,Participant 12895828,3,6,Introduction gives rationale for current experiment
LCrichton,Participant 12895828,3,7,"Participant section is clear, accurate, and contain correct information"
LCrichton,Participant 12895828,1,8,Sample sizes are justified through a power calculation
LCrichton,Participant 12895828,2,9,"Apparatus and materials sections are clear, accurate, and contain correct information"
LCrichton,Participant 12895828,3,10,"Procedure section is clear, accurate, and contain correct information."
LCrichton,Participant 12895828,3,11,"Result section is overall clear, accurate, and contain correct information"
LCrichton,Participant 12895828,4,12,"Figure(s) are clear and appropriate, lack clutter, and have meaningful axis labels and good font sizes"
LCrichton,Participant 12895828,3,13,Figure(s) have an appropriate figure legend that is referred to in the main text.
LCrichton,Participant 12895828,4,14,"Results section includes appropriate and accurate summary statistics (e.g. means, density plots)"
LCrichton,Participant 12895828,2,15,Results section includes appropriate and accurate inferential statistics (Bayesian ANOVA)
LCrichton,Participant 12895828,1,17,Discussion correctly and clearly summarises findings
LCrichton,Participant 12895828,2,18,Discussion correctly interprets findings
LCrichton,Participant 12895828,3,19,Discussion makes appropriate links to previous literature
LCrichton,Participant 12895828,3,20,Discussion provides good considerations of the limitations of the current study
LCrichton,Participant 12895828,3,21,"Discussion makes a good, sensible suggestion for future work"
LCrichton,Participant 12895828,2,22,Discussion concludes appropriately.
LCrichton,Participant 12895828,4,23,Overall clarity of writing
LCrichton,Participant 12895828,4,24,Overall quality of grammar and spelling
LCrichton,Participant 12895828,4,25,Correct formatting of sections and sub-sections
LCrichton,Participant 12895828,4,26,Correct usage of APA-formatted citations and references
LCrichton,Participant 12895909,4,1,Abstract is clear and accurate
LCrichton,Participant 12895909,3,2,Abstract contains correct information
LCrichton,Participant 12895909,3,3,Introduction is clear and accurate
LCrichton,Participant 12895909,4,4,Introduction gives big-picture overview
LCrichton,Participant 12895909,3,5,Introduction outlines specific research area
LCrichton,Participant 12895909,4,6,Introduction gives rationale for current experiment
LCrichton,Participant 12895909,4,7,"Participant section is clear, accurate, and contain correct information"
LCrichton,Participant 12895909,1,8,Sample sizes are justified through a power calculation
LCrichton,Participant 12895909,3,9,"Apparatus and materials sections are clear, accurate, and contain correct information"
LCrichton,Participant 12895909,4,10,"Procedure section is clear, accurate, and contain correct information."
LCrichton,Participant 12895909,3,11,"Result section is overall clear, accurate, and contain correct information"
LCrichton,Participant 12895909,4,12,"Figure(s) are clear and appropriate, lack clutter, and have meaningful axis labels and good font sizes"
LCrichton,Participant 12895909,4,13,Figure(s) have an appropriate figure legend that is referred to in the main text.
LCrichton,Participant 12895909,4,14,"Results section includes appropriate and accurate summary statistics (e.g. means, density plots)"
LCrichton,Participant 12895909,3,15,Results section includes appropriate and accurate inferential statistics (Bayesian ANOVA)
LCrichton,Participant 12895909,3,17,Discussion correctly and clearly summarises findings
LCrichton,Participant 12895909,4,18,Discussion correctly interprets findings
LCrichton,Participant 12895909,2,19,Discussion makes appropriate links to previous literature
LCrichton,Participant 12895909,3,20,Discussion provides good considerations of the limitations of the current study
LCrichton,Participant 12895909,3,21,"Discussion makes a good, sensible suggestion for future work"
LCrichton,Participant 12895909,2,22,Discussion concludes appropriately.
LCrichton,Participant 12895909,4,23,Overall clarity of writing
LCrichton,Participant 12895909,3,24,Overall quality of grammar and spelling
LCrichton,Participant 12895909,4,25,Correct formatting of sections and sub-sections
LCrichton,Participant 12895909,5,26,Correct usage of APA-formatted citations and references
LCrichton,Participant 12895777,4,1,Abstract is clear and accurate
LCrichton,Participant 12895777,4,2,Abstract contains correct information
LCrichton,Participant 12895777,4,3,Introduction is clear and accurate
LCrichton,Participant 12895777,4,4,Introduction gives big-picture overview
LCrichton,Participant 12895777,4,5,Introduction outlines specific research area
LCrichton,Participant 12895777,3,6,Introduction gives rationale for current experiment
LCrichton,Participant 12895777,4,7,"Participant section is clear, accurate, and contain correct information"
LCrichton,Participant 12895777,1,8,Sample sizes are justified through a power calculation
LCrichton,Participant 12895777,2,9,"Apparatus and materials sections are clear, accurate, and contain correct information"
LCrichton,Participant 12895777,3,10,"Procedure section is clear, accurate, and contain correct information."
LCrichton,Participant 12895777,2,11,"Result section is overall clear, accurate, and contain correct information"
LCrichton,Participant 12895777,3,12,"Figure(s) are clear and appropriate, lack clutter, and have meaningful axis labels and good font sizes"
LCrichton,Participant 12895777,3,13,Figure(s) have an appropriate figure legend that is referred to in the main text.
LCrichton,Participant 12895777,4,14,"Results section includes appropriate and accurate summary statistics (e.g. means, density plots)"
LCrichton,Participant 12895777,2,15,Results section includes appropriate and accurate inferential statistics (Bayesian ANOVA)
LCrichton,Participant 12895777,4,17,Discussion correctly and clearly summarises findings
LCrichton,Participant 12895777,2,18,Discussion correctly interprets findings
LCrichton,Participant 12895777,3,19,Discussion makes appropriate links to previous literature
LCrichton,Participant 12895777,4,20,Discussion provides good considerations of the limitations of the current study
LCrichton,Participant 12895777,3,21,"Discussion makes a good, sensible suggestion for future work"
LCrichton,Participant 12895777,3,22,Discussion concludes appropriately.
LCrichton,Participant 12895777,4,23,Overall clarity of writing
LCrichton,Participant 12895777,3,24,Overall quality of grammar and spelling
LCrichton,Participant 12895777,4,25,Correct formatting of sections and sub-sections
LCrichton,Participant 12895777,4,26,Correct usage of APA-formatted citations and references
LCrichton,Participant 12895694,4,1,Abstract is clear and accurate
LCrichton,Participant 12895694,4,2,Abstract contains correct information
LCrichton,Participant 12895694,4,3,Introduction is clear and accurate
LCrichton,Participant 12895694,4,4,Introduction gives big-picture overview
LCrichton,Participant 12895694,4,5,Introduction outlines specific research area
LCrichton,Participant 12895694,4,6,Introduction gives rationale for current experiment
LCrichton,Participant 12895694,4,7,"Participant section is clear, accurate, and contain correct information"
LCrichton,Participant 12895694,4,8,Sample sizes are justified through a power calculation
LCrichton,Participant 12895694,3,9,"Apparatus and materials sections are clear, accurate, and contain correct information"
LCrichton,Participant 12895694,4,10,"Procedure section is clear, accurate, and contain correct information."
LCrichton,Participant 12895694,3,11,"Result section is overall clear, accurate, and contain correct information"
LCrichton,Participant 12895694,4,12,"Figure(s) are clear and appropriate, lack clutter, and have meaningful axis labels and good font sizes"
LCrichton,Participant 12895694,4,13,Figure(s) have an appropriate figure legend that is referred to in the main text.
LCrichton,Participant 12895694,4,14,"Results section includes appropriate and accurate summary statistics (e.g. means, density plots)"
LCrichton,Participant 12895694,3,15,Results section includes appropriate and accurate inferential statistics (Bayesian ANOVA)
LCrichton,Participant 12895694,4,17,Discussion correctly and clearly summarises findings
LCrichton,Participant 12895694,4,18,Discussion correctly interprets findings
LCrichton,Participant 12895694,4,19,Discussion makes appropriate links to previous literature
LCrichton,Participant 12895694,4,20,Discussion provides good considerations of the limitations of the current study
LCrichton,Participant 12895694,3,21,"Discussion makes a good, sensible suggestion for future work"
LCrichton,Participant 12895694,3,22,Discussion concludes appropriately.
LCrichton,Participant 12895694,4,23,Overall clarity of writing
LCrichton,Participant 12895694,3,24,Overall quality of grammar and spelling
LCrichton,Participant 12895694,4,25,Correct formatting of sections and sub-sections
LCrichton,Participant 12895694,4,26,Correct usage of APA-formatted citations and references
LCrichton,Participant 12895754,4,1,Abstract is clear and accurate
LCrichton,Participant 12895754,4,2,Abstract contains correct information
LCrichton,Participant 12895754,4,3,Introduction is clear and accurate
LCrichton,Participant 12895754,3,4,Introduction gives big-picture overview
LCrichton,Participant 12895754,4,5,Introduction outlines specific research area
LCrichton,Participant 12895754,3,6,Introduction gives rationale for current experiment
LCrichton,Participant 12895754,4,7,"Participant section is clear, accurate, and contain correct information"
LCrichton,Participant 12895754,3,8,Sample sizes are justified through a power calculation
LCrichton,Participant 12895754,3,9,"Apparatus and materials sections are clear, accurate, and contain correct information"
LCrichton,Participant 12895754,4,10,"Procedure section is clear, accurate, and contain correct information."
LCrichton,Participant 12895754,3,11,"Result section is overall clear, accurate, and contain correct information"
LCrichton,Participant 12895754,4,12,"Figure(s) are clear and appropriate, lack clutter, and have meaningful axis labels and good font sizes"
LCrichton,Participant 12895754,3,13,Figure(s) have an appropriate figure legend that is referred to in the main text.
LCrichton,Participant 12895754,4,14,"Results section includes appropriate and accurate summary statistics (e.g. means, density plots)"
LCrichton,Participant 12895754,2,15,Results section includes appropriate and accurate inferential statistics (Bayesian ANOVA)
LCrichton,Participant 12895754,4,17,Discussion correctly and clearly summarises findings
LCrichton,Participant 12895754,4,18,Discussion correctly interprets findings
LCrichton,Participant 12895754,4,19,Discussion makes appropriate links to previous literature
LCrichton,Participant 12895754,4,20,Discussion provides good considerations of the limitations of the current study
LCrichton,Participant 12895754,3,21,"Discussion makes a good, sensible suggestion for future work"
LCrichton,Participant 12895754,3,22,Discussion concludes appropriately.
LCrichton,Participant 12895754,4,23,Overall clarity of writing
LCrichton,Participant 12895754,4,24,Overall quality of grammar and spelling
LCrichton,Participant 12895754,4,25,Correct formatting of sections and sub-sections
LCrichton,Participant 12895754,4,26,Correct usage of APA-formatted citations and references
LCrichton,Participant 12895761,4,1,Abstract is clear and accurate
LCrichton,Participant 12895761,4,2,Abstract contains correct information
LCrichton,Participant 12895761,4,3,Introduction is clear and accurate
LCrichton,Participant 12895761,4,4,Introduction gives big-picture overview
LCrichton,Participant 12895761,4,5,Introduction outlines specific research area
LCrichton,Participant 12895761,3,6,Introduction gives rationale for current experiment
LCrichton,Participant 12895761,4,7,"Participant section is clear, accurate, and contain correct information"
LCrichton,Participant 12895761,3,8,Sample sizes are justified through a power calculation
LCrichton,Participant 12895761,3,9,"Apparatus and materials sections are clear, accurate, and contain correct information"
LCrichton,Participant 12895761,3,10,"Procedure section is clear, accurate, and contain correct information."
LCrichton,Participant 12895761,3,11,"Result section is overall clear, accurate, and contain correct information"
LCrichton,Participant 12895761,4,12,"Figure(s) are clear and appropriate, lack clutter, and have meaningful axis labels and good font sizes"
LCrichton,Participant 12895761,3,13,Figure(s) have an appropriate figure legend that is referred to in the main text.
LCrichton,Participant 12895761,4,14,"Results section includes appropriate and accurate summary statistics (e.g. means, density plots)"
LCrichton,Participant 12895761,3,15,Results section includes appropriate and accurate inferential statistics (Bayesian ANOVA)
LCrichton,Participant 12895761,4,17,Discussion correctly and clearly summarises findings
LCrichton,Participant 12895761,3,18,Discussion correctly interprets findings
LCrichton,Participant 12895761,3,19,Discussion makes appropriate links to previous literature
LCrichton,Participant 12895761,4,20,Discussion provides good considerations of the limitations of the current study
LCrichton,Participant 12895761,3,21,"Discussion makes a good, sensible suggestion for future work"
LCrichton,Participant 12895761,3,22,Discussion concludes appropriately.
LCrichton,Participant 12895761,4,23,Overall clarity of writing
LCrichton,Participant 12895761,4,24,Overall quality of grammar and spelling
LCrichton,Participant 12895761,3,25,Correct formatting of sections and sub-sections
LCrichton,Participant 12895761,3,26,Correct usage of APA-formatted citations and references
LCrichton,Participant 12895792,5,1,Abstract is clear and accurate
LCrichton,Participant 12895792,4,2,Abstract contains correct information
LCrichton,Participant 12895792,4,3,Introduction is clear and accurate
LCrichton,Participant 12895792,2,4,Introduction gives big-picture overview
LCrichton,Participant 12895792,3,5,Introduction outlines specific research area
LCrichton,Participant 12895792,3,6,Introduction gives rationale for current experiment
LCrichton,Participant 12895792,3,7,"Participant section is clear, accurate, and contain correct information"
LCrichton,Participant 12895792,1,8,Sample sizes are justified through a power calculation
LCrichton,Participant 12895792,2,9,"Apparatus and materials sections are clear, accurate, and contain correct information"
LCrichton,Participant 12895792,2,10,"Procedure section is clear, accurate, and contain correct information."
LCrichton,Participant 12895792,3,11,"Result section is overall clear, accurate, and contain correct information"
LCrichton,Participant 12895792,4,12,"Figure(s) are clear and appropriate, lack clutter, and have meaningful axis labels and good font sizes"
LCrichton,Participant 12895792,4,13,Figure(s) have an appropriate figure legend that is referred to in the main text.
LCrichton,Participant 12895792,2,14,"Results section includes appropriate and accurate summary statistics (e.g. means, density plots)"
LCrichton,Participant 12895792,2,15,Results section includes appropriate and accurate inferential statistics (Bayesian ANOVA)
LCrichton,Participant 12895792,3,17,Discussion correctly and clearly summarises findings
LCrichton,Participant 12895792,3,18,Discussion correctly interprets findings
LCrichton,Participant 12895792,2,19,Discussion makes appropriate links to previous literature
LCrichton,Participant 12895792,3,20,Discussion provides good considerations of the limitations of the current study
LCrichton,Participant 12895792,4,21,"Discussion makes a good, sensible suggestion for future work"
LCrichton,Participant 12895792,4,22,Discussion concludes appropriately.
LCrichton,Participant 12895792,4,23,Overall clarity of writing
LCrichton,Participant 12895792,4,24,Overall quality of grammar and spelling
LCrichton,Participant 12895792,3,25,Correct formatting of sections and sub-sections
LCrichton,Participant 12895792,3,26,Correct usage of APA-formatted citations and references
LCrichton,Participant 12895814,5,1,Abstract is clear and accurate
LCrichton,Participant 12895814,4,2,Abstract contains correct information
LCrichton,Participant 12895814,5,3,Introduction is clear and accurate
LCrichton,Participant 12895814,5,4,Introduction gives big-picture overview
LCrichton,Participant 12895814,4,5,Introduction outlines specific research area
LCrichton,Participant 12895814,4,6,Introduction gives rationale for current experiment
LCrichton,Participant 12895814,4,7,"Participant section is clear, accurate, and contain correct information"
LCrichton,Participant 12895814,2,8,Sample sizes are justified through a power calculation
LCrichton,Participant 12895814,3,9,"Apparatus and materials sections are clear, accurate, and contain correct information"
LCrichton,Participant 12895814,4,10,"Procedure section is clear, accurate, and contain correct information."
LCrichton,Participant 12895814,3,11,"Result section is overall clear, accurate, and contain correct information"
LCrichton,Participant 12895814,4,12,"Figure(s) are clear and appropriate, lack clutter, and have meaningful axis labels and good font sizes"
LCrichton,Participant 12895814,4,13,Figure(s) have an appropriate figure legend that is referred to in the main text.
LCrichton,Participant 12895814,3,14,"Results section includes appropriate and accurate summary statistics (e.g. means, density plots)"
LCrichton,Participant 12895814,2,15,Results section includes appropriate and accurate inferential statistics (Bayesian ANOVA)
LCrichton,Participant 12895814,4,17,Discussion correctly and clearly summarises findings
LCrichton,Participant 12895814,4,18,Discussion correctly interprets findings
LCrichton,Participant 12895814,3,19,Discussion makes appropriate links to previous literature
LCrichton,Participant 12895814,3,20,Discussion provides good considerations of the limitations of the current study
LCrichton,Participant 12895814,3,21,"Discussion makes a good, sensible suggestion for future work"
LCrichton,Participant 12895814,4,22,Discussion concludes appropriately.
LCrichton,Participant 12895814,4,23,Overall clarity of writing
LCrichton,Participant 12895814,3,24,Overall quality of grammar and spelling
LCrichton,Participant 12895814,4,25,Correct formatting of sections and sub-sections
LCrichton,Participant 12895814,4,26,Correct usage of APA-formatted citations and references
LCrichton,Participant 12895835,5,1,Abstract is clear and accurate
LCrichton,Participant 12895835,4,2,Abstract contains correct information
LCrichton,Participant 12895835,4,3,Introduction is clear and accurate
LCrichton,Participant 12895835,4,4,Introduction gives big-picture overview
LCrichton,Participant 12895835,3,5,Introduction outlines specific research area
LCrichton,Participant 12895835,4,6,Introduction gives rationale for current experiment
LCrichton,Participant 12895835,4,7,"Participant section is clear, accurate, and contain correct information"
LCrichton,Participant 12895835,3,8,Sample sizes are justified through a power calculation
LCrichton,Participant 12895835,2,9,"Apparatus and materials sections are clear, accurate, and contain correct information"
LCrichton,Participant 12895835,3,10,"Procedure section is clear, accurate, and contain correct information."
LCrichton,Participant 12895835,4,11,"Result section is overall clear, accurate, and contain correct information"
LCrichton,Participant 12895835,5,12,"Figure(s) are clear and appropriate, lack clutter, and have meaningful axis labels and good font sizes"
LCrichton,Participant 12895835,4,13,Figure(s) have an appropriate figure legend that is referred to in the main text.
LCrichton,Participant 12895835,4,14,"Results section includes appropriate and accurate summary statistics (e.g. means, density plots)"
LCrichton,Participant 12895835,4,15,Results section includes appropriate and accurate inferential statistics (Bayesian ANOVA)
LCrichton,Participant 12895835,4,17,Discussion correctly and clearly summarises findings
LCrichton,Participant 12895835,4,18,Discussion correctly interprets findings
LCrichton,Participant 12895835,4,19,Discussion makes appropriate links to previous literature
LCrichton,Participant 12895835,3,20,Discussion provides good considerations of the limitations of the current study
LCrichton,Participant 12895835,3,21,"Discussion makes a good, sensible suggestion for future work"
LCrichton,Participant 12895835,4,22,Discussion concludes appropriately.
LCrichton,Participant 12895835,4,23,Overall clarity of writing
LCrichton,Participant 12895835,4,24,Overall quality of grammar and spelling
LCrichton,Participant 12895835,3,25,Correct formatting of sections and sub-sections
LCrichton,Participant 12895835,4,26,Correct usage of APA-formatted citations and references
LCrichton,Participant 12895838,4,1,Abstract is clear and accurate
LCrichton,Participant 12895838,4,2,Abstract contains correct information
LCrichton,Participant 12895838,4,3,Introduction is clear and accurate
LCrichton,Participant 12895838,4,4,Introduction gives big-picture overview
LCrichton,Participant 12895838,4,5,Introduction outlines specific research area
LCrichton,Participant 12895838,4,6,Introduction gives rationale for current experiment
LCrichton,Participant 12895838,4,7,"Participant section is clear, accurate, and contain correct information"
LCrichton,Participant 12895838,4,8,Sample sizes are justified through a power calculation
LCrichton,Participant 12895838,2,9,"Apparatus and materials sections are clear, accurate, and contain correct information"
LCrichton,Participant 12895838,4,10,"Procedure section is clear, accurate, and contain correct information."
LCrichton,Participant 12895838,3,11,"Result section is overall clear, accurate, and contain correct information"
LCrichton,Participant 12895838,4,12,"Figure(s) are clear and appropriate, lack clutter, and have meaningful axis labels and good font sizes"
LCrichton,Participant 12895838,4,13,Figure(s) have an appropriate figure legend that is referred to in the main text.
LCrichton,Participant 12895838,4,14,"Results section includes appropriate and accurate summary statistics (e.g. means, density plots)"
LCrichton,Participant 12895838,3,15,Results section includes appropriate and accurate inferential statistics (Bayesian ANOVA)
LCrichton,Participant 12895838,4,17,Discussion correctly and clearly summarises findings
LCrichton,Participant 12895838,4,18,Discussion correctly interprets findings
LCrichton,Participant 12895838,4,19,Discussion makes appropriate links to previous literature
LCrichton,Participant 12895838,4,20,Discussion provides good considerations of the limitations of the current study
LCrichton,Participant 12895838,3,21,"Discussion makes a good, sensible suggestion for future work"
LCrichton,Participant 12895838,3,22,Discussion concludes appropriately.
LCrichton,Participant 12895838,4,23,Overall clarity of writing
LCrichton,Participant 12895838,3,24,Overall quality of grammar and spelling
LCrichton,Participant 12895838,3,25,Correct formatting of sections and sub-sections
LCrichton,Participant 12895838,4,26,Correct usage of APA-formatted citations and references
LCrichton,Participant 12895848,4,1,Abstract is clear and accurate
LCrichton,Participant 12895848,4,2,Abstract contains correct information
LCrichton,Participant 12895848,4,3,Introduction is clear and accurate
LCrichton,Participant 12895848,4,4,Introduction gives big-picture overview
LCrichton,Participant 12895848,5,5,Introduction outlines specific research area
LCrichton,Participant 12895848,4,6,Introduction gives rationale for current experiment
LCrichton,Participant 12895848,5,7,"Participant section is clear, accurate, and contain correct information"
LCrichton,Participant 12895848,3,8,Sample sizes are justified through a power calculation
LCrichton,Participant 12895848,2,9,"Apparatus and materials sections are clear, accurate, and contain correct information"
LCrichton,Participant 12895848,3,10,"Procedure section is clear, accurate, and contain correct information."
LCrichton,Participant 12895848,3,11,"Result section is overall clear, accurate, and contain correct information"
LCrichton,Participant 12895848,4,12,"Figure(s) are clear and appropriate, lack clutter, and have meaningful axis labels and good font sizes"
LCrichton,Participant 12895848,4,13,Figure(s) have an appropriate figure legend that is referred to in the main text.
LCrichton,Participant 12895848,4,14,"Results section includes appropriate and accurate summary statistics (e.g. means, density plots)"
LCrichton,Participant 12895848,3,15,Results section includes appropriate and accurate inferential statistics (Bayesian ANOVA)
LCrichton,Participant 12895848,4,17,Discussion correctly and clearly summarises findings
LCrichton,Participant 12895848,3,18,Discussion correctly interprets findings
LCrichton,Participant 12895848,3,19,Discussion makes appropriate links to previous literature
LCrichton,Participant 12895848,4,20,Discussion provides good considerations of the limitations of the current study
LCrichton,Participant 12895848,3,21,"Discussion makes a good, sensible suggestion for future work"
LCrichton,Participant 12895848,3,22,Discussion concludes appropriately.
LCrichton,Participant 12895848,4,23,Overall clarity of writing
LCrichton,Participant 12895848,4,24,Overall quality of grammar and spelling
LCrichton,Participant 12895848,3,25,Correct formatting of sections and sub-sections
LCrichton,Participant 12895848,4,26,Correct usage of APA-formatted citations and references
LCrichton,Participant 12895850,5,1,Abstract is clear and accurate
LCrichton,Participant 12895850,4,2,Abstract contains correct information
LCrichton,Participant 12895850,5,3,Introduction is clear and accurate
LCrichton,Participant 12895850,4,4,Introduction gives big-picture overview
LCrichton,Participant 12895850,4,5,Introduction outlines specific research area
LCrichton,Participant 12895850,4,6,Introduction gives rationale for current experiment
LCrichton,Participant 12895850,4,7,"Participant section is clear, accurate, and contain correct information"
LCrichton,Participant 12895850,3,8,Sample sizes are justified through a power calculation
LCrichton,Participant 12895850,2,9,"Apparatus and materials sections are clear, accurate, and contain correct information"
LCrichton,Participant 12895850,3,10,"Procedure section is clear, accurate, and contain correct information."
LCrichton,Participant 12895850,4,11,"Result section is overall clear, accurate, and contain correct information"
LCrichton,Participant 12895850,4,12,"Figure(s) are clear and appropriate, lack clutter, and have meaningful axis labels and good font sizes"
LCrichton,Participant 12895850,4,13,Figure(s) have an appropriate figure legend that is referred to in the main text.
LCrichton,Participant 12895850,4,14,"Results section includes appropriate and accurate summary statistics (e.g. means, density plots)"
LCrichton,Participant 12895850,4,15,Results section includes appropriate and accurate inferential statistics (Bayesian ANOVA)
LCrichton,Participant 12895850,5,17,Discussion correctly and clearly summarises findings
LCrichton,Participant 12895850,4,18,Discussion correctly interprets findings
LCrichton,Participant 12895850,4,19,Discussion makes appropriate links to previous literature
LCrichton,Participant 12895850,5,20,Discussion provides good considerations of the limitations of the current study
LCrichton,Participant 12895850,5,21,"Discussion makes a good, sensible suggestion for future work"
LCrichton,Participant 12895850,4,22,Discussion concludes appropriately.
LCrichton,Participant 12895850,5,23,Overall clarity of writing
LCrichton,Participant 12895850,4,24,Overall quality of grammar and spelling
LCrichton,Participant 12895850,4,25,Correct formatting of sections and sub-sections
LCrichton,Participant 12895850,4,26,Correct usage of APA-formatted citations and references
LCrichton,Participant 12895853,4,1,Abstract is clear and accurate
LCrichton,Participant 12895853,3,2,Abstract contains correct information
LCrichton,Participant 12895853,4,3,Introduction is clear and accurate
LCrichton,Participant 12895853,2,4,Introduction gives big-picture overview
LCrichton,Participant 12895853,4,5,Introduction outlines specific research area
LCrichton,Participant 12895853,3,6,Introduction gives rationale for current experiment
LCrichton,Participant 12895853,4,7,"Participant section is clear, accurate, and contain correct information"
LCrichton,Participant 12895853,1,8,Sample sizes are justified through a power calculation
LCrichton,Participant 12895853,2,9,"Apparatus and materials sections are clear, accurate, and contain correct information"
LCrichton,Participant 12895853,3,10,"Procedure section is clear, accurate, and contain correct information."
LCrichton,Participant 12895853,3,11,"Result section is overall clear, accurate, and contain correct information"
LCrichton,Participant 12895853,3,12,"Figure(s) are clear and appropriate, lack clutter, and have meaningful axis labels and good font sizes"
LCrichton,Participant 12895853,4,13,Figure(s) have an appropriate figure legend that is referred to in the main text.
LCrichton,Participant 12895853,2,14,"Results section includes appropriate and accurate summary statistics (e.g. means, density plots)"
LCrichton,Participant 12895853,2,15,Results section includes appropriate and accurate inferential statistics (Bayesian ANOVA)
LCrichton,Participant 12895853,3,17,Discussion correctly and clearly summarises findings
LCrichton,Participant 12895853,4,18,Discussion correctly interprets findings
LCrichton,Participant 12895853,3,19,Discussion makes appropriate links to previous literature
LCrichton,Participant 12895853,4,20,Discussion provides good considerations of the limitations of the current study
LCrichton,Participant 12895853,4,21,"Discussion makes a good, sensible suggestion for future work"
LCrichton,Participant 12895853,4,22,Discussion concludes appropriately.
LCrichton,Participant 12895853,4,23,Overall clarity of writing
LCrichton,Participant 12895853,4,24,Overall quality of grammar and spelling
LCrichton,Participant 12895853,3,25,Correct formatting of sections and sub-sections
LCrichton,Participant 12895853,3,26,Correct usage of APA-formatted citations and references
LCrichton,Participant 12895864,4,1,Abstract is clear and accurate
LCrichton,Participant 12895864,4,2,Abstract contains correct information
LCrichton,Participant 12895864,5,3,Introduction is clear and accurate
LCrichton,Participant 12895864,4,4,Introduction gives big-picture overview
LCrichton,Participant 12895864,4,5,Introduction outlines specific research area
LCrichton,Participant 12895864,4,6,Introduction gives rationale for current experiment
LCrichton,Participant 12895864,4,7,"Participant section is clear, accurate, and contain correct information"
LCrichton,Participant 12895864,4,8,Sample sizes are justified through a power calculation
LCrichton,Participant 12895864,3,9,"Apparatus and materials sections are clear, accurate, and contain correct information"
LCrichton,Participant 12895864,4,10,"Procedure section is clear, accurate, and contain correct information."
LCrichton,Participant 12895864,4,11,"Result section is overall clear, accurate, and contain correct information"
LCrichton,Participant 12895864,4,12,"Figure(s) are clear and appropriate, lack clutter, and have meaningful axis labels and good font sizes"
LCrichton,Participant 12895864,4,13,Figure(s) have an appropriate figure legend that is referred to in the main text.
LCrichton,Participant 12895864,3,14,"Results section includes appropriate and accurate summary statistics (e.g. means, density plots)"
LCrichton,Participant 12895864,3,15,Results section includes appropriate and accurate inferential statistics (Bayesian ANOVA)
LCrichton,Participant 12895864,4,17,Discussion correctly and clearly summarises findings
LCrichton,Participant 12895864,4,18,Discussion correctly interprets findings
LCrichton,Participant 12895864,3,19,Discussion makes appropriate links to previous literature
LCrichton,Participant 12895864,3,20,Discussion provides good considerations of the limitations of the current study
LCrichton,Participant 12895864,3,21,"Discussion makes a good, sensible suggestion for future work"
LCrichton,Participant 12895864,4,22,Discussion concludes appropriately.
LCrichton,Participant 12895864,4,23,Overall clarity of writing
LCrichton,Participant 12895864,5,24,Overall quality of grammar and spelling
LCrichton,Participant 12895864,4,25,Correct formatting of sections and sub-sections
LCrichton,Participant 12895864,4,26,Correct usage of APA-formatted citations and references
LCrichton,Participant 12895905,4,1,Abstract is clear and accurate
LCrichton,Participant 12895905,4,2,Abstract contains correct information
LCrichton,Participant 12895905,3,3,Introduction is clear and accurate
LCrichton,Participant 12895905,3,4,Introduction gives big-picture overview
LCrichton,Participant 12895905,3,5,Introduction outlines specific research area
LCrichton,Participant 12895905,2,6,Introduction gives rationale for current experiment
LCrichton,Participant 12895905,4,7,"Participant section is clear, accurate, and contain correct information"
LCrichton,Participant 12895905,4,8,Sample sizes are justified through a power calculation
LCrichton,Participant 12895905,2,9,"Apparatus and materials sections are clear, accurate, and contain correct information"
LCrichton,Participant 12895905,3,10,"Procedure section is clear, accurate, and contain correct information."
LCrichton,Participant 12895905,2,11,"Result section is overall clear, accurate, and contain correct information"
LCrichton,Participant 12895905,3,12,"Figure(s) are clear and appropriate, lack clutter, and have meaningful axis labels and good font sizes"
LCrichton,Participant 12895905,3,13,Figure(s) have an appropriate figure legend that is referred to in the main text.
LCrichton,Participant 12895905,3,14,"Results section includes appropriate and accurate summary statistics (e.g. means, density plots)"
LCrichton,Participant 12895905,3,15,Results section includes appropriate and accurate inferential statistics (Bayesian ANOVA)
LCrichton,Participant 12895905,3,17,Discussion correctly and clearly summarises findings
LCrichton,Participant 12895905,4,18,Discussion correctly interprets findings
LCrichton,Participant 12895905,3,19,Discussion makes appropriate links to previous literature
LCrichton,Participant 12895905,4,20,Discussion provides good considerations of the limitations of the current study
LCrichton,Participant 12895905,3,21,"Discussion makes a good, sensible suggestion for future work"
LCrichton,Participant 12895905,4,22,Discussion concludes appropriately.
LCrichton,Participant 12895905,3,23,Overall clarity of writing
LCrichton,Participant 12895905,2,24,Overall quality of grammar and spelling
LCrichton,Participant 12895905,3,25,Correct formatting of sections and sub-sections
LCrichton,Participant 12895905,4,26,Correct usage of APA-formatted citations and references
LCrichton,Participant 12895908,3,1,Abstract is clear and accurate
LCrichton,Participant 12895908,3,2,Abstract contains correct information
LCrichton,Participant 12895908,4,3,Introduction is clear and accurate
LCrichton,Participant 12895908,3,4,Introduction gives big-picture overview
LCrichton,Participant 12895908,2,5,Introduction outlines specific research area
LCrichton,Participant 12895908,3,6,Introduction gives rationale for current experiment
LCrichton,Participant 12895908,4,7,"Participant section is clear, accurate, and contain correct information"
LCrichton,Participant 12895908,4,8,Sample sizes are justified through a power calculation
LCrichton,Participant 12895908,2,9,"Apparatus and materials sections are clear, accurate, and contain correct information"
LCrichton,Participant 12895908,3,10,"Procedure section is clear, accurate, and contain correct information."
LCrichton,Participant 12895908,3,11,"Result section is overall clear, accurate, and contain correct information"
LCrichton,Participant 12895908,4,12,"Figure(s) are clear and appropriate, lack clutter, and have meaningful axis labels and good font sizes"
LCrichton,Participant 12895908,3,13,Figure(s) have an appropriate figure legend that is referred to in the main text.
LCrichton,Participant 12895908,3,14,"Results section includes appropriate and accurate summary statistics (e.g. means, density plots)"
LCrichton,Participant 12895908,3,15,Results section includes appropriate and accurate inferential statistics (Bayesian ANOVA)
LCrichton,Participant 12895908,3,17,Discussion correctly and clearly summarises findings
LCrichton,Participant 12895908,2,18,Discussion correctly interprets findings
LCrichton,Participant 12895908,3,19,Discussion makes appropriate links to previous literature
LCrichton,Participant 12895908,3,20,Discussion provides good considerations of the limitations of the current study
LCrichton,Participant 12895908,3,21,"Discussion makes a good, sensible suggestion for future work"
LCrichton,Participant 12895908,3,22,Discussion concludes appropriately.
LCrichton,Participant 12895908,3,23,Overall clarity of writing
LCrichton,Participant 12895908,3,24,Overall quality of grammar and spelling
LCrichton,Participant 12895908,4,25,Correct formatting of sections and sub-sections
LCrichton,Participant 12895908,3,26,Correct usage of APA-formatted citations and references
LCrichton,Participant 12895911,4,1,Abstract is clear and accurate
LCrichton,Participant 12895911,3,2,Abstract contains correct information
LCrichton,Participant 12895911,4,3,Introduction is clear and accurate
LCrichton,Participant 12895911,3,4,Introduction gives big-picture overview
LCrichton,Participant 12895911,3,5,Introduction outlines specific research area
LCrichton,Participant 12895911,3,6,Introduction gives rationale for current experiment
LCrichton,Participant 12895911,4,7,"Participant section is clear, accurate, and contain correct information"
LCrichton,Participant 12895911,4,8,Sample sizes are justified through a power calculation
LCrichton,Participant 12895911,2,9,"Apparatus and materials sections are clear, accurate, and contain correct information"
LCrichton,Participant 12895911,3,10,"Procedure section is clear, accurate, and contain correct information."
LCrichton,Participant 12895911,2,11,"Result section is overall clear, accurate, and contain correct information"
LCrichton,Participant 12895911,3,12,"Figure(s) are clear and appropriate, lack clutter, and have meaningful axis labels and good font sizes"
LCrichton,Participant 12895911,3,13,Figure(s) have an appropriate figure legend that is referred to in the main text.
LCrichton,Participant 12895911,3,14,"Results section includes appropriate and accurate summary statistics (e.g. means, density plots)"
LCrichton,Participant 12895911,2,15,Results section includes appropriate and accurate inferential statistics (Bayesian ANOVA)
LCrichton,Participant 12895911,3,17,Discussion correctly and clearly summarises findings
LCrichton,Participant 12895911,3,18,Discussion correctly interprets findings
LCrichton,Participant 12895911,2,19,Discussion makes appropriate links to previous literature
LCrichton,Participant 12895911,3,20,Discussion provides good considerations of the limitations of the current study
LCrichton,Participant 12895911,2,21,"Discussion makes a good, sensible suggestion for future work"
LCrichton,Participant 12895911,3,22,Discussion concludes appropriately.
LCrichton,Participant 12895911,3,23,Overall clarity of writing
LCrichton,Participant 12895911,3,24,Overall quality of grammar and spelling
LCrichton,Participant 12895911,3,25,Correct formatting of sections and sub-sections
LCrichton,Participant 12895911,3,26,Correct usage of APA-formatted citations and references
LCrichton,Participant 12895919,3,1,Abstract is clear and accurate
LCrichton,Participant 12895919,3,2,Abstract contains correct information
LCrichton,Participant 12895919,4,3,Introduction is clear and accurate
LCrichton,Participant 12895919,3,4,Introduction gives big-picture overview
LCrichton,Participant 12895919,2,5,Introduction outlines specific research area
LCrichton,Participant 12895919,2,6,Introduction gives rationale for current experiment
LCrichton,Participant 12895919,4,7,"Participant section is clear, accurate, and contain correct information"
LCrichton,Participant 12895919,4,8,Sample sizes are justified through a power calculation
LCrichton,Participant 12895919,2,9,"Apparatus and materials sections are clear, accurate, and contain correct information"
LCrichton,Participant 12895919,5,10,"Procedure section is clear, accurate, and contain correct information."
LCrichton,Participant 12895919,3,11,"Result section is overall clear, accurate, and contain correct information"
LCrichton,Participant 12895919,3,12,"Figure(s) are clear and appropriate, lack clutter, and have meaningful axis labels and good font sizes"
LCrichton,Participant 12895919,3,13,Figure(s) have an appropriate figure legend that is referred to in the main text.
LCrichton,Participant 12895919,4,14,"Results section includes appropriate and accurate summary statistics (e.g. means, density plots)"
LCrichton,Participant 12895919,4,15,Results section includes appropriate and accurate inferential statistics (Bayesian ANOVA)
LCrichton,Participant 12895919,4,17,Discussion correctly and clearly summarises findings
LCrichton,Participant 12895919,4,18,Discussion correctly interprets findings
LCrichton,Participant 12895919,3,19,Discussion makes appropriate links to previous literature
LCrichton,Participant 12895919,2,20,Discussion provides good considerations of the limitations of the current study
LCrichton,Participant 12895919,3,21,"Discussion makes a good, sensible suggestion for future work"
LCrichton,Participant 12895919,3,22,Discussion concludes appropriately.
LCrichton,Participant 12895919,3,23,Overall clarity of writing
LCrichton,Participant 12895919,4,24,Overall quality of grammar and spelling
LCrichton,Participant 12895919,3,25,Correct formatting of sections and sub-sections
LCrichton,Participant 12895919,3,26,Correct usage of APA-formatted citations and references
LCrichton,Participant 12895922,4,1,Abstract is clear and accurate
LCrichton,Participant 12895922,3,2,Abstract contains correct information
LCrichton,Participant 12895922,4,3,Introduction is clear and accurate
LCrichton,Participant 12895922,3,4,Introduction gives big-picture overview
LCrichton,Participant 12895922,5,5,Introduction outlines specific research area
LCrichton,Participant 12895922,4,6,Introduction gives rationale for current experiment
LCrichton,Participant 12895922,4,7,"Participant section is clear, accurate, and contain correct information"
LCrichton,Participant 12895922,4,8,Sample sizes are justified through a power calculation
LCrichton,Participant 12895922,4,9,"Apparatus and materials sections are clear, accurate, and contain correct information"
LCrichton,Participant 12895922,5,10,"Procedure section is clear, accurate, and contain correct information."
LCrichton,Participant 12895922,5,11,"Result section is overall clear, accurate, and contain correct information"
LCrichton,Participant 12895922,4,12,"Figure(s) are clear and appropriate, lack clutter, and have meaningful axis labels and good font sizes"
LCrichton,Participant 12895922,4,13,Figure(s) have an appropriate figure legend that is referred to in the main text.
LCrichton,Participant 12895922,5,14,"Results section includes appropriate and accurate summary statistics (e.g. means, density plots)"
LCrichton,Participant 12895922,5,15,Results section includes appropriate and accurate inferential statistics (Bayesian ANOVA)
LCrichton,Participant 12895922,3,17,Discussion correctly and clearly summarises findings
LCrichton,Participant 12895922,4,18,Discussion correctly interprets findings
LCrichton,Participant 12895922,5,19,Discussion makes appropriate links to previous literature
LCrichton,Participant 12895922,4,20,Discussion provides good considerations of the limitations of the current study
LCrichton,Participant 12895922,3,21,"Discussion makes a good, sensible suggestion for future work"
LCrichton,Participant 12895922,3,22,Discussion concludes appropriately.
LCrichton,Participant 12895922,4,23,Overall clarity of writing
LCrichton,Participant 12895922,4,24,Overall quality of grammar and spelling
LCrichton,Participant 12895922,4,25,Correct formatting of sections and sub-sections
LCrichton,Participant 12895922,5,26,Correct usage of APA-formatted citations and references
LCrichton,Participant 12895943,4,1,Abstract is clear and accurate
LCrichton,Participant 12895943,3,2,Abstract contains correct information
LCrichton,Participant 12895943,4,3,Introduction is clear and accurate
LCrichton,Participant 12895943,3,4,Introduction gives big-picture overview
LCrichton,Participant 12895943,4,5,Introduction outlines specific research area
LCrichton,Participant 12895943,3,6,Introduction gives rationale for current experiment
LCrichton,Participant 12895943,3,7,"Participant section is clear, accurate, and contain correct information"
LCrichton,Participant 12895943,1,8,Sample sizes are justified through a power calculation
LCrichton,Participant 12895943,2,9,"Apparatus and materials sections are clear, accurate, and contain correct information"
LCrichton,Participant 12895943,4,10,"Procedure section is clear, accurate, and contain correct information."
LCrichton,Participant 12895943,3,11,"Result section is overall clear, accurate, and contain correct information"
LCrichton,Participant 12895943,3,12,"Figure(s) are clear and appropriate, lack clutter, and have meaningful axis labels and good font sizes"
LCrichton,Participant 12895943,3,13,Figure(s) have an appropriate figure legend that is referred to in the main text.
LCrichton,Participant 12895943,3,14,"Results section includes appropriate and accurate summary statistics (e.g. means, density plots)"
LCrichton,Participant 12895943,2,15,Results section includes appropriate and accurate inferential statistics (Bayesian ANOVA)
LCrichton,Participant 12895943,3,17,Discussion correctly and clearly summarises findings
LCrichton,Participant 12895943,4,18,Discussion correctly interprets findings
LCrichton,Participant 12895943,2,19,Discussion makes appropriate links to previous literature
LCrichton,Participant 12895943,3,20,Discussion provides good considerations of the limitations of the current study
LCrichton,Participant 12895943,4,21,"Discussion makes a good, sensible suggestion for future work"
LCrichton,Participant 12895943,3,22,Discussion concludes appropriately.
LCrichton,Participant 12895943,4,23,Overall clarity of writing
LCrichton,Participant 12895943,3,24,Overall quality of grammar and spelling
LCrichton,Participant 12895943,2,25,Correct formatting of sections and sub-sections
LCrichton,Participant 12895943,4,26,Correct usage of APA-formatted citations and references
LCrichton,Participant 12895960,4,1,Abstract is clear and accurate
LCrichton,Participant 12895960,3,2,Abstract contains correct information
LCrichton,Participant 12895960,3,3,Introduction is clear and accurate
LCrichton,Participant 12895960,3,4,Introduction gives big-picture overview
LCrichton,Participant 12895960,3,5,Introduction outlines specific research area
LCrichton,Participant 12895960,3,6,Introduction gives rationale for current experiment
LCrichton,Participant 12895960,4,7,"Participant section is clear, accurate, and contain correct information"
LCrichton,Participant 12895960,1,8,Sample sizes are justified through a power calculation
LCrichton,Participant 12895960,4,9,"Apparatus and materials sections are clear, accurate, and contain correct information"
LCrichton,Participant 12895960,4,10,"Procedure section is clear, accurate, and contain correct information."
LCrichton,Participant 12895960,3,11,"Result section is overall clear, accurate, and contain correct information"
LCrichton,Participant 12895960,4,12,"Figure(s) are clear and appropriate, lack clutter, and have meaningful axis labels and good font sizes"
LCrichton,Participant 12895960,4,13,Figure(s) have an appropriate figure legend that is referred to in the main text.
LCrichton,Participant 12895960,3,14,"Results section includes appropriate and accurate summary statistics (e.g. means, density plots)"
LCrichton,Participant 12895960,3,15,Results section includes appropriate and accurate inferential statistics (Bayesian ANOVA)
LCrichton,Participant 12895960,4,17,Discussion correctly and clearly summarises findings
LCrichton,Participant 12895960,4,18,Discussion correctly interprets findings
LCrichton,Participant 12895960,3,19,Discussion makes appropriate links to previous literature
LCrichton,Participant 12895960,3,20,Discussion provides good considerations of the limitations of the current study
LCrichton,Participant 12895960,2,21,"Discussion makes a good, sensible suggestion for future work"
LCrichton,Participant 12895960,3,22,Discussion concludes appropriately.
LCrichton,Participant 12895960,4,23,Overall clarity of writing
LCrichton,Participant 12895960,3,24,Overall quality of grammar and spelling
LCrichton,Participant 12895960,3,25,Correct formatting of sections and sub-sections
LCrichton,Participant 12895960,2,26,Correct usage of APA-formatted citations and references
LCrichton,Participant 13093535,4,1,Abstract is clear and accurate
LCrichton,Participant 13093535,3,2,Abstract contains correct information
LCrichton,Participant 13093535,3,3,Introduction is clear and accurate
LCrichton,Participant 13093535,4,4,Introduction gives big-picture overview
LCrichton,Participant 13093535,4,5,Introduction outlines specific research area
LCrichton,Participant 13093535,3,6,Introduction gives rationale for current experiment
LCrichton,Participant 13093535,3,7,"Participant section is clear, accurate, and contain correct information"
LCrichton,Participant 13093535,1,8,Sample sizes are justified through a power calculation
LCrichton,Participant 13093535,3,9,"Apparatus and materials sections are clear, accurate, and contain correct information"
LCrichton,Participant 13093535,4,10,"Procedure section is clear, accurate, and contain correct information."
LCrichton,Participant 13093535,2,11,"Result section is overall clear, accurate, and contain correct information"
LCrichton,Participant 13093535,4,12,"Figure(s) are clear and appropriate, lack clutter, and have meaningful axis labels and good font sizes"
LCrichton,Participant 13093535,3,13,Figure(s) have an appropriate figure legend that is referred to in the main text.
LCrichton,Participant 13093535,3,14,"Results section includes appropriate and accurate summary statistics (e.g. means, density plots)"
LCrichton,Participant 13093535,2,15,Results section includes appropriate and accurate inferential statistics (Bayesian ANOVA)
LCrichton,Participant 13093535,3,17,Discussion correctly and clearly summarises findings
LCrichton,Participant 13093535,2,18,Discussion correctly interprets findings
LCrichton,Participant 13093535,3,19,Discussion makes appropriate links to previous literature
LCrichton,Participant 13093535,2,20,Discussion provides good considerations of the limitations of the current study
LCrichton,Participant 13093535,3,21,"Discussion makes a good, sensible suggestion for future work"
LCrichton,Participant 13093535,3,22,Discussion concludes appropriately.
LCrichton,Participant 13093535,3,23,Overall clarity of writing
LCrichton,Participant 13093535,3,24,Overall quality of grammar and spelling
LCrichton,Participant 13093535,2,25,Correct formatting of sections and sub-sections
LCrichton,Participant 13093535,4,26,Correct usage of APA-formatted citations and references
NKoutsoumpari,Participant 12895818,4,1,Abstract is clear and accurate
NKoutsoumpari,Participant 12895818,4,2,Abstract contains correct information
NKoutsoumpari,Participant 12895818,4,3,Introduction is clear and accurate
NKoutsoumpari,Participant 12895818,4,4,Introduction gives big-picture overview
NKoutsoumpari,Participant 12895818,4,5,Introduction outlines specific research area
NKoutsoumpari,Participant 12895818,4,6,Introduction gives rationale for current experiment
NKoutsoumpari,Participant 12895818,4,7,"Participant section is clear, accurate, and contain correct information"
NKoutsoumpari,Participant 12895818,1,8,Sample sizes are justified through a power calculation
NKoutsoumpari,Participant 12895818,4,9,"Apparatus and materials sections are clear, accurate, and contain correct information"
NKoutsoumpari,Participant 12895818,3,10,"Procedure section is clear, accurate, and contain correct information."
NKoutsoumpari,Participant 12895818,3,11,"Result section is overall clear, accurate, and contain correct information"
NKoutsoumpari,Participant 12895818,3,12,"Figure(s) are clear and appropriate, lack clutter, and have meaningful axis labels and good font sizes"
NKoutsoumpari,Participant 12895818,3,13,Figure(s) have an appropriate figure legend that is referred to in the main text.
NKoutsoumpari,Participant 12895818,3,14,"Results section includes appropriate and accurate summary statistics (e.g. means, density plots)"
NKoutsoumpari,Participant 12895818,3,15,Results section includes appropriate and accurate inferential statistics (Bayesian ANOVA)
NKoutsoumpari,Participant 12895818,3,17,Discussion correctly and clearly summarises findings
NKoutsoumpari,Participant 12895818,3,18,Discussion correctly interprets findings
NKoutsoumpari,Participant 12895818,3,19,Discussion makes appropriate links to previous literature
NKoutsoumpari,Participant 12895818,3,20,Discussion provides good considerations of the limitations of the current study
NKoutsoumpari,Participant 12895818,3,21,"Discussion makes a good, sensible suggestion for future work"
NKoutsoumpari,Participant 12895818,3,22,Discussion concludes appropriately.
NKoutsoumpari,Participant 12895818,4,23,Overall clarity of writing
NKoutsoumpari,Participant 12895818,4,24,Overall quality of grammar and spelling
NKoutsoumpari,Participant 12895818,4,25,Correct formatting of sections and sub-sections
NKoutsoumpari,Participant 12895818,3,26,Correct usage of APA-formatted citations and references
NKoutsoumpari,Participant 12895969,4,1,Abstract is clear and accurate
NKoutsoumpari,Participant 12895969,4,2,Abstract contains correct information
NKoutsoumpari,Participant 12895969,4,3,Introduction is clear and accurate
NKoutsoumpari,Participant 12895969,4,4,Introduction gives big-picture overview
NKoutsoumpari,Participant 12895969,3,5,Introduction outlines specific research area
NKoutsoumpari,Participant 12895969,3,6,Introduction gives rationale for current experiment
NKoutsoumpari,Participant 12895969,3,7,"Participant section is clear, accurate, and contain correct information"
NKoutsoumpari,Participant 12895969,3,8,Sample sizes are justified through a power calculation
NKoutsoumpari,Participant 12895969,3,9,"Apparatus and materials sections are clear, accurate, and contain correct information"
NKoutsoumpari,Participant 12895969,2,10,"Procedure section is clear, accurate, and contain correct information."
NKoutsoumpari,Participant 12895969,2,11,"Result section is overall clear, accurate, and contain correct information"
NKoutsoumpari,Participant 12895969,4,12,"Figure(s) are clear and appropriate, lack clutter, and have meaningful axis labels and good font sizes"
NKoutsoumpari,Participant 12895969,4,13,Figure(s) have an appropriate figure legend that is referred to in the main text.
NKoutsoumpari,Participant 12895969,4,14,"Results section includes appropriate and accurate summary statistics (e.g. means, density plots)"
NKoutsoumpari,Participant 12895969,4,15,Results section includes appropriate and accurate inferential statistics (Bayesian ANOVA)
NKoutsoumpari,Participant 12895969,4,17,Discussion correctly and clearly summarises findings
NKoutsoumpari,Participant 12895969,4,18,Discussion correctly interprets findings
NKoutsoumpari,Participant 12895969,3,19,Discussion makes appropriate links to previous literature
NKoutsoumpari,Participant 12895969,3,20,Discussion provides good considerations of the limitations of the current study
NKoutsoumpari,Participant 12895969,3,21,"Discussion makes a good, sensible suggestion for future work"
NKoutsoumpari,Participant 12895969,3,22,Discussion concludes appropriately.
NKoutsoumpari,Participant 12895969,4,23,Overall clarity of writing
NKoutsoumpari,Participant 12895969,5,24,Overall quality of grammar and spelling
NKoutsoumpari,Participant 12895969,5,25,Correct formatting of sections and sub-sections
NKoutsoumpari,Participant 12895969,3,26,Correct usage of APA-formatted citations and references
NKoutsoumpari,Participant 12895744,4,1,Abstract is clear and accurate
NKoutsoumpari,Participant 12895744,4,2,Abstract contains correct information
NKoutsoumpari,Participant 12895744,4,3,Introduction is clear and accurate
NKoutsoumpari,Participant 12895744,4,4,Introduction gives big-picture overview
NKoutsoumpari,Participant 12895744,4,5,Introduction outlines specific research area
NKoutsoumpari,Participant 12895744,4,6,Introduction gives rationale for current experiment
NKoutsoumpari,Participant 12895744,4,7,"Participant section is clear, accurate, and contain correct information"
NKoutsoumpari,Participant 12895744,1,8,Sample sizes are justified through a power calculation
NKoutsoumpari,Participant 12895744,3,9,"Apparatus and materials sections are clear, accurate, and contain correct information"
NKoutsoumpari,Participant 12895744,4,10,"Procedure section is clear, accurate, and contain correct information."
NKoutsoumpari,Participant 12895744,3,11,"Result section is overall clear, accurate, and contain correct information"
NKoutsoumpari,Participant 12895744,3,12,"Figure(s) are clear and appropriate, lack clutter, and have meaningful axis labels and good font sizes"
NKoutsoumpari,Participant 12895744,3,13,Figure(s) have an appropriate figure legend that is referred to in the main text.
NKoutsoumpari,Participant 12895744,2,14,"Results section includes appropriate and accurate summary statistics (e.g. means, density plots)"
NKoutsoumpari,Participant 12895744,2,15,Results section includes appropriate and accurate inferential statistics (Bayesian ANOVA)
NKoutsoumpari,Participant 12895744,4,17,Discussion correctly and clearly summarises findings
NKoutsoumpari,Participant 12895744,4,18,Discussion correctly interprets findings
NKoutsoumpari,Participant 12895744,3,19,Discussion makes appropriate links to previous literature
NKoutsoumpari,Participant 12895744,3,20,Discussion provides good considerations of the limitations of the current study
NKoutsoumpari,Participant 12895744,3,21,"Discussion makes a good, sensible suggestion for future work"
NKoutsoumpari,Participant 12895744,4,22,Discussion concludes appropriately.
NKoutsoumpari,Participant 12895744,4,23,Overall clarity of writing
NKoutsoumpari,Participant 12895744,5,24,Overall quality of grammar and spelling
NKoutsoumpari,Participant 12895744,5,25,Correct formatting of sections and sub-sections
NKoutsoumpari,Participant 12895744,5,26,Correct usage of APA-formatted citations and references
NKoutsoumpari,Participant 12895728,3,1,Abstract is clear and accurate
NKoutsoumpari,Participant 12895728,3,2,Abstract contains correct information
NKoutsoumpari,Participant 12895728,3,3,Introduction is clear and accurate
NKoutsoumpari,Participant 12895728,3,4,Introduction gives big-picture overview
NKoutsoumpari,Participant 12895728,3,5,Introduction outlines specific research area
NKoutsoumpari,Participant 12895728,3,6,Introduction gives rationale for current experiment
NKoutsoumpari,Participant 12895728,4,7,"Participant section is clear, accurate, and contain correct information"
NKoutsoumpari,Participant 12895728,4,8,Sample sizes are justified through a power calculation
NKoutsoumpari,Participant 12895728,4,9,"Apparatus and materials sections are clear, accurate, and contain correct information"
NKoutsoumpari,Participant 12895728,4,10,"Procedure section is clear, accurate, and contain correct information."
NKoutsoumpari,Participant 12895728,3,11,"Result section is overall clear, accurate, and contain correct information"
NKoutsoumpari,Participant 12895728,3,12,"Figure(s) are clear and appropriate, lack clutter, and have meaningful axis labels and good font sizes"
NKoutsoumpari,Participant 12895728,2,13,Figure(s) have an appropriate figure legend that is referred to in the main text.
NKoutsoumpari,Participant 12895728,3,14,"Results section includes appropriate and accurate summary statistics (e.g. means, density plots)"
NKoutsoumpari,Participant 12895728,3,15,Results section includes appropriate and accurate inferential statistics (Bayesian ANOVA)
NKoutsoumpari,Participant 12895728,4,17,Discussion correctly and clearly summarises findings
NKoutsoumpari,Participant 12895728,3,18,Discussion correctly interprets findings
NKoutsoumpari,Participant 12895728,4,19,Discussion makes appropriate links to previous literature
NKoutsoumpari,Participant 12895728,3,20,Discussion provides good considerations of the limitations of the current study
NKoutsoumpari,Participant 12895728,3,21,"Discussion makes a good, sensible suggestion for future work"
NKoutsoumpari,Participant 12895728,3,22,Discussion concludes appropriately.
NKoutsoumpari,Participant 12895728,3,23,Overall clarity of writing
NKoutsoumpari,Participant 12895728,4,24,Overall quality of grammar and spelling
NKoutsoumpari,Participant 12895728,5,25,Correct formatting of sections and sub-sections
NKoutsoumpari,Participant 12895728,3,26,Correct usage of APA-formatted citations and references
NKoutsoumpari,Participant 12895711,4,1,Abstract is clear and accurate
NKoutsoumpari,Participant 12895711,4,2,Abstract contains correct information
NKoutsoumpari,Participant 12895711,3,3,Introduction is clear and accurate
NKoutsoumpari,Participant 12895711,4,4,Introduction gives big-picture overview
NKoutsoumpari,Participant 12895711,4,5,Introduction outlines specific research area
NKoutsoumpari,Participant 12895711,3,6,Introduction gives rationale for current experiment
NKoutsoumpari,Participant 12895711,3,7,"Participant section is clear, accurate, and contain correct information"
NKoutsoumpari,Participant 12895711,1,8,Sample sizes are justified through a power calculation
NKoutsoumpari,Participant 12895711,3,9,"Apparatus and materials sections are clear, accurate, and contain correct information"
NKoutsoumpari,Participant 12895711,2,10,"Procedure section is clear, accurate, and contain correct information."
NKoutsoumpari,Participant 12895711,2,11,"Result section is overall clear, accurate, and contain correct information"
NKoutsoumpari,Participant 12895711,2,12,"Figure(s) are clear and appropriate, lack clutter, and have meaningful axis labels and good font sizes"
NKoutsoumpari,Participant 12895711,2,13,Figure(s) have an appropriate figure legend that is referred to in the main text.
NKoutsoumpari,Participant 12895711,3,14,"Results section includes appropriate and accurate summary statistics (e.g. means, density plots)"
NKoutsoumpari,Participant 12895711,3,15,Results section includes appropriate and accurate inferential statistics (Bayesian ANOVA)
NKoutsoumpari,Participant 12895711,2,17,Discussion correctly and clearly summarises findings
NKoutsoumpari,Participant 12895711,3,18,Discussion correctly interprets findings
NKoutsoumpari,Participant 12895711,3,19,Discussion makes appropriate links to previous literature
NKoutsoumpari,Participant 12895711,3,20,Discussion provides good considerations of the limitations of the current study
NKoutsoumpari,Participant 12895711,3,21,"Discussion makes a good, sensible suggestion for future work"
NKoutsoumpari,Participant 12895711,3,22,Discussion concludes appropriately.
NKoutsoumpari,Participant 12895711,3,23,Overall clarity of writing
NKoutsoumpari,Participant 12895711,3,24,Overall quality of grammar and spelling
NKoutsoumpari,Participant 12895711,3,25,Correct formatting of sections and sub-sections
NKoutsoumpari,Participant 12895711,2,26,Correct usage of APA-formatted citations and references
NKoutsoumpari,Participant 12895715,3,1,Abstract is clear and accurate
NKoutsoumpari,Participant 12895715,4,2,Abstract contains correct information
NKoutsoumpari,Participant 12895715,3,3,Introduction is clear and accurate
NKoutsoumpari,Participant 12895715,4,4,Introduction gives big-picture overview
NKoutsoumpari,Participant 12895715,4,5,Introduction outlines specific research area
NKoutsoumpari,Participant 12895715,3,6,Introduction gives rationale for current experiment
NKoutsoumpari,Participant 12895715,3,7,"Participant section is clear, accurate, and contain correct information"
NKoutsoumpari,Participant 12895715,1,8,Sample sizes are justified through a power calculation
NKoutsoumpari,Participant 12895715,3,9,"Apparatus and materials sections are clear, accurate, and contain correct information"
NKoutsoumpari,Participant 12895715,3,10,"Procedure section is clear, accurate, and contain correct information."
NKoutsoumpari,Participant 12895715,2,11,"Result section is overall clear, accurate, and contain correct information"
NKoutsoumpari,Participant 12895715,3,12,"Figure(s) are clear and appropriate, lack clutter, and have meaningful axis labels and good font sizes"
NKoutsoumpari,Participant 12895715,3,13,Figure(s) have an appropriate figure legend that is referred to in the main text.
NKoutsoumpari,Participant 12895715,3,14,"Results section includes appropriate and accurate summary statistics (e.g. means, density plots)"
NKoutsoumpari,Participant 12895715,3,15,Results section includes appropriate and accurate inferential statistics (Bayesian ANOVA)
NKoutsoumpari,Participant 12895715,3,17,Discussion correctly and clearly summarises findings
NKoutsoumpari,Participant 12895715,4,18,Discussion correctly interprets findings
NKoutsoumpari,Participant 12895715,4,19,Discussion makes appropriate links to previous literature
NKoutsoumpari,Participant 12895715,3,20,Discussion provides good considerations of the limitations of the current study
NKoutsoumpari,Participant 12895715,3,21,"Discussion makes a good, sensible suggestion for future work"
NKoutsoumpari,Participant 12895715,3,22,Discussion concludes appropriately.
NKoutsoumpari,Participant 12895715,3,23,Overall clarity of writing
NKoutsoumpari,Participant 12895715,4,24,Overall quality of grammar and spelling
NKoutsoumpari,Participant 12895715,4,25,Correct formatting of sections and sub-sections
NKoutsoumpari,Participant 12895715,2,26,Correct usage of APA-formatted citations and references
NKoutsoumpari,Participant 12895733,3,1,Abstract is clear and accurate
NKoutsoumpari,Participant 12895733,3,2,Abstract contains correct information
NKoutsoumpari,Participant 12895733,3,3,Introduction is clear and accurate
NKoutsoumpari,Participant 12895733,4,4,Introduction gives big-picture overview
NKoutsoumpari,Participant 12895733,4,5,Introduction outlines specific research area
NKoutsoumpari,Participant 12895733,3,6,Introduction gives rationale for current experiment
NKoutsoumpari,Participant 12895733,2,7,"Participant section is clear, accurate, and contain correct information"
NKoutsoumpari,Participant 12895733,1,8,Sample sizes are justified through a power calculation
NKoutsoumpari,Participant 12895733,2,9,"Apparatus and materials sections are clear, accurate, and contain correct information"
NKoutsoumpari,Participant 12895733,2,10,"Procedure section is clear, accurate, and contain correct information."
NKoutsoumpari,Participant 12895733,3,11,"Result section is overall clear, accurate, and contain correct information"
NKoutsoumpari,Participant 12895733,2,12,"Figure(s) are clear and appropriate, lack clutter, and have meaningful axis labels and good font sizes"
NKoutsoumpari,Participant 12895733,3,13,Figure(s) have an appropriate figure legend that is referred to in the main text.
NKoutsoumpari,Participant 12895733,3,14,"Results section includes appropriate and accurate summary statistics (e.g. means, density plots)"
NKoutsoumpari,Participant 12895733,1,15,Results section includes appropriate and accurate inferential statistics (Bayesian ANOVA)
NKoutsoumpari,Participant 12895733,4,17,Discussion correctly and clearly summarises findings
NKoutsoumpari,Participant 12895733,4,18,Discussion correctly interprets findings
NKoutsoumpari,Participant 12895733,2,19,Discussion makes appropriate links to previous literature
NKoutsoumpari,Participant 12895733,1,20,Discussion provides good considerations of the limitations of the current study
NKoutsoumpari,Participant 12895733,2,21,"Discussion makes a good, sensible suggestion for future work"
NKoutsoumpari,Participant 12895733,3,22,Discussion concludes appropriately.
NKoutsoumpari,Participant 12895733,3,23,Overall clarity of writing
NKoutsoumpari,Participant 12895733,4,24,Overall quality of grammar and spelling
NKoutsoumpari,Participant 12895733,5,25,Correct formatting of sections and sub-sections
NKoutsoumpari,Participant 12895733,3,26,Correct usage of APA-formatted citations and references
NKoutsoumpari,Participant 12895748,3,1,Abstract is clear and accurate
NKoutsoumpari,Participant 12895748,4,2,Abstract contains correct information
NKoutsoumpari,Participant 12895748,4,3,Introduction is clear and accurate
NKoutsoumpari,Participant 12895748,4,4,Introduction gives big-picture overview
NKoutsoumpari,Participant 12895748,4,5,Introduction outlines specific research area
NKoutsoumpari,Participant 12895748,4,6,Introduction gives rationale for current experiment
NKoutsoumpari,Participant 12895748,3,7,"Participant section is clear, accurate, and contain correct information"
NKoutsoumpari,Participant 12895748,4,8,Sample sizes are justified through a power calculation
NKoutsoumpari,Participant 12895748,3,9,"Apparatus and materials sections are clear, accurate, and contain correct information"
NKoutsoumpari,Participant 12895748,3,10,"Procedure section is clear, accurate, and contain correct information."
NKoutsoumpari,Participant 12895748,3,11,"Result section is overall clear, accurate, and contain correct information"
NKoutsoumpari,Participant 12895748,3,12,"Figure(s) are clear and appropriate, lack clutter, and have meaningful axis labels and good font sizes"
NKoutsoumpari,Participant 12895748,3,13,Figure(s) have an appropriate figure legend that is referred to in the main text.
NKoutsoumpari,Participant 12895748,4,14,"Results section includes appropriate and accurate summary statistics (e.g. means, density plots)"
NKoutsoumpari,Participant 12895748,4,15,Results section includes appropriate and accurate inferential statistics (Bayesian ANOVA)
NKoutsoumpari,Participant 12895748,3,17,Discussion correctly and clearly summarises findings
NKoutsoumpari,Participant 12895748,3,18,Discussion correctly interprets findings
NKoutsoumpari,Participant 12895748,3,19,Discussion makes appropriate links to previous literature
NKoutsoumpari,Participant 12895748,2,20,Discussion provides good considerations of the limitations of the current study
NKoutsoumpari,Participant 12895748,2,21,"Discussion makes a good, sensible suggestion for future work"
NKoutsoumpari,Participant 12895748,4,22,Discussion concludes appropriately.
NKoutsoumpari,Participant 12895748,3,23,Overall clarity of writing
NKoutsoumpari,Participant 12895748,4,24,Overall quality of grammar and spelling
NKoutsoumpari,Participant 12895748,5,25,Correct formatting of sections and sub-sections
NKoutsoumpari,Participant 12895748,3,26,Correct usage of APA-formatted citations and references
NKoutsoumpari,Participant 12895753,4,1,Abstract is clear and accurate
NKoutsoumpari,Participant 12895753,4,2,Abstract contains correct information
NKoutsoumpari,Participant 12895753,3,3,Introduction is clear and accurate
NKoutsoumpari,Participant 12895753,4,4,Introduction gives big-picture overview
NKoutsoumpari,Participant 12895753,4,5,Introduction outlines specific research area
NKoutsoumpari,Participant 12895753,3,6,Introduction gives rationale for current experiment
NKoutsoumpari,Participant 12895753,5,7,"Participant section is clear, accurate, and contain correct information"
NKoutsoumpari,Participant 12895753,5,8,Sample sizes are justified through a power calculation
NKoutsoumpari,Participant 12895753,4,9,"Apparatus and materials sections are clear, accurate, and contain correct information"
NKoutsoumpari,Participant 12895753,4,10,"Procedure section is clear, accurate, and contain correct information."
NKoutsoumpari,Participant 12895753,4,11,"Result section is overall clear, accurate, and contain correct information"
NKoutsoumpari,Participant 12895753,4,12,"Figure(s) are clear and appropriate, lack clutter, and have meaningful axis labels and good font sizes"
NKoutsoumpari,Participant 12895753,3,13,Figure(s) have an appropriate figure legend that is referred to in the main text.
NKoutsoumpari,Participant 12895753,4,14,"Results section includes appropriate and accurate summary statistics (e.g. means, density plots)"
NKoutsoumpari,Participant 12895753,4,15,Results section includes appropriate and accurate inferential statistics (Bayesian ANOVA)
NKoutsoumpari,Participant 12895753,4,17,Discussion correctly and clearly summarises findings
NKoutsoumpari,Participant 12895753,5,18,Discussion correctly interprets findings
NKoutsoumpari,Participant 12895753,5,19,Discussion makes appropriate links to previous literature
NKoutsoumpari,Participant 12895753,3,20,Discussion provides good considerations of the limitations of the current study
NKoutsoumpari,Participant 12895753,2,21,"Discussion makes a good, sensible suggestion for future work"
NKoutsoumpari,Participant 12895753,3,22,Discussion concludes appropriately.
NKoutsoumpari,Participant 12895753,4,23,Overall clarity of writing
NKoutsoumpari,Participant 12895753,4,24,Overall quality of grammar and spelling
NKoutsoumpari,Participant 12895753,5,25,Correct formatting of sections and sub-sections
NKoutsoumpari,Participant 12895753,5,26,Correct usage of APA-formatted citations and references
NKoutsoumpari,Participant 12895758,3,1,Abstract is clear and accurate
NKoutsoumpari,Participant 12895758,4,2,Abstract contains correct information
NKoutsoumpari,Participant 12895758,3,3,Introduction is clear and accurate
NKoutsoumpari,Participant 12895758,4,4,Introduction gives big-picture overview
NKoutsoumpari,Participant 12895758,4,5,Introduction outlines specific research area
NKoutsoumpari,Participant 12895758,3,6,Introduction gives rationale for current experiment
NKoutsoumpari,Participant 12895758,4,7,"Participant section is clear, accurate, and contain correct information"
NKoutsoumpari,Participant 12895758,3,8,Sample sizes are justified through a power calculation
NKoutsoumpari,Participant 12895758,3,9,"Apparatus and materials sections are clear, accurate, and contain correct information"
NKoutsoumpari,Participant 12895758,4,10,"Procedure section is clear, accurate, and contain correct information."
NKoutsoumpari,Participant 12895758,2,11,"Result section is overall clear, accurate, and contain correct information"
NKoutsoumpari,Participant 12895758,3,12,"Figure(s) are clear and appropriate, lack clutter, and have meaningful axis labels and good font sizes"
NKoutsoumpari,Participant 12895758,3,13,Figure(s) have an appropriate figure legend that is referred to in the main text.
NKoutsoumpari,Participant 12895758,4,14,"Results section includes appropriate and accurate summary statistics (e.g. means, density plots)"
NKoutsoumpari,Participant 12895758,4,15,Results section includes appropriate and accurate inferential statistics (Bayesian ANOVA)
NKoutsoumpari,Participant 12895758,4,17,Discussion correctly and clearly summarises findings
NKoutsoumpari,Participant 12895758,3,18,Discussion correctly interprets findings
NKoutsoumpari,Participant 12895758,3,19,Discussion makes appropriate links to previous literature
NKoutsoumpari,Participant 12895758,2,20,Discussion provides good considerations of the limitations of the current study
NKoutsoumpari,Participant 12895758,3,21,"Discussion makes a good, sensible suggestion for future work"
NKoutsoumpari,Participant 12895758,3,22,Discussion concludes appropriately.
NKoutsoumpari,Participant 12895758,4,23,Overall clarity of writing
NKoutsoumpari,Participant 12895758,4,24,Overall quality of grammar and spelling
NKoutsoumpari,Participant 12895758,5,25,Correct formatting of sections and sub-sections
NKoutsoumpari,Participant 12895758,3,26,Correct usage of APA-formatted citations and references
NKoutsoumpari,Participant 12895763,2,1,Abstract is clear and accurate
NKoutsoumpari,Participant 12895763,2,2,Abstract contains correct information
NKoutsoumpari,Participant 12895763,3,3,Introduction is clear and accurate
NKoutsoumpari,Participant 12895763,4,4,Introduction gives big-picture overview
NKoutsoumpari,Participant 12895763,4,5,Introduction outlines specific research area
NKoutsoumpari,Participant 12895763,3,6,Introduction gives rationale for current experiment
NKoutsoumpari,Participant 12895763,3,7,"Participant section is clear, accurate, and contain correct information"
NKoutsoumpari,Participant 12895763,3,8,Sample sizes are justified through a power calculation
NKoutsoumpari,Participant 12895763,3,9,"Apparatus and materials sections are clear, accurate, and contain correct information"
NKoutsoumpari,Participant 12895763,3,10,"Procedure section is clear, accurate, and contain correct information."
NKoutsoumpari,Participant 12895763,2,11,"Result section is overall clear, accurate, and contain correct information"
NKoutsoumpari,Participant 12895763,2,12,"Figure(s) are clear and appropriate, lack clutter, and have meaningful axis labels and good font sizes"
NKoutsoumpari,Participant 12895763,2,13,Figure(s) have an appropriate figure legend that is referred to in the main text.
NKoutsoumpari,Participant 12895763,2,14,"Results section includes appropriate and accurate summary statistics (e.g. means, density plots)"
NKoutsoumpari,Participant 12895763,2,15,Results section includes appropriate and accurate inferential statistics (Bayesian ANOVA)
NKoutsoumpari,Participant 12895763,4,17,Discussion correctly and clearly summarises findings
NKoutsoumpari,Participant 12895763,4,18,Discussion correctly interprets findings
NKoutsoumpari,Participant 12895763,3,19,Discussion makes appropriate links to previous literature
NKoutsoumpari,Participant 12895763,3,20,Discussion provides good considerations of the limitations of the current study
NKoutsoumpari,Participant 12895763,3,21,"Discussion makes a good, sensible suggestion for future work"
NKoutsoumpari,Participant 12895763,3,22,Discussion concludes appropriately.
NKoutsoumpari,Participant 12895763,3,23,Overall clarity of writing
NKoutsoumpari,Participant 12895763,4,24,Overall quality of grammar and spelling
NKoutsoumpari,Participant 12895763,5,25,Correct formatting of sections and sub-sections
NKoutsoumpari,Participant 12895763,4,26,Correct usage of APA-formatted citations and references
NKoutsoumpari,Participant 12895767,3,1,Abstract is clear and accurate
NKoutsoumpari,Participant 12895767,3,2,Abstract contains correct information
NKoutsoumpari,Participant 12895767,3,3,Introduction is clear and accurate
NKoutsoumpari,Participant 12895767,4,4,Introduction gives big-picture overview
NKoutsoumpari,Participant 12895767,4,5,Introduction outlines specific research area
NKoutsoumpari,Participant 12895767,3,6,Introduction gives rationale for current experiment
NKoutsoumpari,Participant 12895767,4,7,"Participant section is clear, accurate, and contain correct information"
NKoutsoumpari,Participant 12895767,3,8,Sample sizes are justified through a power calculation
NKoutsoumpari,Participant 12895767,3,9,"Apparatus and materials sections are clear, accurate, and contain correct information"
NKoutsoumpari,Participant 12895767,3,10,"Procedure section is clear, accurate, and contain correct information."
NKoutsoumpari,Participant 12895767,3,11,"Result section is overall clear, accurate, and contain correct information"
NKoutsoumpari,Participant 12895767,3,12,"Figure(s) are clear and appropriate, lack clutter, and have meaningful axis labels and good font sizes"
NKoutsoumpari,Participant 12895767,3,13,Figure(s) have an appropriate figure legend that is referred to in the main text.
NKoutsoumpari,Participant 12895767,3,14,"Results section includes appropriate and accurate summary statistics (e.g. means, density plots)"
NKoutsoumpari,Participant 12895767,3,15,Results section includes appropriate and accurate inferential statistics (Bayesian ANOVA)
NKoutsoumpari,Participant 12895767,4,17,Discussion correctly and clearly summarises findings
NKoutsoumpari,Participant 12895767,3,18,Discussion correctly interprets findings
NKoutsoumpari,Participant 12895767,4,19,Discussion makes appropriate links to previous literature
NKoutsoumpari,Participant 12895767,3,20,Discussion provides good considerations of the limitations of the current study
NKoutsoumpari,Participant 12895767,3,21,"Discussion makes a good, sensible suggestion for future work"
NKoutsoumpari,Participant 12895767,3,22,Discussion concludes appropriately.
NKoutsoumpari,Participant 12895767,4,23,Overall clarity of writing
NKoutsoumpari,Participant 12895767,4,24,Overall quality of grammar and spelling
NKoutsoumpari,Participant 12895767,5,25,Correct formatting of sections and sub-sections
NKoutsoumpari,Participant 12895767,3,26,Correct usage of APA-formatted citations and references
NKoutsoumpari,Participant 12895796,3,1,Abstract is clear and accurate
NKoutsoumpari,Participant 12895796,4,2,Abstract contains correct information
NKoutsoumpari,Participant 12895796,3,3,Introduction is clear and accurate
NKoutsoumpari,Participant 12895796,4,4,Introduction gives big-picture overview
NKoutsoumpari,Participant 12895796,4,5,Introduction outlines specific research area
NKoutsoumpari,Participant 12895796,3,6,Introduction gives rationale for current experiment
NKoutsoumpari,Participant 12895796,4,7,"Participant section is clear, accurate, and contain correct information"
NKoutsoumpari,Participant 12895796,4,8,Sample sizes are justified through a power calculation
NKoutsoumpari,Participant 12895796,3,9,"Apparatus and materials sections are clear, accurate, and contain correct information"
NKoutsoumpari,Participant 12895796,4,10,"Procedure section is clear, accurate, and contain correct information."
NKoutsoumpari,Participant 12895796,3,11,"Result section is overall clear, accurate, and contain correct information"
NKoutsoumpari,Participant 12895796,3,12,"Figure(s) are clear and appropriate, lack clutter, and have meaningful axis labels and good font sizes"
NKoutsoumpari,Participant 12895796,3,13,Figure(s) have an appropriate figure legend that is referred to in the main text.
NKoutsoumpari,Participant 12895796,2,14,"Results section includes appropriate and accurate summary statistics (e.g. means, density plots)"
NKoutsoumpari,Participant 12895796,2,15,Results section includes appropriate and accurate inferential statistics (Bayesian ANOVA)
NKoutsoumpari,Participant 12895796,4,17,Discussion correctly and clearly summarises findings
NKoutsoumpari,Participant 12895796,4,18,Discussion correctly interprets findings
NKoutsoumpari,Participant 12895796,4,19,Discussion makes appropriate links to previous literature
NKoutsoumpari,Participant 12895796,3,20,Discussion provides good considerations of the limitations of the current study
NKoutsoumpari,Participant 12895796,3,21,"Discussion makes a good, sensible suggestion for future work"
NKoutsoumpari,Participant 12895796,4,22,Discussion concludes appropriately.
NKoutsoumpari,Participant 12895796,4,23,Overall clarity of writing
NKoutsoumpari,Participant 12895796,4,24,Overall quality of grammar and spelling
NKoutsoumpari,Participant 12895796,5,25,Correct formatting of sections and sub-sections
NKoutsoumpari,Participant 12895796,2,26,Correct usage of APA-formatted citations and references
NKoutsoumpari,Participant 12895803,3,1,Abstract is clear and accurate
NKoutsoumpari,Participant 12895803,4,2,Abstract contains correct information
NKoutsoumpari,Participant 12895803,3,3,Introduction is clear and accurate
NKoutsoumpari,Participant 12895803,4,4,Introduction gives big-picture overview
NKoutsoumpari,Participant 12895803,4,5,Introduction outlines specific research area
NKoutsoumpari,Participant 12895803,3,6,Introduction gives rationale for current experiment
NKoutsoumpari,Participant 12895803,3,7,"Participant section is clear, accurate, and contain correct information"
NKoutsoumpari,Participant 12895803,3,8,Sample sizes are justified through a power calculation
NKoutsoumpari,Participant 12895803,3,9,"Apparatus and materials sections are clear, accurate, and contain correct information"
NKoutsoumpari,Participant 12895803,3,10,"Procedure section is clear, accurate, and contain correct information."
NKoutsoumpari,Participant 12895803,2,11,"Result section is overall clear, accurate, and contain correct information"
NKoutsoumpari,Participant 12895803,4,12,"Figure(s) are clear and appropriate, lack clutter, and have meaningful axis labels and good font sizes"
NKoutsoumpari,Participant 12895803,4,13,Figure(s) have an appropriate figure legend that is referred to in the main text.
NKoutsoumpari,Participant 12895803,3,14,"Results section includes appropriate and accurate summary statistics (e.g. means, density plots)"
NKoutsoumpari,Participant 12895803,3,15,Results section includes appropriate and accurate inferential statistics (Bayesian ANOVA)
NKoutsoumpari,Participant 12895803,3,17,Discussion correctly and clearly summarises findings
NKoutsoumpari,Participant 12895803,3,18,Discussion correctly interprets findings
NKoutsoumpari,Participant 12895803,4,19,Discussion makes appropriate links to previous literature
NKoutsoumpari,Participant 12895803,3,20,Discussion provides good considerations of the limitations of the current study
NKoutsoumpari,Participant 12895803,2,21,"Discussion makes a good, sensible suggestion for future work"
NKoutsoumpari,Participant 12895803,3,22,Discussion concludes appropriately.
NKoutsoumpari,Participant 12895803,3,23,Overall clarity of writing
NKoutsoumpari,Participant 12895803,4,24,Overall quality of grammar and spelling
NKoutsoumpari,Participant 12895803,5,25,Correct formatting of sections and sub-sections
NKoutsoumpari,Participant 12895803,4,26,Correct usage of APA-formatted citations and references
NKoutsoumpari,Participant 12895819,3,1,Abstract is clear and accurate
NKoutsoumpari,Participant 12895819,4,2,Abstract contains correct information
NKoutsoumpari,Participant 12895819,4,3,Introduction is clear and accurate
NKoutsoumpari,Participant 12895819,4,4,Introduction gives big-picture overview
NKoutsoumpari,Participant 12895819,4,5,Introduction outlines specific research area
NKoutsoumpari,Participant 12895819,3,6,Introduction gives rationale for current experiment
NKoutsoumpari,Participant 12895819,4,7,"Participant section is clear, accurate, and contain correct information"
NKoutsoumpari,Participant 12895819,3,8,Sample sizes are justified through a power calculation
NKoutsoumpari,Participant 12895819,4,9,"Apparatus and materials sections are clear, accurate, and contain correct information"
NKoutsoumpari,Participant 12895819,3,10,"Procedure section is clear, accurate, and contain correct information."
NKoutsoumpari,Participant 12895819,3,11,"Result section is overall clear, accurate, and contain correct information"
NKoutsoumpari,Participant 12895819,4,12,"Figure(s) are clear and appropriate, lack clutter, and have meaningful axis labels and good font sizes"
NKoutsoumpari,Participant 12895819,2,13,Figure(s) have an appropriate figure legend that is referred to in the main text.
NKoutsoumpari,Participant 12895819,4,14,"Results section includes appropriate and accurate summary statistics (e.g. means, density plots)"
NKoutsoumpari,Participant 12895819,3,15,Results section includes appropriate and accurate inferential statistics (Bayesian ANOVA)
NKoutsoumpari,Participant 12895819,4,17,Discussion correctly and clearly summarises findings
NKoutsoumpari,Participant 12895819,4,18,Discussion correctly interprets findings
NKoutsoumpari,Participant 12895819,4,19,Discussion makes appropriate links to previous literature
NKoutsoumpari,Participant 12895819,3,20,Discussion provides good considerations of the limitations of the current study
NKoutsoumpari,Participant 12895819,3,21,"Discussion makes a good, sensible suggestion for future work"
NKoutsoumpari,Participant 12895819,4,22,Discussion concludes appropriately.
NKoutsoumpari,Participant 12895819,4,23,Overall clarity of writing
NKoutsoumpari,Participant 12895819,5,24,Overall quality of grammar and spelling
NKoutsoumpari,Participant 12895819,5,25,Correct formatting of sections and sub-sections
NKoutsoumpari,Participant 12895819,5,26,Correct usage of APA-formatted citations and references
NKoutsoumpari,Participant 12895837,3,1,Abstract is clear and accurate
NKoutsoumpari,Participant 12895837,4,2,Abstract contains correct information
NKoutsoumpari,Participant 12895837,3,3,Introduction is clear and accurate
NKoutsoumpari,Participant 12895837,4,4,Introduction gives big-picture overview
NKoutsoumpari,Participant 12895837,4,5,Introduction outlines specific research area
NKoutsoumpari,Participant 12895837,3,6,Introduction gives rationale for current experiment
NKoutsoumpari,Participant 12895837,4,7,"Participant section is clear, accurate, and contain correct information"
NKoutsoumpari,Participant 12895837,2,8,Sample sizes are justified through a power calculation
NKoutsoumpari,Participant 12895837,3,9,"Apparatus and materials sections are clear, accurate, and contain correct information"
NKoutsoumpari,Participant 12895837,4,10,"Procedure section is clear, accurate, and contain correct information."
NKoutsoumpari,Participant 12895837,2,11,"Result section is overall clear, accurate, and contain correct information"
NKoutsoumpari,Participant 12895837,4,12,"Figure(s) are clear and appropriate, lack clutter, and have meaningful axis labels and good font sizes"
NKoutsoumpari,Participant 12895837,3,13,Figure(s) have an appropriate figure legend that is referred to in the main text.
NKoutsoumpari,Participant 12895837,2,14,"Results section includes appropriate and accurate summary statistics (e.g. means, density plots)"
NKoutsoumpari,Participant 12895837,3,15,Results section includes appropriate and accurate inferential statistics (Bayesian ANOVA)
NKoutsoumpari,Participant 12895837,2,17,Discussion correctly and clearly summarises findings
NKoutsoumpari,Participant 12895837,3,18,Discussion correctly interprets findings
NKoutsoumpari,Participant 12895837,2,19,Discussion makes appropriate links to previous literature
NKoutsoumpari,Participant 12895837,3,20,Discussion provides good considerations of the limitations of the current study
NKoutsoumpari,Participant 12895837,3,21,"Discussion makes a good, sensible suggestion for future work"
NKoutsoumpari,Participant 12895837,3,22,Discussion concludes appropriately.
NKoutsoumpari,Participant 12895837,2,23,Overall clarity of writing
NKoutsoumpari,Participant 12895837,4,24,Overall quality of grammar and spelling
NKoutsoumpari,Participant 12895837,5,25,Correct formatting of sections and sub-sections
NKoutsoumpari,Participant 12895837,5,26,Correct usage of APA-formatted citations and references
NKoutsoumpari,Participant 12895846,3,1,Abstract is clear and accurate
NKoutsoumpari,Participant 12895846,4,2,Abstract contains correct information
NKoutsoumpari,Participant 12895846,3,3,Introduction is clear and accurate
NKoutsoumpari,Participant 12895846,4,4,Introduction gives big-picture overview
NKoutsoumpari,Participant 12895846,4,5,Introduction outlines specific research area
NKoutsoumpari,Participant 12895846,3,6,Introduction gives rationale for current experiment
NKoutsoumpari,Participant 12895846,3,7,"Participant section is clear, accurate, and contain correct information"
NKoutsoumpari,Participant 12895846,2,8,Sample sizes are justified through a power calculation
NKoutsoumpari,Participant 12895846,3,9,"Apparatus and materials sections are clear, accurate, and contain correct information"
NKoutsoumpari,Participant 12895846,3,10,"Procedure section is clear, accurate, and contain correct information."
NKoutsoumpari,Participant 12895846,2,11,"Result section is overall clear, accurate, and contain correct information"
NKoutsoumpari,Participant 12895846,4,12,"Figure(s) are clear and appropriate, lack clutter, and have meaningful axis labels and good font sizes"
NKoutsoumpari,Participant 12895846,3,13,Figure(s) have an appropriate figure legend that is referred to in the main text.
NKoutsoumpari,Participant 12895846,4,14,"Results section includes appropriate and accurate summary statistics (e.g. means, density plots)"
NKoutsoumpari,Participant 12895846,4,15,Results section includes appropriate and accurate inferential statistics (Bayesian ANOVA)
NKoutsoumpari,Participant 12895846,4,17,Discussion correctly and clearly summarises findings
NKoutsoumpari,Participant 12895846,4,18,Discussion correctly interprets findings
NKoutsoumpari,Participant 12895846,4,19,Discussion makes appropriate links to previous literature
NKoutsoumpari,Participant 12895846,3,20,Discussion provides good considerations of the limitations of the current study
NKoutsoumpari,Participant 12895846,3,21,"Discussion makes a good, sensible suggestion for future work"
NKoutsoumpari,Participant 12895846,3,22,Discussion concludes appropriately.
NKoutsoumpari,Participant 12895846,3,23,Overall clarity of writing
NKoutsoumpari,Participant 12895846,3,24,Overall quality of grammar and spelling
NKoutsoumpari,Participant 12895846,5,25,Correct formatting of sections and sub-sections
NKoutsoumpari,Participant 12895846,5,26,Correct usage of APA-formatted citations and references
NKoutsoumpari,Participant 12895913,3,1,Abstract is clear and accurate
NKoutsoumpari,Participant 12895913,4,2,Abstract contains correct information
NKoutsoumpari,Participant 12895913,4,3,Introduction is clear and accurate
NKoutsoumpari,Participant 12895913,4,4,Introduction gives big-picture overview
NKoutsoumpari,Participant 12895913,4,5,Introduction outlines specific research area
NKoutsoumpari,Participant 12895913,3,6,Introduction gives rationale for current experiment
NKoutsoumpari,Participant 12895913,3,7,"Participant section is clear, accurate, and contain correct information"
NKoutsoumpari,Participant 12895913,3,8,Sample sizes are justified through a power calculation
NKoutsoumpari,Participant 12895913,4,9,"Apparatus and materials sections are clear, accurate, and contain correct information"
NKoutsoumpari,Participant 12895913,4,10,"Procedure section is clear, accurate, and contain correct information."
NKoutsoumpari,Participant 12895913,3,11,"Result section is overall clear, accurate, and contain correct information"
NKoutsoumpari,Participant 12895913,3,12,"Figure(s) are clear and appropriate, lack clutter, and have meaningful axis labels and good font sizes"
NKoutsoumpari,Participant 12895913,3,13,Figure(s) have an appropriate figure legend that is referred to in the main text.
NKoutsoumpari,Participant 12895913,4,14,"Results section includes appropriate and accurate summary statistics (e.g. means, density plots)"
NKoutsoumpari,Participant 12895913,4,15,Results section includes appropriate and accurate inferential statistics (Bayesian ANOVA)
NKoutsoumpari,Participant 12895913,4,17,Discussion correctly and clearly summarises findings
NKoutsoumpari,Participant 12895913,4,18,Discussion correctly interprets findings
NKoutsoumpari,Participant 12895913,4,19,Discussion makes appropriate links to previous literature
NKoutsoumpari,Participant 12895913,3,20,Discussion provides good considerations of the limitations of the current study
NKoutsoumpari,Participant 12895913,3,21,"Discussion makes a good, sensible suggestion for future work"
NKoutsoumpari,Participant 12895913,4,22,Discussion concludes appropriately.
NKoutsoumpari,Participant 12895913,3,23,Overall clarity of writing
NKoutsoumpari,Participant 12895913,3,24,Overall quality of grammar and spelling
NKoutsoumpari,Participant 12895913,5,25,Correct formatting of sections and sub-sections
NKoutsoumpari,Participant 12895913,3,26,Correct usage of APA-formatted citations and references
NKoutsoumpari,Participant 12895947,3,1,Abstract is clear and accurate
NKoutsoumpari,Participant 12895947,4,2,Abstract contains correct information
NKoutsoumpari,Participant 12895947,3,3,Introduction is clear and accurate
NKoutsoumpari,Participant 12895947,3,4,Introduction gives big-picture overview
NKoutsoumpari,Participant 12895947,4,5,Introduction outlines specific research area
NKoutsoumpari,Participant 12895947,3,6,Introduction gives rationale for current experiment
NKoutsoumpari,Participant 12895947,3,7,"Participant section is clear, accurate, and contain correct information"
NKoutsoumpari,Participant 12895947,4,8,Sample sizes are justified through a power calculation
NKoutsoumpari,Participant 12895947,4,9,"Apparatus and materials sections are clear, accurate, and contain correct information"
NKoutsoumpari,Participant 12895947,4,10,"Procedure section is clear, accurate, and contain correct information."
NKoutsoumpari,Participant 12895947,3,11,"Result section is overall clear, accurate, and contain correct information"
NKoutsoumpari,Participant 12895947,4,12,"Figure(s) are clear and appropriate, lack clutter, and have meaningful axis labels and good font sizes"
NKoutsoumpari,Participant 12895947,3,13,Figure(s) have an appropriate figure legend that is referred to in the main text.
NKoutsoumpari,Participant 12895947,4,14,"Results section includes appropriate and accurate summary statistics (e.g. means, density plots)"
NKoutsoumpari,Participant 12895947,4,15,Results section includes appropriate and accurate inferential statistics (Bayesian ANOVA)
NKoutsoumpari,Participant 12895947,4,17,Discussion correctly and clearly summarises findings
NKoutsoumpari,Participant 12895947,3,18,Discussion correctly interprets findings
NKoutsoumpari,Participant 12895947,3,19,Discussion makes appropriate links to previous literature
NKoutsoumpari,Participant 12895947,3,20,Discussion provides good considerations of the limitations of the current study
NKoutsoumpari,Participant 12895947,3,21,"Discussion makes a good, sensible suggestion for future work"
NKoutsoumpari,Participant 12895947,4,22,Discussion concludes appropriately.
NKoutsoumpari,Participant 12895947,4,23,Overall clarity of writing
NKoutsoumpari,Participant 12895947,5,24,Overall quality of grammar and spelling
NKoutsoumpari,Participant 12895947,5,25,Correct formatting of sections and sub-sections
NKoutsoumpari,Participant 12895947,3,26,Correct usage of APA-formatted citations and references
NKoutsoumpari,Participant 12895931,2,1,Abstract is clear and accurate
NKoutsoumpari,Participant 12895931,2,2,Abstract contains correct information
NKoutsoumpari,Participant 12895931,3,3,Introduction is clear and accurate
NKoutsoumpari,Participant 12895931,3,4,Introduction gives big-picture overview
NKoutsoumpari,Participant 12895931,3,5,Introduction outlines specific research area
NKoutsoumpari,Participant 12895931,3,6,Introduction gives rationale for current experiment
NKoutsoumpari,Participant 12895931,2,7,"Participant section is clear, accurate, and contain correct information"
NKoutsoumpari,Participant 12895931,2,8,Sample sizes are justified through a power calculation
NKoutsoumpari,Participant 12895931,3,9,"Apparatus and materials sections are clear, accurate, and contain correct information"
NKoutsoumpari,Participant 12895931,3,10,"Procedure section is clear, accurate, and contain correct information."
NKoutsoumpari,Participant 12895931,2,11,"Result section is overall clear, accurate, and contain correct information"
NKoutsoumpari,Participant 12895931,4,12,"Figure(s) are clear and appropriate, lack clutter, and have meaningful axis labels and good font sizes"
NKoutsoumpari,Participant 12895931,3,13,Figure(s) have an appropriate figure legend that is referred to in the main text.
NKoutsoumpari,Participant 12895931,2,14,"Results section includes appropriate and accurate summary statistics (e.g. means, density plots)"
NKoutsoumpari,Participant 12895931,3,15,Results section includes appropriate and accurate inferential statistics (Bayesian ANOVA)
NKoutsoumpari,Participant 12895931,3,17,Discussion correctly and clearly summarises findings
NKoutsoumpari,Participant 12895931,4,18,Discussion correctly interprets findings
NKoutsoumpari,Participant 12895931,3,19,Discussion makes appropriate links to previous literature
NKoutsoumpari,Participant 12895931,3,20,Discussion provides good considerations of the limitations of the current study
NKoutsoumpari,Participant 12895931,3,21,"Discussion makes a good, sensible suggestion for future work"
NKoutsoumpari,Participant 12895931,3,22,Discussion concludes appropriately.
NKoutsoumpari,Participant 12895931,3,23,Overall clarity of writing
NKoutsoumpari,Participant 12895931,4,24,Overall quality of grammar and spelling
NKoutsoumpari,Participant 12895931,5,25,Correct formatting of sections and sub-sections
NKoutsoumpari,Participant 12895931,4,26,Correct usage of APA-formatted citations and references
NKoutsoumpari,Participant 12895967,3,1,Abstract is clear and accurate
NKoutsoumpari,Participant 12895967,2,2,Abstract contains correct information
NKoutsoumpari,Participant 12895967,2,3,Introduction is clear and accurate
NKoutsoumpari,Participant 12895967,4,4,Introduction gives big-picture overview
NKoutsoumpari,Participant 12895967,4,5,Introduction outlines specific research area
NKoutsoumpari,Participant 12895967,2,6,Introduction gives rationale for current experiment
NKoutsoumpari,Participant 12895967,3,7,"Participant section is clear, accurate, and contain correct information"
NKoutsoumpari,Participant 12895967,1,8,Sample sizes are justified through a power calculation
NKoutsoumpari,Participant 12895967,3,9,"Apparatus and materials sections are clear, accurate, and contain correct information"
NKoutsoumpari,Participant 12895967,3,10,"Procedure section is clear, accurate, and contain correct information."
NKoutsoumpari,Participant 12895967,3,11,"Result section is overall clear, accurate, and contain correct information"
NKoutsoumpari,Participant 12895967,4,12,"Figure(s) are clear and appropriate, lack clutter, and have meaningful axis labels and good font sizes"
NKoutsoumpari,Participant 12895967,3,13,Figure(s) have an appropriate figure legend that is referred to in the main text.
NKoutsoumpari,Participant 12895967,3,14,"Results section includes appropriate and accurate summary statistics (e.g. means, density plots)"
NKoutsoumpari,Participant 12895967,3,15,Results section includes appropriate and accurate inferential statistics (Bayesian ANOVA)
NKoutsoumpari,Participant 12895967,4,17,Discussion correctly and clearly summarises findings
NKoutsoumpari,Participant 12895967,4,18,Discussion correctly interprets findings
NKoutsoumpari,Participant 12895967,4,19,Discussion makes appropriate links to previous literature
NKoutsoumpari,Participant 12895967,3,20,Discussion provides good considerations of the limitations of the current study
NKoutsoumpari,Participant 12895967,3,21,"Discussion makes a good, sensible suggestion for future work"
NKoutsoumpari,Participant 12895967,4,22,Discussion concludes appropriately.
NKoutsoumpari,Participant 12895967,3,23,Overall clarity of writing
NKoutsoumpari,Participant 12895967,5,24,Overall quality of grammar and spelling
NKoutsoumpari,Participant 12895967,5,25,Correct formatting of sections and sub-sections
NKoutsoumpari,Participant 12895967,1,26,Correct usage of APA-formatted citations and references
NKoutsoumpari,Participant 12895886,2,1,Abstract is clear and accurate
NKoutsoumpari,Participant 12895886,2,2,Abstract contains correct information
NKoutsoumpari,Participant 12895886,2,3,Introduction is clear and accurate
NKoutsoumpari,Participant 12895886,2,4,Introduction gives big-picture overview
NKoutsoumpari,Participant 12895886,2,5,Introduction outlines specific research area
NKoutsoumpari,Participant 12895886,2,6,Introduction gives rationale for current experiment
NKoutsoumpari,Participant 12895886,2,7,"Participant section is clear, accurate, and contain correct information"
NKoutsoumpari,Participant 12895886,1,8,Sample sizes are justified through a power calculation
NKoutsoumpari,Participant 12895886,2,9,"Apparatus and materials sections are clear, accurate, and contain correct information"
NKoutsoumpari,Participant 12895886,2,10,"Procedure section is clear, accurate, and contain correct information."
NKoutsoumpari,Participant 12895886,1,11,"Result section is overall clear, accurate, and contain correct information"
NKoutsoumpari,Participant 12895886,1,12,"Figure(s) are clear and appropriate, lack clutter, and have meaningful axis labels and good font sizes"
NKoutsoumpari,Participant 12895886,2,13,Figure(s) have an appropriate figure legend that is referred to in the main text.
NKoutsoumpari,Participant 12895886,1,14,"Results section includes appropriate and accurate summary statistics (e.g. means, density plots)"
NKoutsoumpari,Participant 12895886,1,15,Results section includes appropriate and accurate inferential statistics (Bayesian ANOVA)
NKoutsoumpari,Participant 12895886,1,17,Discussion correctly and clearly summarises findings
NKoutsoumpari,Participant 12895886,1,18,Discussion correctly interprets findings
NKoutsoumpari,Participant 12895886,1,19,Discussion makes appropriate links to previous literature
NKoutsoumpari,Participant 12895886,2,20,Discussion provides good considerations of the limitations of the current study
NKoutsoumpari,Participant 12895886,1,21,"Discussion makes a good, sensible suggestion for future work"
NKoutsoumpari,Participant 12895886,1,22,Discussion concludes appropriately.
NKoutsoumpari,Participant 12895886,1,23,Overall clarity of writing
NKoutsoumpari,Participant 12895886,1,24,Overall quality of grammar and spelling
NKoutsoumpari,Participant 12895886,5,25,Correct formatting of sections and sub-sections
NKoutsoumpari,Participant 12895886,2,26,Correct usage of APA-formatted citations and references
NKoutsoumpari,Participant 12895863,2,1,Abstract is clear and accurate
NKoutsoumpari,Participant 12895863,3,2,Abstract contains correct information
NKoutsoumpari,Participant 12895863,2,3,Introduction is clear and accurate
NKoutsoumpari,Participant 12895863,2,4,Introduction gives big-picture overview
NKoutsoumpari,Participant 12895863,2,5,Introduction outlines specific research area
NKoutsoumpari,Participant 12895863,2,6,Introduction gives rationale for current experiment
NKoutsoumpari,Participant 12895863,2,7,"Participant section is clear, accurate, and contain correct information"
NKoutsoumpari,Participant 12895863,2,8,Sample sizes are justified through a power calculation
NKoutsoumpari,Participant 12895863,2,9,"Apparatus and materials sections are clear, accurate, and contain correct information"
NKoutsoumpari,Participant 12895863,2,10,"Procedure section is clear, accurate, and contain correct information."
NKoutsoumpari,Participant 12895863,1,11,"Result section is overall clear, accurate, and contain correct information"
NKoutsoumpari,Participant 12895863,2,12,"Figure(s) are clear and appropriate, lack clutter, and have meaningful axis labels and good font sizes"
NKoutsoumpari,Participant 12895863,2,13,Figure(s) have an appropriate figure legend that is referred to in the main text.
NKoutsoumpari,Participant 12895863,1,14,"Results section includes appropriate and accurate summary statistics (e.g. means, density plots)"
NKoutsoumpari,Participant 12895863,1,15,Results section includes appropriate and accurate inferential statistics (Bayesian ANOVA)
NKoutsoumpari,Participant 12895863,2,17,Discussion correctly and clearly summarises findings
NKoutsoumpari,Participant 12895863,2,18,Discussion correctly interprets findings
NKoutsoumpari,Participant 12895863,2,19,Discussion makes appropriate links to previous literature
NKoutsoumpari,Participant 12895863,2,20,Discussion provides good considerations of the limitations of the current study
NKoutsoumpari,Participant 12895863,2,21,"Discussion makes a good, sensible suggestion for future work"
NKoutsoumpari,Participant 12895863,2,22,Discussion concludes appropriately.
NKoutsoumpari,Participant 12895863,1,23,Overall clarity of writing
NKoutsoumpari,Participant 12895863,1,24,Overall quality of grammar and spelling
NKoutsoumpari,Participant 12895863,1,25,Correct formatting of sections and sub-sections
NKoutsoumpari,Participant 12895863,2,26,Correct usage of APA-formatted citations and references
NKoutsoumpari,Participant 12895907,3,1,Abstract is clear and accurate
NKoutsoumpari,Participant 12895907,3,2,Abstract contains correct information
NKoutsoumpari,Participant 12895907,3,3,Introduction is clear and accurate
NKoutsoumpari,Participant 12895907,4,4,Introduction gives big-picture overview
NKoutsoumpari,Participant 12895907,3,5,Introduction outlines specific research area
NKoutsoumpari,Participant 12895907,2,6,Introduction gives rationale for current experiment
NKoutsoumpari,Participant 12895907,4,7,"Participant section is clear, accurate, and contain correct information"
NKoutsoumpari,Participant 12895907,3,8,Sample sizes are justified through a power calculation
NKoutsoumpari,Participant 12895907,3,9,"Apparatus and materials sections are clear, accurate, and contain correct information"
NKoutsoumpari,Participant 12895907,2,10,"Procedure section is clear, accurate, and contain correct information."
NKoutsoumpari,Participant 12895907,2,11,"Result section is overall clear, accurate, and contain correct information"
NKoutsoumpari,Participant 12895907,4,12,"Figure(s) are clear and appropriate, lack clutter, and have meaningful axis labels and good font sizes"
NKoutsoumpari,Participant 12895907,3,13,Figure(s) have an appropriate figure legend that is referred to in the main text.
NKoutsoumpari,Participant 12895907,3,14,"Results section includes appropriate and accurate summary statistics (e.g. means, density plots)"
NKoutsoumpari,Participant 12895907,2,15,Results section includes appropriate and accurate inferential statistics (Bayesian ANOVA)
NKoutsoumpari,Participant 12895907,3,17,Discussion correctly and clearly summarises findings
NKoutsoumpari,Participant 12895907,4,18,Discussion correctly interprets findings
NKoutsoumpari,Participant 12895907,4,19,Discussion makes appropriate links to previous literature
NKoutsoumpari,Participant 12895907,3,20,Discussion provides good considerations of the limitations of the current study
NKoutsoumpari,Participant 12895907,3,21,"Discussion makes a good, sensible suggestion for future work"
NKoutsoumpari,Participant 12895907,4,22,Discussion concludes appropriately.
NKoutsoumpari,Participant 12895907,3,23,Overall clarity of writing
NKoutsoumpari,Participant 12895907,4,24,Overall quality of grammar and spelling
NKoutsoumpari,Participant 12895907,5,25,Correct formatting of sections and sub-sections
NKoutsoumpari,Participant 12895907,4,26,Correct usage of APA-formatted citations and references
NKoutsoumpari,Participant 12895941,3,1,Abstract is clear and accurate
NKoutsoumpari,Participant 12895941,4,2,Abstract contains correct information
NKoutsoumpari,Participant 12895941,3,3,Introduction is clear and accurate
NKoutsoumpari,Participant 12895941,4,4,Introduction gives big-picture overview
NKoutsoumpari,Participant 12895941,4,5,Introduction outlines specific research area
NKoutsoumpari,Participant 12895941,2,6,Introduction gives rationale for current experiment
NKoutsoumpari,Participant 12895941,4,7,"Participant section is clear, accurate, and contain correct information"
NKoutsoumpari,Participant 12895941,3,8,Sample sizes are justified through a power calculation
NKoutsoumpari,Participant 12895941,4,9,"Apparatus and materials sections are clear, accurate, and contain correct information"
NKoutsoumpari,Participant 12895941,4,10,"Procedure section is clear, accurate, and contain correct information."
NKoutsoumpari,Participant 12895941,2,11,"Result section is overall clear, accurate, and contain correct information"
NKoutsoumpari,Participant 12895941,2,12,"Figure(s) are clear and appropriate, lack clutter, and have meaningful axis labels and good font sizes"
NKoutsoumpari,Participant 12895941,3,13,Figure(s) have an appropriate figure legend that is referred to in the main text.
NKoutsoumpari,Participant 12895941,3,14,"Results section includes appropriate and accurate summary statistics (e.g. means, density plots)"
NKoutsoumpari,Participant 12895941,3,15,Results section includes appropriate and accurate inferential statistics (Bayesian ANOVA)
NKoutsoumpari,Participant 12895941,2,17,Discussion correctly and clearly summarises findings
NKoutsoumpari,Participant 12895941,2,18,Discussion correctly interprets findings
NKoutsoumpari,Participant 12895941,2,19,Discussion makes appropriate links to previous literature
NKoutsoumpari,Participant 12895941,2,20,Discussion provides good considerations of the limitations of the current study
NKoutsoumpari,Participant 12895941,2,21,"Discussion makes a good, sensible suggestion for future work"
NKoutsoumpari,Participant 12895941,3,22,Discussion concludes appropriately.
NKoutsoumpari,Participant 12895941,3,23,Overall clarity of writing
NKoutsoumpari,Participant 12895941,4,24,Overall quality of grammar and spelling
NKoutsoumpari,Participant 12895941,5,25,Correct formatting of sections and sub-sections
NKoutsoumpari,Participant 12895941,4,26,Correct usage of APA-formatted citations and references
NKoutsoumpari,Participant 12895852,3,1,Abstract is clear and accurate
NKoutsoumpari,Participant 12895852,4,2,Abstract contains correct information
NKoutsoumpari,Participant 12895852,4,3,Introduction is clear and accurate
NKoutsoumpari,Participant 12895852,4,4,Introduction gives big-picture overview
NKoutsoumpari,Participant 12895852,4,5,Introduction outlines specific research area
NKoutsoumpari,Participant 12895852,4,6,Introduction gives rationale for current experiment
NKoutsoumpari,Participant 12895852,4,7,"Participant section is clear, accurate, and contain correct information"
NKoutsoumpari,Participant 12895852,3,8,Sample sizes are justified through a power calculation
NKoutsoumpari,Participant 12895852,4,9,"Apparatus and materials sections are clear, accurate, and contain correct information"
NKoutsoumpari,Participant 12895852,3,10,"Procedure section is clear, accurate, and contain correct information."
NKoutsoumpari,Participant 12895852,4,11,"Result section is overall clear, accurate, and contain correct information"
NKoutsoumpari,Participant 12895852,4,12,"Figure(s) are clear and appropriate, lack clutter, and have meaningful axis labels and good font sizes"
NKoutsoumpari,Participant 12895852,3,13,Figure(s) have an appropriate figure legend that is referred to in the main text.
NKoutsoumpari,Participant 12895852,5,14,"Results section includes appropriate and accurate summary statistics (e.g. means, density plots)"
NKoutsoumpari,Participant 12895852,5,15,Results section includes appropriate and accurate inferential statistics (Bayesian ANOVA)
NKoutsoumpari,Participant 12895852,4,17,Discussion correctly and clearly summarises findings
NKoutsoumpari,Participant 12895852,4,18,Discussion correctly interprets findings
NKoutsoumpari,Participant 12895852,4,19,Discussion makes appropriate links to previous literature
NKoutsoumpari,Participant 12895852,4,20,Discussion provides good considerations of the limitations of the current study
NKoutsoumpari,Participant 12895852,4,21,"Discussion makes a good, sensible suggestion for future work"
NKoutsoumpari,Participant 12895852,4,22,Discussion concludes appropriately.
NKoutsoumpari,Participant 12895852,4,23,Overall clarity of writing
NKoutsoumpari,Participant 12895852,5,24,Overall quality of grammar and spelling
NKoutsoumpari,Participant 12895852,5,25,Correct formatting of sections and sub-sections
NKoutsoumpari,Participant 12895852,4,26,Correct usage of APA-formatted citations and references
NKoutsoumpari,Participant 12895912,3,1,Abstract is clear and accurate
NKoutsoumpari,Participant 12895912,2,2,Abstract contains correct information
NKoutsoumpari,Participant 12895912,4,3,Introduction is clear and accurate
NKoutsoumpari,Participant 12895912,4,4,Introduction gives big-picture overview
NKoutsoumpari,Participant 12895912,4,5,Introduction outlines specific research area
NKoutsoumpari,Participant 12895912,3,6,Introduction gives rationale for current experiment
NKoutsoumpari,Participant 12895912,4,7,"Participant section is clear, accurate, and contain correct information"
NKoutsoumpari,Participant 12895912,3,8,Sample sizes are justified through a power calculation
NKoutsoumpari,Participant 12895912,4,9,"Apparatus and materials sections are clear, accurate, and contain correct information"
NKoutsoumpari,Participant 12895912,3,10,"Procedure section is clear, accurate, and contain correct information."
NKoutsoumpari,Participant 12895912,2,11,"Result section is overall clear, accurate, and contain correct information"
NKoutsoumpari,Participant 12895912,3,12,"Figure(s) are clear and appropriate, lack clutter, and have meaningful axis labels and good font sizes"
NKoutsoumpari,Participant 12895912,3,13,Figure(s) have an appropriate figure legend that is referred to in the main text.
NKoutsoumpari,Participant 12895912,3,14,"Results section includes appropriate and accurate summary statistics (e.g. means, density plots)"
NKoutsoumpari,Participant 12895912,3,15,Results section includes appropriate and accurate inferential statistics (Bayesian ANOVA)
NKoutsoumpari,Participant 12895912,3,17,Discussion correctly and clearly summarises findings
NKoutsoumpari,Participant 12895912,2,18,Discussion correctly interprets findings
NKoutsoumpari,Participant 12895912,4,19,Discussion makes appropriate links to previous literature
NKoutsoumpari,Participant 12895912,3,20,Discussion provides good considerations of the limitations of the current study
NKoutsoumpari,Participant 12895912,3,21,"Discussion makes a good, sensible suggestion for future work"
NKoutsoumpari,Participant 12895912,3,22,Discussion concludes appropriately.
NKoutsoumpari,Participant 12895912,3,23,Overall clarity of writing
NKoutsoumpari,Participant 12895912,4,24,Overall quality of grammar and spelling
NKoutsoumpari,Participant 12895912,5,25,Correct formatting of sections and sub-sections
NKoutsoumpari,Participant 12895912,5,26,Correct usage of APA-formatted citations and references
PSaldanha,Participant 12895723,3,1,Abstract is clear and accurate
PSaldanha,Participant 12895723,3,2,Abstract contains correct information
PSaldanha,Participant 12895723,3,3,Introduction is clear and accurate
PSaldanha,Participant 12895723,2,4,Introduction gives big-picture overview
PSaldanha,Participant 12895723,3,5,Introduction outlines specific research area
PSaldanha,Participant 12895723,2,6,Introduction gives rationale for current experiment
PSaldanha,Participant 12895723,3,7,"Participant section is clear, accurate, and contain correct information"
PSaldanha,Participant 12895723,3,8,Sample sizes are justified through a power calculation
PSaldanha,Participant 12895723,3,9,"Apparatus and materials sections are clear, accurate, and contain correct information"
PSaldanha,Participant 12895723,4,10,"Procedure section is clear, accurate, and contain correct information."
PSaldanha,Participant 12895723,3,11,"Result section is overall clear, accurate, and contain correct information"
PSaldanha,Participant 12895723,3,12,"Figure(s) are clear and appropriate, lack clutter, and have meaningful axis labels and good font sizes"
PSaldanha,Participant 12895723,1,13,Figure(s) have an appropriate figure legend that is referred to in the main text.
PSaldanha,Participant 12895723,2,14,"Results section includes appropriate and accurate summary statistics (e.g. means, density plots)"
PSaldanha,Participant 12895723,4,15,Results section includes appropriate and accurate inferential statistics (Bayesian ANOVA)
PSaldanha,Participant 12895723,3,17,Discussion correctly and clearly summarises findings
PSaldanha,Participant 12895723,3,18,Discussion correctly interprets findings
PSaldanha,Participant 12895723,3,19,Discussion makes appropriate links to previous literature
PSaldanha,Participant 12895723,1,20,Discussion provides good considerations of the limitations of the current study
PSaldanha,Participant 12895723,4,21,"Discussion makes a good, sensible suggestion for future work"
PSaldanha,Participant 12895723,4,22,Discussion concludes appropriately.
PSaldanha,Participant 12895723,2,23,Overall clarity of writing
PSaldanha,Participant 12895723,2,24,Overall quality of grammar and spelling
PSaldanha,Participant 12895723,5,25,Correct formatting of sections and sub-sections
PSaldanha,Participant 12895723,2,26,Correct usage of APA-formatted citations and references
PSaldanha,Participant 12895788,5,1,Abstract is clear and accurate
PSaldanha,Participant 12895788,4,2,Abstract contains correct information
PSaldanha,Participant 12895788,5,3,Introduction is clear and accurate
PSaldanha,Participant 12895788,4,4,Introduction gives big-picture overview
PSaldanha,Participant 12895788,5,5,Introduction outlines specific research area
PSaldanha,Participant 12895788,4,6,Introduction gives rationale for current experiment
PSaldanha,Participant 12895788,3,7,"Participant section is clear, accurate, and contain correct information"
PSaldanha,Participant 12895788,3,8,Sample sizes are justified through a power calculation
PSaldanha,Participant 12895788,3,9,"Apparatus and materials sections are clear, accurate, and contain correct information"
PSaldanha,Participant 12895788,4,10,"Procedure section is clear, accurate, and contain correct information."
PSaldanha,Participant 12895788,5,11,"Result section is overall clear, accurate, and contain correct information"
PSaldanha,Participant 12895788,4,12,"Figure(s) are clear and appropriate, lack clutter, and have meaningful axis labels and good font sizes"
PSaldanha,Participant 12895788,5,13,Figure(s) have an appropriate figure legend that is referred to in the main text.
PSaldanha,Participant 12895788,4,14,"Results section includes appropriate and accurate summary statistics (e.g. means, density plots)"
PSaldanha,Participant 12895788,5,15,Results section includes appropriate and accurate inferential statistics (Bayesian ANOVA)
PSaldanha,Participant 12895788,4,17,Discussion correctly and clearly summarises findings
PSaldanha,Participant 12895788,5,18,Discussion correctly interprets findings
PSaldanha,Participant 12895788,5,19,Discussion makes appropriate links to previous literature
PSaldanha,Participant 12895788,3,20,Discussion provides good considerations of the limitations of the current study
PSaldanha,Participant 12895788,4,21,"Discussion makes a good, sensible suggestion for future work"
PSaldanha,Participant 12895788,5,22,Discussion concludes appropriately.
PSaldanha,Participant 12895788,5,23,Overall clarity of writing
PSaldanha,Participant 12895788,4,24,Overall quality of grammar and spelling
PSaldanha,Participant 12895788,5,25,Correct formatting of sections and sub-sections
PSaldanha,Participant 12895788,3,26,Correct usage of APA-formatted citations and references
PSaldanha,Participant 12895750,5,1,Abstract is clear and accurate
PSaldanha,Participant 12895750,3,2,Abstract contains correct information
PSaldanha,Participant 12895750,4,3,Introduction is clear and accurate
PSaldanha,Participant 12895750,5,4,Introduction gives big-picture overview
PSaldanha,Participant 12895750,3,5,Introduction outlines specific research area
PSaldanha,Participant 12895750,3,6,Introduction gives rationale for current experiment
PSaldanha,Participant 12895750,5,7,"Participant section is clear, accurate, and contain correct information"
PSaldanha,Participant 12895750,4,8,Sample sizes are justified through a power calculation
PSaldanha,Participant 12895750,5,9,"Apparatus and materials sections are clear, accurate, and contain correct information"
PSaldanha,Participant 12895750,5,10,"Procedure section is clear, accurate, and contain correct information."
PSaldanha,Participant 12895750,3,11,"Result section is overall clear, accurate, and contain correct information"
PSaldanha,Participant 12895750,4,12,"Figure(s) are clear and appropriate, lack clutter, and have meaningful axis labels and good font sizes"
PSaldanha,Participant 12895750,5,13,Figure(s) have an appropriate figure legend that is referred to in the main text.
PSaldanha,Participant 12895750,2,14,"Results section includes appropriate and accurate summary statistics (e.g. means, density plots)"
PSaldanha,Participant 12895750,3,15,Results section includes appropriate and accurate inferential statistics (Bayesian ANOVA)
PSaldanha,Participant 12895750,4,17,Discussion correctly and clearly summarises findings
PSaldanha,Participant 12895750,3,18,Discussion correctly interprets findings
PSaldanha,Participant 12895750,4,19,Discussion makes appropriate links to previous literature
PSaldanha,Participant 12895750,3,20,Discussion provides good considerations of the limitations of the current study
PSaldanha,Participant 12895750,4,21,"Discussion makes a good, sensible suggestion for future work"
PSaldanha,Participant 12895750,4,22,Discussion concludes appropriately.
PSaldanha,Participant 12895750,5,23,Overall clarity of writing
PSaldanha,Participant 12895750,5,24,Overall quality of grammar and spelling
PSaldanha,Participant 12895750,5,25,Correct formatting of sections and sub-sections
PSaldanha,Participant 12895750,5,26,Correct usage of APA-formatted citations and references
PSaldanha,Participant 12895759,4,1,Abstract is clear and accurate
PSaldanha,Participant 12895759,3,2,Abstract contains correct information
PSaldanha,Participant 12895759,5,3,Introduction is clear and accurate
PSaldanha,Participant 12895759,5,4,Introduction gives big-picture overview
PSaldanha,Participant 12895759,5,5,Introduction outlines specific research area
PSaldanha,Participant 12895759,3,6,Introduction gives rationale for current experiment
PSaldanha,Participant 12895759,5,7,"Participant section is clear, accurate, and contain correct information"
PSaldanha,Participant 12895759,5,8,Sample sizes are justified through a power calculation
PSaldanha,Participant 12895759,5,9,"Apparatus and materials sections are clear, accurate, and contain correct information"
PSaldanha,Participant 12895759,4,10,"Procedure section is clear, accurate, and contain correct information."
PSaldanha,Participant 12895759,4,11,"Result section is overall clear, accurate, and contain correct information"
PSaldanha,Participant 12895759,4,12,"Figure(s) are clear and appropriate, lack clutter, and have meaningful axis labels and good font sizes"
PSaldanha,Participant 12895759,5,13,Figure(s) have an appropriate figure legend that is referred to in the main text.
PSaldanha,Participant 12895759,4,14,"Results section includes appropriate and accurate summary statistics (e.g. means, density plots)"
PSaldanha,Participant 12895759,3,15,Results section includes appropriate and accurate inferential statistics (Bayesian ANOVA)
PSaldanha,Participant 12895759,3,17,Discussion correctly and clearly summarises findings
PSaldanha,Participant 12895759,3,18,Discussion correctly interprets findings
PSaldanha,Participant 12895759,4,19,Discussion makes appropriate links to previous literature
PSaldanha,Participant 12895759,4,20,Discussion provides good considerations of the limitations of the current study
PSaldanha,Participant 12895759,3,21,"Discussion makes a good, sensible suggestion for future work"
PSaldanha,Participant 12895759,3,22,Discussion concludes appropriately.
PSaldanha,Participant 12895759,5,23,Overall clarity of writing
PSaldanha,Participant 12895759,4,24,Overall quality of grammar and spelling
PSaldanha,Participant 12895759,5,25,Correct formatting of sections and sub-sections
PSaldanha,Participant 12895759,5,26,Correct usage of APA-formatted citations and references
PSaldanha,Participant 12895704,4,1,Abstract is clear and accurate
PSaldanha,Participant 12895704,4,2,Abstract contains correct information
PSaldanha,Participant 12895704,3,3,Introduction is clear and accurate
PSaldanha,Participant 12895704,3,4,Introduction gives big-picture overview
PSaldanha,Participant 12895704,4,5,Introduction outlines specific research area
PSaldanha,Participant 12895704,3,6,Introduction gives rationale for current experiment
PSaldanha,Participant 12895704,3,7,"Participant section is clear, accurate, and contain correct information"
PSaldanha,Participant 12895704,3,8,Sample sizes are justified through a power calculation
PSaldanha,Participant 12895704,4,9,"Apparatus and materials sections are clear, accurate, and contain correct information"
PSaldanha,Participant 12895704,3,10,"Procedure section is clear, accurate, and contain correct information."
PSaldanha,Participant 12895704,3,11,"Result section is overall clear, accurate, and contain correct information"
PSaldanha,Participant 12895704,5,12,"Figure(s) are clear and appropriate, lack clutter, and have meaningful axis labels and good font sizes"
PSaldanha,Participant 12895704,5,13,Figure(s) have an appropriate figure legend that is referred to in the main text.
PSaldanha,Participant 12895704,1,14,"Results section includes appropriate and accurate summary statistics (e.g. means, density plots)"
PSaldanha,Participant 12895704,4,15,Results section includes appropriate and accurate inferential statistics (Bayesian ANOVA)
PSaldanha,Participant 12895704,3,17,Discussion correctly and clearly summarises findings
PSaldanha,Participant 12895704,3,18,Discussion correctly interprets findings
PSaldanha,Participant 12895704,4,19,Discussion makes appropriate links to previous literature
PSaldanha,Participant 12895704,3,20,Discussion provides good considerations of the limitations of the current study
PSaldanha,Participant 12895704,3,21,"Discussion makes a good, sensible suggestion for future work"
PSaldanha,Participant 12895704,4,22,Discussion concludes appropriately.
PSaldanha,Participant 12895704,4,23,Overall clarity of writing
PSaldanha,Participant 12895704,5,24,Overall quality of grammar and spelling
PSaldanha,Participant 12895704,4,25,Correct formatting of sections and sub-sections
PSaldanha,Participant 12895704,4,26,Correct usage of APA-formatted citations and references
PSaldanha,Participant 12895716,4,1,Abstract is clear and accurate
PSaldanha,Participant 12895716,4,2,Abstract contains correct information
PSaldanha,Participant 12895716,3,3,Introduction is clear and accurate
PSaldanha,Participant 12895716,4,4,Introduction gives big-picture overview
PSaldanha,Participant 12895716,4,5,Introduction outlines specific research area
PSaldanha,Participant 12895716,4,6,Introduction gives rationale for current experiment
PSaldanha,Participant 12895716,5,7,"Participant section is clear, accurate, and contain correct information"
PSaldanha,Participant 12895716,5,8,Sample sizes are justified through a power calculation
PSaldanha,Participant 12895716,4,9,"Apparatus and materials sections are clear, accurate, and contain correct information"
PSaldanha,Participant 12895716,3,10,"Procedure section is clear, accurate, and contain correct information."
PSaldanha,Participant 12895716,4,11,"Result section is overall clear, accurate, and contain correct information"
PSaldanha,Participant 12895716,3,12,"Figure(s) are clear and appropriate, lack clutter, and have meaningful axis labels and good font sizes"
PSaldanha,Participant 12895716,4,13,Figure(s) have an appropriate figure legend that is referred to in the main text.
PSaldanha,Participant 12895716,3,14,"Results section includes appropriate and accurate summary statistics (e.g. means, density plots)"
PSaldanha,Participant 12895716,5,15,Results section includes appropriate and accurate inferential statistics (Bayesian ANOVA)
PSaldanha,Participant 12895716,2,17,Discussion correctly and clearly summarises findings
PSaldanha,Participant 12895716,3,18,Discussion correctly interprets findings
PSaldanha,Participant 12895716,3,19,Discussion makes appropriate links to previous literature
PSaldanha,Participant 12895716,4,20,Discussion provides good considerations of the limitations of the current study
PSaldanha,Participant 12895716,3,21,"Discussion makes a good, sensible suggestion for future work"
PSaldanha,Participant 12895716,4,22,Discussion concludes appropriately.
PSaldanha,Participant 12895716,4,23,Overall clarity of writing
PSaldanha,Participant 12895716,5,24,Overall quality of grammar and spelling
PSaldanha,Participant 12895716,5,25,Correct formatting of sections and sub-sections
PSaldanha,Participant 12895716,4,26,Correct usage of APA-formatted citations and references
PSaldanha,Participant 12895736,4,1,Abstract is clear and accurate
PSaldanha,Participant 12895736,3,2,Abstract contains correct information
PSaldanha,Participant 12895736,5,3,Introduction is clear and accurate
PSaldanha,Participant 12895736,5,4,Introduction gives big-picture overview
PSaldanha,Participant 12895736,5,5,Introduction outlines specific research area
PSaldanha,Participant 12895736,3,6,Introduction gives rationale for current experiment
PSaldanha,Participant 12895736,2,7,"Participant section is clear, accurate, and contain correct information"
PSaldanha,Participant 12895736,1,8,Sample sizes are justified through a power calculation
PSaldanha,Participant 12895736,4,9,"Apparatus and materials sections are clear, accurate, and contain correct information"
PSaldanha,Participant 12895736,5,10,"Procedure section is clear, accurate, and contain correct information."
PSaldanha,Participant 12895736,3,11,"Result section is overall clear, accurate, and contain correct information"
PSaldanha,Participant 12895736,4,12,"Figure(s) are clear and appropriate, lack clutter, and have meaningful axis labels and good font sizes"
PSaldanha,Participant 12895736,4,13,Figure(s) have an appropriate figure legend that is referred to in the main text.
PSaldanha,Participant 12895736,2,14,"Results section includes appropriate and accurate summary statistics (e.g. means, density plots)"
PSaldanha,Participant 12895736,3,15,Results section includes appropriate and accurate inferential statistics (Bayesian ANOVA)
PSaldanha,Participant 12895736,4,17,Discussion correctly and clearly summarises findings
PSaldanha,Participant 12895736,3,18,Discussion correctly interprets findings
PSaldanha,Participant 12895736,4,19,Discussion makes appropriate links to previous literature
PSaldanha,Participant 12895736,5,20,Discussion provides good considerations of the limitations of the current study
PSaldanha,Participant 12895736,3,21,"Discussion makes a good, sensible suggestion for future work"
PSaldanha,Participant 12895736,3,22,Discussion concludes appropriately.
PSaldanha,Participant 12895736,5,23,Overall clarity of writing
PSaldanha,Participant 12895736,5,24,Overall quality of grammar and spelling
PSaldanha,Participant 12895736,5,25,Correct formatting of sections and sub-sections
PSaldanha,Participant 12895736,4,26,Correct usage of APA-formatted citations and references
PSaldanha,Participant 12895746,4,1,Abstract is clear and accurate
PSaldanha,Participant 12895746,4,2,Abstract contains correct information
PSaldanha,Participant 12895746,3,3,Introduction is clear and accurate
PSaldanha,Participant 12895746,3,4,Introduction gives big-picture overview
PSaldanha,Participant 12895746,4,5,Introduction outlines specific research area
PSaldanha,Participant 12895746,4,6,Introduction gives rationale for current experiment
PSaldanha,Participant 12895746,3,7,"Participant section is clear, accurate, and contain correct information"
PSaldanha,Participant 12895746,2,8,Sample sizes are justified through a power calculation
PSaldanha,Participant 12895746,2,9,"Apparatus and materials sections are clear, accurate, and contain correct information"
PSaldanha,Participant 12895746,3,10,"Procedure section is clear, accurate, and contain correct information."
PSaldanha,Participant 12895746,2,11,"Result section is overall clear, accurate, and contain correct information"
PSaldanha,Participant 12895746,3,12,"Figure(s) are clear and appropriate, lack clutter, and have meaningful axis labels and good font sizes"
PSaldanha,Participant 12895746,3,13,Figure(s) have an appropriate figure legend that is referred to in the main text.
PSaldanha,Participant 12895746,4,14,"Results section includes appropriate and accurate summary statistics (e.g. means, density plots)"
PSaldanha,Participant 12895746,2,15,Results section includes appropriate and accurate inferential statistics (Bayesian ANOVA)
PSaldanha,Participant 12895746,3,17,Discussion correctly and clearly summarises findings
PSaldanha,Participant 12895746,3,18,Discussion correctly interprets findings
PSaldanha,Participant 12895746,3,19,Discussion makes appropriate links to previous literature
PSaldanha,Participant 12895746,2,20,Discussion provides good considerations of the limitations of the current study
PSaldanha,Participant 12895746,4,21,"Discussion makes a good, sensible suggestion for future work"
PSaldanha,Participant 12895746,3,22,Discussion concludes appropriately.
PSaldanha,Participant 12895746,2,23,Overall clarity of writing
PSaldanha,Participant 12895746,3,24,Overall quality of grammar and spelling
PSaldanha,Participant 12895746,4,25,Correct formatting of sections and sub-sections
PSaldanha,Participant 12895746,4,26,Correct usage of APA-formatted citations and references
PSaldanha,Participant 12895780,4,1,Abstract is clear and accurate
PSaldanha,Participant 12895780,3,2,Abstract contains correct information
PSaldanha,Participant 12895780,3,3,Introduction is clear and accurate
PSaldanha,Participant 12895780,3,4,Introduction gives big-picture overview
PSaldanha,Participant 12895780,4,5,Introduction outlines specific research area
PSaldanha,Participant 12895780,3,6,Introduction gives rationale for current experiment
PSaldanha,Participant 12895780,1,7,"Participant section is clear, accurate, and contain correct information"
PSaldanha,Participant 12895780,1,8,Sample sizes are justified through a power calculation
PSaldanha,Participant 12895780,3,9,"Apparatus and materials sections are clear, accurate, and contain correct information"
PSaldanha,Participant 12895780,2,10,"Procedure section is clear, accurate, and contain correct information."
PSaldanha,Participant 12895780,3,11,"Result section is overall clear, accurate, and contain correct information"
PSaldanha,Participant 12895780,4,12,"Figure(s) are clear and appropriate, lack clutter, and have meaningful axis labels and good font sizes"
PSaldanha,Participant 12895780,1,13,Figure(s) have an appropriate figure legend that is referred to in the main text.
PSaldanha,Participant 12895780,1,14,"Results section includes appropriate and accurate summary statistics (e.g. means, density plots)"
PSaldanha,Participant 12895780,4,15,Results section includes appropriate and accurate inferential statistics (Bayesian ANOVA)
PSaldanha,Participant 12895780,4,17,Discussion correctly and clearly summarises findings
PSaldanha,Participant 12895780,3,18,Discussion correctly interprets findings
PSaldanha,Participant 12895780,3,19,Discussion makes appropriate links to previous literature
PSaldanha,Participant 12895780,4,20,Discussion provides good considerations of the limitations of the current study
PSaldanha,Participant 12895780,1,21,"Discussion makes a good, sensible suggestion for future work"
PSaldanha,Participant 12895780,3,22,Discussion concludes appropriately.
PSaldanha,Participant 12895780,3,23,Overall clarity of writing
PSaldanha,Participant 12895780,3,24,Overall quality of grammar and spelling
PSaldanha,Participant 12895780,3,25,Correct formatting of sections and sub-sections
PSaldanha,Participant 12895780,4,26,Correct usage of APA-formatted citations and references
PSaldanha,Participant 12895791,4,1,Abstract is clear and accurate
PSaldanha,Participant 12895791,3,2,Abstract contains correct information
PSaldanha,Participant 12895791,3,3,Introduction is clear and accurate
PSaldanha,Participant 12895791,2,4,Introduction gives big-picture overview
PSaldanha,Participant 12895791,3,5,Introduction outlines specific research area
PSaldanha,Participant 12895791,2,6,Introduction gives rationale for current experiment
PSaldanha,Participant 12895791,4,7,"Participant section is clear, accurate, and contain correct information"
PSaldanha,Participant 12895791,4,8,Sample sizes are justified through a power calculation
PSaldanha,Participant 12895791,3,9,"Apparatus and materials sections are clear, accurate, and contain correct information"
PSaldanha,Participant 12895791,5,10,"Procedure section is clear, accurate, and contain correct information."
PSaldanha,Participant 12895791,4,11,"Result section is overall clear, accurate, and contain correct information"
PSaldanha,Participant 12895791,4,12,"Figure(s) are clear and appropriate, lack clutter, and have meaningful axis labels and good font sizes"
PSaldanha,Participant 12895791,4,13,Figure(s) have an appropriate figure legend that is referred to in the main text.
PSaldanha,Participant 12895791,4,14,"Results section includes appropriate and accurate summary statistics (e.g. means, density plots)"
PSaldanha,Participant 12895791,4,15,Results section includes appropriate and accurate inferential statistics (Bayesian ANOVA)
PSaldanha,Participant 12895791,4,17,Discussion correctly and clearly summarises findings
PSaldanha,Participant 12895791,3,18,Discussion correctly interprets findings
PSaldanha,Participant 12895791,3,19,Discussion makes appropriate links to previous literature
PSaldanha,Participant 12895791,4,20,Discussion provides good considerations of the limitations of the current study
PSaldanha,Participant 12895791,3,21,"Discussion makes a good, sensible suggestion for future work"
PSaldanha,Participant 12895791,4,22,Discussion concludes appropriately.
PSaldanha,Participant 12895791,4,23,Overall clarity of writing
PSaldanha,Participant 12895791,5,24,Overall quality of grammar and spelling
PSaldanha,Participant 12895791,5,25,Correct formatting of sections and sub-sections
PSaldanha,Participant 12895791,3,26,Correct usage of APA-formatted citations and references
PSaldanha,Participant 12895802,4,1,Abstract is clear and accurate
PSaldanha,Participant 12895802,3,2,Abstract contains correct information
PSaldanha,Participant 12895802,5,3,Introduction is clear and accurate
PSaldanha,Participant 12895802,4,4,Introduction gives big-picture overview
PSaldanha,Participant 12895802,5,5,Introduction outlines specific research area
PSaldanha,Participant 12895802,4,6,Introduction gives rationale for current experiment
PSaldanha,Participant 12895802,2,7,"Participant section is clear, accurate, and contain correct information"
PSaldanha,Participant 12895802,1,8,Sample sizes are justified through a power calculation
PSaldanha,Participant 12895802,3,9,"Apparatus and materials sections are clear, accurate, and contain correct information"
PSaldanha,Participant 12895802,2,10,"Procedure section is clear, accurate, and contain correct information."
PSaldanha,Participant 12895802,2,11,"Result section is overall clear, accurate, and contain correct information"
PSaldanha,Participant 12895802,5,12,"Figure(s) are clear and appropriate, lack clutter, and have meaningful axis labels and good font sizes"
PSaldanha,Participant 12895802,4,13,Figure(s) have an appropriate figure legend that is referred to in the main text.
PSaldanha,Participant 12895802,1,14,"Results section includes appropriate and accurate summary statistics (e.g. means, density plots)"
PSaldanha,Participant 12895802,2,15,Results section includes appropriate and accurate inferential statistics (Bayesian ANOVA)
PSaldanha,Participant 12895802,2,17,Discussion correctly and clearly summarises findings
PSaldanha,Participant 12895802,2,18,Discussion correctly interprets findings
PSaldanha,Participant 12895802,4,19,Discussion makes appropriate links to previous literature
PSaldanha,Participant 12895802,4,20,Discussion provides good considerations of the limitations of the current study
PSaldanha,Participant 12895802,5,21,"Discussion makes a good, sensible suggestion for future work"
PSaldanha,Participant 12895802,3,22,Discussion concludes appropriately.
PSaldanha,Participant 12895802,2,23,Overall clarity of writing
PSaldanha,Participant 12895802,3,24,Overall quality of grammar and spelling
PSaldanha,Participant 12895802,2,25,Correct formatting of sections and sub-sections
PSaldanha,Participant 12895802,3,26,Correct usage of APA-formatted citations and references
PSaldanha,Participant 12895816,5,1,Abstract is clear and accurate
PSaldanha,Participant 12895816,4,2,Abstract contains correct information
PSaldanha,Participant 12895816,4,3,Introduction is clear and accurate
PSaldanha,Participant 12895816,4,4,Introduction gives big-picture overview
PSaldanha,Participant 12895816,5,5,Introduction outlines specific research area
PSaldanha,Participant 12895816,3,6,Introduction gives rationale for current experiment
PSaldanha,Participant 12895816,5,7,"Participant section is clear, accurate, and contain correct information"
PSaldanha,Participant 12895816,1,8,Sample sizes are justified through a power calculation
PSaldanha,Participant 12895816,4,9,"Apparatus and materials sections are clear, accurate, and contain correct information"
PSaldanha,Participant 12895816,5,10,"Procedure section is clear, accurate, and contain correct information."
PSaldanha,Participant 12895816,3,11,"Result section is overall clear, accurate, and contain correct information"
PSaldanha,Participant 12895816,5,12,"Figure(s) are clear and appropriate, lack clutter, and have meaningful axis labels and good font sizes"
PSaldanha,Participant 12895816,4,13,Figure(s) have an appropriate figure legend that is referred to in the main text.
PSaldanha,Participant 12895816,2,14,"Results section includes appropriate and accurate summary statistics (e.g. means, density plots)"
PSaldanha,Participant 12895816,3,15,Results section includes appropriate and accurate inferential statistics (Bayesian ANOVA)
PSaldanha,Participant 12895816,3,17,Discussion correctly and clearly summarises findings
PSaldanha,Participant 12895816,3,18,Discussion correctly interprets findings
PSaldanha,Participant 12895816,4,19,Discussion makes appropriate links to previous literature
PSaldanha,Participant 12895816,5,20,Discussion provides good considerations of the limitations of the current study
PSaldanha,Participant 12895816,3,21,"Discussion makes a good, sensible suggestion for future work"
PSaldanha,Participant 12895816,4,22,Discussion concludes appropriately.
PSaldanha,Participant 12895816,4,23,Overall clarity of writing
PSaldanha,Participant 12895816,3,24,Overall quality of grammar and spelling
PSaldanha,Participant 12895816,5,25,Correct formatting of sections and sub-sections
PSaldanha,Participant 12895816,4,26,Correct usage of APA-formatted citations and references
PSaldanha,Participant 12895842,4,1,Abstract is clear and accurate
PSaldanha,Participant 12895842,4,2,Abstract contains correct information
PSaldanha,Participant 12895842,2,3,Introduction is clear and accurate
PSaldanha,Participant 12895842,3,4,Introduction gives big-picture overview
PSaldanha,Participant 12895842,3,5,Introduction outlines specific research area
PSaldanha,Participant 12895842,2,6,Introduction gives rationale for current experiment
PSaldanha,Participant 12895842,3,7,"Participant section is clear, accurate, and contain correct information"
PSaldanha,Participant 12895842,4,8,Sample sizes are justified through a power calculation
PSaldanha,Participant 12895842,2,9,"Apparatus and materials sections are clear, accurate, and contain correct information"
PSaldanha,Participant 12895842,3,10,"Procedure section is clear, accurate, and contain correct information."
PSaldanha,Participant 12895842,2,11,"Result section is overall clear, accurate, and contain correct information"
PSaldanha,Participant 12895842,2,12,"Figure(s) are clear and appropriate, lack clutter, and have meaningful axis labels and good font sizes"
PSaldanha,Participant 12895842,4,13,Figure(s) have an appropriate figure legend that is referred to in the main text.
PSaldanha,Participant 12895842,5,14,"Results section includes appropriate and accurate summary statistics (e.g. means, density plots)"
PSaldanha,Participant 12895842,2,15,Results section includes appropriate and accurate inferential statistics (Bayesian ANOVA)
PSaldanha,Participant 12895842,2,17,Discussion correctly and clearly summarises findings
PSaldanha,Participant 12895842,2,18,Discussion correctly interprets findings
PSaldanha,Participant 12895842,3,19,Discussion makes appropriate links to previous literature
PSaldanha,Participant 12895842,4,20,Discussion provides good considerations of the limitations of the current study
PSaldanha,Participant 12895842,4,21,"Discussion makes a good, sensible suggestion for future work"
PSaldanha,Participant 12895842,1,22,Discussion concludes appropriately.
PSaldanha,Participant 12895842,3,23,Overall clarity of writing
PSaldanha,Participant 12895842,5,24,Overall quality of grammar and spelling
PSaldanha,Participant 12895842,4,25,Correct formatting of sections and sub-sections
PSaldanha,Participant 12895842,5,26,Correct usage of APA-formatted citations and references
PSaldanha,Participant 12895854,4,1,Abstract is clear and accurate
PSaldanha,Participant 12895854,3,2,Abstract contains correct information
PSaldanha,Participant 12895854,5,3,Introduction is clear and accurate
PSaldanha,Participant 12895854,4,4,Introduction gives big-picture overview
PSaldanha,Participant 12895854,5,5,Introduction outlines specific research area
PSaldanha,Participant 12895854,4,6,Introduction gives rationale for current experiment
PSaldanha,Participant 12895854,5,7,"Participant section is clear, accurate, and contain correct information"
PSaldanha,Participant 12895854,4,8,Sample sizes are justified through a power calculation
PSaldanha,Participant 12895854,3,9,"Apparatus and materials sections are clear, accurate, and contain correct information"
PSaldanha,Participant 12895854,5,10,"Procedure section is clear, accurate, and contain correct information."
PSaldanha,Participant 12895854,4,11,"Result section is overall clear, accurate, and contain correct information"
PSaldanha,Participant 12895854,4,12,"Figure(s) are clear and appropriate, lack clutter, and have meaningful axis labels and good font sizes"
PSaldanha,Participant 12895854,5,13,Figure(s) have an appropriate figure legend that is referred to in the main text.
PSaldanha,Participant 12895854,5,14,"Results section includes appropriate and accurate summary statistics (e.g. means, density plots)"
PSaldanha,Participant 12895854,5,15,Results section includes appropriate and accurate inferential statistics (Bayesian ANOVA)
PSaldanha,Participant 12895854,5,17,Discussion correctly and clearly summarises findings
PSaldanha,Participant 12895854,4,18,Discussion correctly interprets findings
PSaldanha,Participant 12895854,5,19,Discussion makes appropriate links to previous literature
PSaldanha,Participant 12895854,5,20,Discussion provides good considerations of the limitations of the current study
PSaldanha,Participant 12895854,5,21,"Discussion makes a good, sensible suggestion for future work"
PSaldanha,Participant 12895854,5,22,Discussion concludes appropriately.
PSaldanha,Participant 12895854,5,23,Overall clarity of writing
PSaldanha,Participant 12895854,4,24,Overall quality of grammar and spelling
PSaldanha,Participant 12895854,5,25,Correct formatting of sections and sub-sections
PSaldanha,Participant 12895854,5,26,Correct usage of APA-formatted citations and references
PSaldanha,Participant 12895885,3,1,Abstract is clear and accurate
PSaldanha,Participant 12895885,3,2,Abstract contains correct information
PSaldanha,Participant 12895885,4,3,Introduction is clear and accurate
PSaldanha,Participant 12895885,4,4,Introduction gives big-picture overview
PSaldanha,Participant 12895885,5,5,Introduction outlines specific research area
PSaldanha,Participant 12895885,3,6,Introduction gives rationale for current experiment
PSaldanha,Participant 12895885,3,7,"Participant section is clear, accurate, and contain correct information"
PSaldanha,Participant 12895885,3,8,Sample sizes are justified through a power calculation
PSaldanha,Participant 12895885,4,9,"Apparatus and materials sections are clear, accurate, and contain correct information"
PSaldanha,Participant 12895885,5,10,"Procedure section is clear, accurate, and contain correct information."
PSaldanha,Participant 12895885,4,11,"Result section is overall clear, accurate, and contain correct information"
PSaldanha,Participant 12895885,3,12,"Figure(s) are clear and appropriate, lack clutter, and have meaningful axis labels and good font sizes"
PSaldanha,Participant 12895885,3,13,Figure(s) have an appropriate figure legend that is referred to in the main text.
PSaldanha,Participant 12895885,5,14,"Results section includes appropriate and accurate summary statistics (e.g. means, density plots)"
PSaldanha,Participant 12895885,5,15,Results section includes appropriate and accurate inferential statistics (Bayesian ANOVA)
PSaldanha,Participant 12895885,5,17,Discussion correctly and clearly summarises findings
PSaldanha,Participant 12895885,5,18,Discussion correctly interprets findings
PSaldanha,Participant 12895885,4,19,Discussion makes appropriate links to previous literature
PSaldanha,Participant 12895885,4,20,Discussion provides good considerations of the limitations of the current study
PSaldanha,Participant 12895885,4,21,"Discussion makes a good, sensible suggestion for future work"
PSaldanha,Participant 12895885,4,22,Discussion concludes appropriately.
PSaldanha,Participant 12895885,4,23,Overall clarity of writing
PSaldanha,Participant 12895885,4,24,Overall quality of grammar and spelling
PSaldanha,Participant 12895885,5,25,Correct formatting of sections and sub-sections
PSaldanha,Participant 12895885,4,26,Correct usage of APA-formatted citations and references
PSaldanha,Participant 12895899,4,1,Abstract is clear and accurate
PSaldanha,Participant 12895899,3,2,Abstract contains correct information
PSaldanha,Participant 12895899,2,3,Introduction is clear and accurate
PSaldanha,Participant 12895899,3,4,Introduction gives big-picture overview
PSaldanha,Participant 12895899,4,5,Introduction outlines specific research area
PSaldanha,Participant 12895899,3,6,Introduction gives rationale for current experiment
PSaldanha,Participant 12895899,3,7,"Participant section is clear, accurate, and contain correct information"
PSaldanha,Participant 12895899,3,8,Sample sizes are justified through a power calculation
PSaldanha,Participant 12895899,3,9,"Apparatus and materials sections are clear, accurate, and contain correct information"
PSaldanha,Participant 12895899,3,10,"Procedure section is clear, accurate, and contain correct information."
PSaldanha,Participant 12895899,2,11,"Result section is overall clear, accurate, and contain correct information"
PSaldanha,Participant 12895899,5,12,"Figure(s) are clear and appropriate, lack clutter, and have meaningful axis labels and good font sizes"
PSaldanha,Participant 12895899,5,13,Figure(s) have an appropriate figure legend that is referred to in the main text.
PSaldanha,Participant 12895899,1,14,"Results section includes appropriate and accurate summary statistics (e.g. means, density plots)"
PSaldanha,Participant 12895899,2,15,Results section includes appropriate and accurate inferential statistics (Bayesian ANOVA)
PSaldanha,Participant 12895899,2,17,Discussion correctly and clearly summarises findings
PSaldanha,Participant 12895899,2,18,Discussion correctly interprets findings
PSaldanha,Participant 12895899,3,19,Discussion makes appropriate links to previous literature
PSaldanha,Participant 12895899,4,20,Discussion provides good considerations of the limitations of the current study
PSaldanha,Participant 12895899,3,21,"Discussion makes a good, sensible suggestion for future work"
PSaldanha,Participant 12895899,3,22,Discussion concludes appropriately.
PSaldanha,Participant 12895899,2,23,Overall clarity of writing
PSaldanha,Participant 12895899,3,24,Overall quality of grammar and spelling
PSaldanha,Participant 12895899,5,25,Correct formatting of sections and sub-sections
PSaldanha,Participant 12895899,3,26,Correct usage of APA-formatted citations and references
PSaldanha,Participant 12895906,4,1,Abstract is clear and accurate
PSaldanha,Participant 12895906,2,2,Abstract contains correct information
PSaldanha,Participant 12895906,4,3,Introduction is clear and accurate
PSaldanha,Participant 12895906,4,4,Introduction gives big-picture overview
PSaldanha,Participant 12895906,4,5,Introduction outlines specific research area
PSaldanha,Participant 12895906,2,6,Introduction gives rationale for current experiment
PSaldanha,Participant 12895906,4,7,"Participant section is clear, accurate, and contain correct information"
PSaldanha,Participant 12895906,2,8,Sample sizes are justified through a power calculation
PSaldanha,Participant 12895906,4,9,"Apparatus and materials sections are clear, accurate, and contain correct information"
PSaldanha,Participant 12895906,5,10,"Procedure section is clear, accurate, and contain correct information."
PSaldanha,Participant 12895906,3,11,"Result section is overall clear, accurate, and contain correct information"
PSaldanha,Participant 12895906,4,12,"Figure(s) are clear and appropriate, lack clutter, and have meaningful axis labels and good font sizes"
PSaldanha,Participant 12895906,4,13,Figure(s) have an appropriate figure legend that is referred to in the main text.
PSaldanha,Participant 12895906,5,14,"Results section includes appropriate and accurate summary statistics (e.g. means, density plots)"
PSaldanha,Participant 12895906,3,15,Results section includes appropriate and accurate inferential statistics (Bayesian ANOVA)
PSaldanha,Participant 12895906,4,17,Discussion correctly and clearly summarises findings
PSaldanha,Participant 12895906,4,18,Discussion correctly interprets findings
PSaldanha,Participant 12895906,4,19,Discussion makes appropriate links to previous literature
PSaldanha,Participant 12895906,5,20,Discussion provides good considerations of the limitations of the current study
PSaldanha,Participant 12895906,4,21,"Discussion makes a good, sensible suggestion for future work"
PSaldanha,Participant 12895906,2,22,Discussion concludes appropriately.
PSaldanha,Participant 12895906,4,23,Overall clarity of writing
PSaldanha,Participant 12895906,3,24,Overall quality of grammar and spelling
PSaldanha,Participant 12895906,5,25,Correct formatting of sections and sub-sections
PSaldanha,Participant 12895906,3,26,Correct usage of APA-formatted citations and references
PSaldanha,Participant 12895916,3,1,Abstract is clear and accurate
PSaldanha,Participant 12895916,3,2,Abstract contains correct information
PSaldanha,Participant 12895916,3,3,Introduction is clear and accurate
PSaldanha,Participant 12895916,4,4,Introduction gives big-picture overview
PSaldanha,Participant 12895916,4,5,Introduction outlines specific research area
PSaldanha,Participant 12895916,2,6,Introduction gives rationale for current experiment
PSaldanha,Participant 12895916,4,7,"Participant section is clear, accurate, and contain correct information"
PSaldanha,Participant 12895916,3,8,Sample sizes are justified through a power calculation
PSaldanha,Participant 12895916,3,9,"Apparatus and materials sections are clear, accurate, and contain correct information"
PSaldanha,Participant 12895916,3,10,"Procedure section is clear, accurate, and contain correct information."
PSaldanha,Participant 12895916,3,11,"Result section is overall clear, accurate, and contain correct information"
PSaldanha,Participant 12895916,4,12,"Figure(s) are clear and appropriate, lack clutter, and have meaningful axis labels and good font sizes"
PSaldanha,Participant 12895916,3,13,Figure(s) have an appropriate figure legend that is referred to in the main text.
PSaldanha,Participant 12895916,1,14,"Results section includes appropriate and accurate summary statistics (e.g. means, density plots)"
PSaldanha,Participant 12895916,3,15,Results section includes appropriate and accurate inferential statistics (Bayesian ANOVA)
PSaldanha,Participant 12895916,3,17,Discussion correctly and clearly summarises findings
PSaldanha,Participant 12895916,2,18,Discussion correctly interprets findings
PSaldanha,Participant 12895916,3,19,Discussion makes appropriate links to previous literature
PSaldanha,Participant 12895916,4,20,Discussion provides good considerations of the limitations of the current study
PSaldanha,Participant 12895916,2,21,"Discussion makes a good, sensible suggestion for future work"
PSaldanha,Participant 12895916,4,22,Discussion concludes appropriately.
PSaldanha,Participant 12895916,3,23,Overall clarity of writing
PSaldanha,Participant 12895916,3,24,Overall quality of grammar and spelling
PSaldanha,Participant 12895916,4,25,Correct formatting of sections and sub-sections
PSaldanha,Participant 12895916,3,26,Correct usage of APA-formatted citations and references
PSaldanha,Participant 12895921,4,1,Abstract is clear and accurate
PSaldanha,Participant 12895921,3,2,Abstract contains correct information
PSaldanha,Participant 12895921,3,3,Introduction is clear and accurate
PSaldanha,Participant 12895921,4,4,Introduction gives big-picture overview
PSaldanha,Participant 12895921,4,5,Introduction outlines specific research area
PSaldanha,Participant 12895921,3,6,Introduction gives rationale for current experiment
PSaldanha,Participant 12895921,4,7,"Participant section is clear, accurate, and contain correct information"
PSaldanha,Participant 12895921,2,8,Sample sizes are justified through a power calculation
PSaldanha,Participant 12895921,3,9,"Apparatus and materials sections are clear, accurate, and contain correct information"
PSaldanha,Participant 12895921,4,10,"Procedure section is clear, accurate, and contain correct information."
PSaldanha,Participant 12895921,4,11,"Result section is overall clear, accurate, and contain correct information"
PSaldanha,Participant 12895921,4,12,"Figure(s) are clear and appropriate, lack clutter, and have meaningful axis labels and good font sizes"
PSaldanha,Participant 12895921,4,13,Figure(s) have an appropriate figure legend that is referred to in the main text.
PSaldanha,Participant 12895921,5,14,"Results section includes appropriate and accurate summary statistics (e.g. means, density plots)"
PSaldanha,Participant 12895921,4,15,Results section includes appropriate and accurate inferential statistics (Bayesian ANOVA)
PSaldanha,Participant 12895921,4,17,Discussion correctly and clearly summarises findings
PSaldanha,Participant 12895921,4,18,Discussion correctly interprets findings
PSaldanha,Participant 12895921,4,19,Discussion makes appropriate links to previous literature
PSaldanha,Participant 12895921,4,20,Discussion provides good considerations of the limitations of the current study
PSaldanha,Participant 12895921,5,21,"Discussion makes a good, sensible suggestion for future work"
PSaldanha,Participant 12895921,4,22,Discussion concludes appropriately.
PSaldanha,Participant 12895921,4,23,Overall clarity of writing
PSaldanha,Participant 12895921,4,24,Overall quality of grammar and spelling
PSaldanha,Participant 12895921,5,25,Correct formatting of sections and sub-sections
PSaldanha,Participant 12895921,4,26,Correct usage of APA-formatted citations and references
PSaldanha,Participant 12895923,3,1,Abstract is clear and accurate
PSaldanha,Participant 12895923,3,2,Abstract contains correct information
PSaldanha,Participant 12895923,3,3,Introduction is clear and accurate
PSaldanha,Participant 12895923,4,4,Introduction gives big-picture overview
PSaldanha,Participant 12895923,4,5,Introduction outlines specific research area
PSaldanha,Participant 12895923,3,6,Introduction gives rationale for current experiment
PSaldanha,Participant 12895923,3,7,"Participant section is clear, accurate, and contain correct information"
PSaldanha,Participant 12895923,2,8,Sample sizes are justified through a power calculation
PSaldanha,Participant 12895923,3,9,"Apparatus and materials sections are clear, accurate, and contain correct information"
PSaldanha,Participant 12895923,3,10,"Procedure section is clear, accurate, and contain correct information."
PSaldanha,Participant 12895923,2,11,"Result section is overall clear, accurate, and contain correct information"
PSaldanha,Participant 12895923,4,12,"Figure(s) are clear and appropriate, lack clutter, and have meaningful axis labels and good font sizes"
PSaldanha,Participant 12895923,4,13,Figure(s) have an appropriate figure legend that is referred to in the main text.
PSaldanha,Participant 12895923,1,14,"Results section includes appropriate and accurate summary statistics (e.g. means, density plots)"
PSaldanha,Participant 12895923,2,15,Results section includes appropriate and accurate inferential statistics (Bayesian ANOVA)
PSaldanha,Participant 12895923,3,17,Discussion correctly and clearly summarises findings
PSaldanha,Participant 12895923,2,18,Discussion correctly interprets findings
PSaldanha,Participant 12895923,3,19,Discussion makes appropriate links to previous literature
PSaldanha,Participant 12895923,3,20,Discussion provides good considerations of the limitations of the current study
PSaldanha,Participant 12895923,4,21,"Discussion makes a good, sensible suggestion for future work"
PSaldanha,Participant 12895923,4,22,Discussion concludes appropriately.
PSaldanha,Participant 12895923,3,23,Overall clarity of writing
PSaldanha,Participant 12895923,3,24,Overall quality of grammar and spelling
PSaldanha,Participant 12895923,5,25,Correct formatting of sections and sub-sections
PSaldanha,Participant 12895923,4,26,Correct usage of APA-formatted citations and references
PSaldanha,Participant 12895930,4,1,Abstract is clear and accurate
PSaldanha,Participant 12895930,4,2,Abstract contains correct information
PSaldanha,Participant 12895930,3,3,Introduction is clear and accurate
PSaldanha,Participant 12895930,4,4,Introduction gives big-picture overview
PSaldanha,Participant 12895930,4,5,Introduction outlines specific research area
PSaldanha,Participant 12895930,1,6,Introduction gives rationale for current experiment
PSaldanha,Participant 12895930,3,7,"Participant section is clear, accurate, and contain correct information"
PSaldanha,Participant 12895930,3,8,Sample sizes are justified through a power calculation
PSaldanha,Participant 12895930,4,9,"Apparatus and materials sections are clear, accurate, and contain correct information"
PSaldanha,Participant 12895930,4,10,"Procedure section is clear, accurate, and contain correct information."
PSaldanha,Participant 12895930,4,11,"Result section is overall clear, accurate, and contain correct information"
PSaldanha,Participant 12895930,4,12,"Figure(s) are clear and appropriate, lack clutter, and have meaningful axis labels and good font sizes"
PSaldanha,Participant 12895930,4,13,Figure(s) have an appropriate figure legend that is referred to in the main text.
PSaldanha,Participant 12895930,5,14,"Results section includes appropriate and accurate summary statistics (e.g. means, density plots)"
PSaldanha,Participant 12895930,3,15,Results section includes appropriate and accurate inferential statistics (Bayesian ANOVA)
PSaldanha,Participant 12895930,3,17,Discussion correctly and clearly summarises findings
PSaldanha,Participant 12895930,3,18,Discussion correctly interprets findings
PSaldanha,Participant 12895930,4,19,Discussion makes appropriate links to previous literature
PSaldanha,Participant 12895930,4,20,Discussion provides good considerations of the limitations of the current study
PSaldanha,Participant 12895930,3,21,"Discussion makes a good, sensible suggestion for future work"
PSaldanha,Participant 12895930,4,22,Discussion concludes appropriately.
PSaldanha,Participant 12895930,3,23,Overall clarity of writing
PSaldanha,Participant 12895930,3,24,Overall quality of grammar and spelling
PSaldanha,Participant 12895930,5,25,Correct formatting of sections and sub-sections
PSaldanha,Participant 12895930,4,26,Correct usage of APA-formatted citations and references
PSaldanha,Participant 12895936,2,1,Abstract is clear and accurate
PSaldanha,Participant 12895936,3,2,Abstract contains correct information
PSaldanha,Participant 12895936,2,3,Introduction is clear and accurate
PSaldanha,Participant 12895936,3,4,Introduction gives big-picture overview
PSaldanha,Participant 12895936,4,5,Introduction outlines specific research area
PSaldanha,Participant 12895936,2,6,Introduction gives rationale for current experiment
PSaldanha,Participant 12895936,3,7,"Participant section is clear, accurate, and contain correct information"
PSaldanha,Participant 12895936,3,8,Sample sizes are justified through a power calculation
PSaldanha,Participant 12895936,5,9,"Apparatus and materials sections are clear, accurate, and contain correct information"
PSaldanha,Participant 12895936,3,10,"Procedure section is clear, accurate, and contain correct information."
PSaldanha,Participant 12895936,2,11,"Result section is overall clear, accurate, and contain correct information"
PSaldanha,Participant 12895936,2,12,"Figure(s) are clear and appropriate, lack clutter, and have meaningful axis labels and good font sizes"
PSaldanha,Participant 12895936,3,13,Figure(s) have an appropriate figure legend that is referred to in the main text.
PSaldanha,Participant 12895936,4,14,"Results section includes appropriate and accurate summary statistics (e.g. means, density plots)"
PSaldanha,Participant 12895936,2,15,Results section includes appropriate and accurate inferential statistics (Bayesian ANOVA)
PSaldanha,Participant 12895936,2,17,Discussion correctly and clearly summarises findings
PSaldanha,Participant 12895936,2,18,Discussion correctly interprets findings
PSaldanha,Participant 12895936,4,19,Discussion makes appropriate links to previous literature
PSaldanha,Participant 12895936,3,20,Discussion provides good considerations of the limitations of the current study
PSaldanha,Participant 12895936,4,21,"Discussion makes a good, sensible suggestion for future work"
PSaldanha,Participant 12895936,3,22,Discussion concludes appropriately.
PSaldanha,Participant 12895936,2,23,Overall clarity of writing
PSaldanha,Participant 12895936,2,24,Overall quality of grammar and spelling
PSaldanha,Participant 12895936,5,25,Correct formatting of sections and sub-sections
PSaldanha,Participant 12895936,5,26,Correct usage of APA-formatted citations and references
PSaldanha,Participant 12895939,4,1,Abstract is clear and accurate
PSaldanha,Participant 12895939,3,2,Abstract contains correct information
PSaldanha,Participant 12895939,4,3,Introduction is clear and accurate
PSaldanha,Participant 12895939,5,4,Introduction gives big-picture overview
PSaldanha,Participant 12895939,5,5,Introduction outlines specific research area
PSaldanha,Participant 12895939,4,6,Introduction gives rationale for current experiment
PSaldanha,Participant 12895939,3,7,"Participant section is clear, accurate, and contain correct information"
PSaldanha,Participant 12895939,4,8,Sample sizes are justified through a power calculation
PSaldanha,Participant 12895939,4,9,"Apparatus and materials sections are clear, accurate, and contain correct information"
PSaldanha,Participant 12895939,4,10,"Procedure section is clear, accurate, and contain correct information."
PSaldanha,Participant 12895939,3,11,"Result section is overall clear, accurate, and contain correct information"
PSaldanha,Participant 12895939,4,12,"Figure(s) are clear and appropriate, lack clutter, and have meaningful axis labels and good font sizes"
PSaldanha,Participant 12895939,3,13,Figure(s) have an appropriate figure legend that is referred to in the main text.
PSaldanha,Participant 12895939,4,14,"Results section includes appropriate and accurate summary statistics (e.g. means, density plots)"
PSaldanha,Participant 12895939,3,15,Results section includes appropriate and accurate inferential statistics (Bayesian ANOVA)
PSaldanha,Participant 12895939,4,17,Discussion correctly and clearly summarises findings
PSaldanha,Participant 12895939,2,18,Discussion correctly interprets findings
PSaldanha,Participant 12895939,4,19,Discussion makes appropriate links to previous literature
PSaldanha,Participant 12895939,3,20,Discussion provides good considerations of the limitations of the current study
PSaldanha,Participant 12895939,3,21,"Discussion makes a good, sensible suggestion for future work"
PSaldanha,Participant 12895939,2,22,Discussion concludes appropriately.
PSaldanha,Participant 12895939,3,23,Overall clarity of writing
PSaldanha,Participant 12895939,3,24,Overall quality of grammar and spelling
PSaldanha,Participant 12895939,4,25,Correct formatting of sections and sub-sections
PSaldanha,Participant 12895939,5,26,Correct usage of APA-formatted citations and references
PSaldanha,Participant 12895972,3,1,Abstract is clear and accurate
PSaldanha,Participant 12895972,4,2,Abstract contains correct information
PSaldanha,Participant 12895972,5,3,Introduction is clear and accurate
PSaldanha,Participant 12895972,5,4,Introduction gives big-picture overview
PSaldanha,Participant 12895972,5,5,Introduction outlines specific research area
PSaldanha,Participant 12895972,4,6,Introduction gives rationale for current experiment
PSaldanha,Participant 12895972,4,7,"Participant section is clear, accurate, and contain correct information"
PSaldanha,Participant 12895972,3,8,Sample sizes are justified through a power calculation
PSaldanha,Participant 12895972,4,9,"Apparatus and materials sections are clear, accurate, and contain correct information"
PSaldanha,Participant 12895972,4,10,"Procedure section is clear, accurate, and contain correct information."
PSaldanha,Participant 12895972,2,11,"Result section is overall clear, accurate, and contain correct information"
PSaldanha,Participant 12895972,3,12,"Figure(s) are clear and appropriate, lack clutter, and have meaningful axis labels and good font sizes"
PSaldanha,Participant 12895972,2,13,Figure(s) have an appropriate figure legend that is referred to in the main text.
PSaldanha,Participant 12895972,3,14,"Results section includes appropriate and accurate summary statistics (e.g. means, density plots)"
PSaldanha,Participant 12895972,4,15,Results section includes appropriate and accurate inferential statistics (Bayesian ANOVA)
PSaldanha,Participant 12895972,3,17,Discussion correctly and clearly summarises findings
PSaldanha,Participant 12895972,3,18,Discussion correctly interprets findings
PSaldanha,Participant 12895972,3,19,Discussion makes appropriate links to previous literature
PSaldanha,Participant 12895972,4,20,Discussion provides good considerations of the limitations of the current study
PSaldanha,Participant 12895972,3,21,"Discussion makes a good, sensible suggestion for future work"
PSaldanha,Participant 12895972,4,22,Discussion concludes appropriately.
PSaldanha,Participant 12895972,5,23,Overall clarity of writing
PSaldanha,Participant 12895972,4,24,Overall quality of grammar and spelling
PSaldanha,Participant 12895972,5,25,Correct formatting of sections and sub-sections
PSaldanha,Participant 12895972,4,26,Correct usage of APA-formatted citations and references
RStatton,Participant 12895824,5,1,Abstract is clear and accurate
RStatton,Participant 12895824,4,2,Abstract contains correct information
RStatton,Participant 12895824,3,3,Introduction is clear and accurate
RStatton,Participant 12895824,4,4,Introduction gives big-picture overview
RStatton,Participant 12895824,4,5,Introduction outlines specific research area
RStatton,Participant 12895824,3,6,Introduction gives rationale for current experiment
RStatton,Participant 12895824,4,7,"Participant section is clear, accurate, and contain correct information"
RStatton,Participant 12895824,5,8,Sample sizes are justified through a power calculation
RStatton,Participant 12895824,5,9,"Apparatus and materials sections are clear, accurate, and contain correct information"
RStatton,Participant 12895824,5,10,"Procedure section is clear, accurate, and contain correct information."
RStatton,Participant 12895824,5,11,"Result section is overall clear, accurate, and contain correct information"
RStatton,Participant 12895824,5,12,"Figure(s) are clear and appropriate, lack clutter, and have meaningful axis labels and good font sizes"
RStatton,Participant 12895824,4,13,Figure(s) have an appropriate figure legend that is referred to in the main text.
RStatton,Participant 12895824,5,14,"Results section includes appropriate and accurate summary statistics (e.g. means, density plots)"
RStatton,Participant 12895824,5,15,Results section includes appropriate and accurate inferential statistics (Bayesian ANOVA)
RStatton,Participant 12895824,5,17,Discussion correctly and clearly summarises findings
RStatton,Participant 12895824,5,18,Discussion correctly interprets findings
RStatton,Participant 12895824,5,19,Discussion makes appropriate links to previous literature
RStatton,Participant 12895824,5,20,Discussion provides good considerations of the limitations of the current study
RStatton,Participant 12895824,5,21,"Discussion makes a good, sensible suggestion for future work"
RStatton,Participant 12895824,5,22,Discussion concludes appropriately.
RStatton,Participant 12895824,5,23,Overall clarity of writing
RStatton,Participant 12895824,4,24,Overall quality of grammar and spelling
RStatton,Participant 12895824,5,25,Correct formatting of sections and sub-sections
RStatton,Participant 12895824,5,26,Correct usage of APA-formatted citations and references
RStatton,Participant 12895749,4,1,Abstract is clear and accurate
RStatton,Participant 12895749,4,2,Abstract contains correct information
RStatton,Participant 12895749,3,3,Introduction is clear and accurate
RStatton,Participant 12895749,4,4,Introduction gives big-picture overview
RStatton,Participant 12895749,3,5,Introduction outlines specific research area
RStatton,Participant 12895749,2,6,Introduction gives rationale for current experiment
RStatton,Participant 12895749,4,7,"Participant section is clear, accurate, and contain correct information"
RStatton,Participant 12895749,4,8,Sample sizes are justified through a power calculation
RStatton,Participant 12895749,2,9,"Apparatus and materials sections are clear, accurate, and contain correct information"
RStatton,Participant 12895749,3,10,"Procedure section is clear, accurate, and contain correct information."
RStatton,Participant 12895749,2,11,"Result section is overall clear, accurate, and contain correct information"
RStatton,Participant 12895749,3,12,"Figure(s) are clear and appropriate, lack clutter, and have meaningful axis labels and good font sizes"
RStatton,Participant 12895749,3,13,Figure(s) have an appropriate figure legend that is referred to in the main text.
RStatton,Participant 12895749,2,14,"Results section includes appropriate and accurate summary statistics (e.g. means, density plots)"
RStatton,Participant 12895749,2,15,Results section includes appropriate and accurate inferential statistics (Bayesian ANOVA)
RStatton,Participant 12895749,4,17,Discussion correctly and clearly summarises findings
RStatton,Participant 12895749,3,18,Discussion correctly interprets findings
RStatton,Participant 12895749,3,19,Discussion makes appropriate links to previous literature
RStatton,Participant 12895749,2,20,Discussion provides good considerations of the limitations of the current study
RStatton,Participant 12895749,2,21,"Discussion makes a good, sensible suggestion for future work"
RStatton,Participant 12895749,3,22,Discussion concludes appropriately.
RStatton,Participant 12895749,3,23,Overall clarity of writing
RStatton,Participant 12895749,3,24,Overall quality of grammar and spelling
RStatton,Participant 12895749,5,25,Correct formatting of sections and sub-sections
RStatton,Participant 12895749,4,26,Correct usage of APA-formatted citations and references
RStatton,Participant 12895712,5,1,Abstract is clear and accurate
RStatton,Participant 12895712,5,2,Abstract contains correct information
RStatton,Participant 12895712,5,3,Introduction is clear and accurate
RStatton,Participant 12895712,5,4,Introduction gives big-picture overview
RStatton,Participant 12895712,5,5,Introduction outlines specific research area
RStatton,Participant 12895712,4,6,Introduction gives rationale for current experiment
RStatton,Participant 12895712,5,7,"Participant section is clear, accurate, and contain correct information"
RStatton,Participant 12895712,5,8,Sample sizes are justified through a power calculation
RStatton,Participant 12895712,4,9,"Apparatus and materials sections are clear, accurate, and contain correct information"
RStatton,Participant 12895712,4,10,"Procedure section is clear, accurate, and contain correct information."
RStatton,Participant 12895712,5,11,"Result section is overall clear, accurate, and contain correct information"
RStatton,Participant 12895712,5,12,"Figure(s) are clear and appropriate, lack clutter, and have meaningful axis labels and good font sizes"
RStatton,Participant 12895712,3,13,Figure(s) have an appropriate figure legend that is referred to in the main text.
RStatton,Participant 12895712,5,14,"Results section includes appropriate and accurate summary statistics (e.g. means, density plots)"
RStatton,Participant 12895712,5,15,Results section includes appropriate and accurate inferential statistics (Bayesian ANOVA)
RStatton,Participant 12895712,5,17,Discussion correctly and clearly summarises findings
RStatton,Participant 12895712,5,18,Discussion correctly interprets findings
RStatton,Participant 12895712,5,19,Discussion makes appropriate links to previous literature
RStatton,Participant 12895712,5,20,Discussion provides good considerations of the limitations of the current study
RStatton,Participant 12895712,5,21,"Discussion makes a good, sensible suggestion for future work"
RStatton,Participant 12895712,5,22,Discussion concludes appropriately.
RStatton,Participant 12895712,5,23,Overall clarity of writing
RStatton,Participant 12895712,5,24,Overall quality of grammar and spelling
RStatton,Participant 12895712,4,25,Correct formatting of sections and sub-sections
RStatton,Participant 12895712,5,26,Correct usage of APA-formatted citations and references
RStatton,Participant 12895778,4,1,Abstract is clear and accurate
RStatton,Participant 12895778,2,2,Abstract contains correct information
RStatton,Participant 12895778,4,3,Introduction is clear and accurate
RStatton,Participant 12895778,4,4,Introduction gives big-picture overview
RStatton,Participant 12895778,3,5,Introduction outlines specific research area
RStatton,Participant 12895778,2,6,Introduction gives rationale for current experiment
RStatton,Participant 12895778,4,7,"Participant section is clear, accurate, and contain correct information"
RStatton,Participant 12895778,5,8,Sample sizes are justified through a power calculation
RStatton,Participant 12895778,2,9,"Apparatus and materials sections are clear, accurate, and contain correct information"
RStatton,Participant 12895778,3,10,"Procedure section is clear, accurate, and contain correct information."
RStatton,Participant 12895778,3,11,"Result section is overall clear, accurate, and contain correct information"
RStatton,Participant 12895778,3,12,"Figure(s) are clear and appropriate, lack clutter, and have meaningful axis labels and good font sizes"
RStatton,Participant 12895778,4,13,Figure(s) have an appropriate figure legend that is referred to in the main text.
RStatton,Participant 12895778,4,14,"Results section includes appropriate and accurate summary statistics (e.g. means, density plots)"
RStatton,Participant 12895778,3,15,Results section includes appropriate and accurate inferential statistics (Bayesian ANOVA)
RStatton,Participant 12895778,4,17,Discussion correctly and clearly summarises findings
RStatton,Participant 12895778,4,18,Discussion correctly interprets findings
RStatton,Participant 12895778,5,19,Discussion makes appropriate links to previous literature
RStatton,Participant 12895778,3,20,Discussion provides good considerations of the limitations of the current study
RStatton,Participant 12895778,1,21,"Discussion makes a good, sensible suggestion for future work"
RStatton,Participant 12895778,4,22,Discussion concludes appropriately.
RStatton,Participant 12895778,3,23,Overall clarity of writing
RStatton,Participant 12895778,4,24,Overall quality of grammar and spelling
RStatton,Participant 12895778,4,25,Correct formatting of sections and sub-sections
RStatton,Participant 12895778,5,26,Correct usage of APA-formatted citations and references
RStatton,Participant 12895698,4,1,Abstract is clear and accurate
RStatton,Participant 12895698,4,2,Abstract contains correct information
RStatton,Participant 12895698,4,3,Introduction is clear and accurate
RStatton,Participant 12895698,5,4,Introduction gives big-picture overview
RStatton,Participant 12895698,4,5,Introduction outlines specific research area
RStatton,Participant 12895698,3,6,Introduction gives rationale for current experiment
RStatton,Participant 12895698,4,7,"Participant section is clear, accurate, and contain correct information"
RStatton,Participant 12895698,4,8,Sample sizes are justified through a power calculation
RStatton,Participant 12895698,3,9,"Apparatus and materials sections are clear, accurate, and contain correct information"
RStatton,Participant 12895698,4,10,"Procedure section is clear, accurate, and contain correct information."
RStatton,Participant 12895698,4,11,"Result section is overall clear, accurate, and contain correct information"
RStatton,Participant 12895698,3,12,"Figure(s) are clear and appropriate, lack clutter, and have meaningful axis labels and good font sizes"
RStatton,Participant 12895698,3,13,Figure(s) have an appropriate figure legend that is referred to in the main text.
RStatton,Participant 12895698,5,14,"Results section includes appropriate and accurate summary statistics (e.g. means, density plots)"
RStatton,Participant 12895698,5,15,Results section includes appropriate and accurate inferential statistics (Bayesian ANOVA)
RStatton,Participant 12895698,5,17,Discussion correctly and clearly summarises findings
RStatton,Participant 12895698,4,18,Discussion correctly interprets findings
RStatton,Participant 12895698,4,19,Discussion makes appropriate links to previous literature
RStatton,Participant 12895698,4,20,Discussion provides good considerations of the limitations of the current study
RStatton,Participant 12895698,3,21,"Discussion makes a good, sensible suggestion for future work"
RStatton,Participant 12895698,5,22,Discussion concludes appropriately.
RStatton,Participant 12895698,3,23,Overall clarity of writing
RStatton,Participant 12895698,4,24,Overall quality of grammar and spelling
RStatton,Participant 12895698,4,25,Correct formatting of sections and sub-sections
RStatton,Participant 12895698,5,26,Correct usage of APA-formatted citations and references
RStatton,Participant 12895729,5,1,Abstract is clear and accurate
RStatton,Participant 12895729,4,2,Abstract contains correct information
RStatton,Participant 12895729,4,3,Introduction is clear and accurate
RStatton,Participant 12895729,3,4,Introduction gives big-picture overview
RStatton,Participant 12895729,3,5,Introduction outlines specific research area
RStatton,Participant 12895729,3,6,Introduction gives rationale for current experiment
RStatton,Participant 12895729,3,7,"Participant section is clear, accurate, and contain correct information"
RStatton,Participant 12895729,2,8,Sample sizes are justified through a power calculation
RStatton,Participant 12895729,3,9,"Apparatus and materials sections are clear, accurate, and contain correct information"
RStatton,Participant 12895729,3,10,"Procedure section is clear, accurate, and contain correct information."
RStatton,Participant 12895729,2,11,"Result section is overall clear, accurate, and contain correct information"
RStatton,Participant 12895729,3,12,"Figure(s) are clear and appropriate, lack clutter, and have meaningful axis labels and good font sizes"
RStatton,Participant 12895729,4,13,Figure(s) have an appropriate figure legend that is referred to in the main text.
RStatton,Participant 12895729,3,14,"Results section includes appropriate and accurate summary statistics (e.g. means, density plots)"
RStatton,Participant 12895729,2,15,Results section includes appropriate and accurate inferential statistics (Bayesian ANOVA)
RStatton,Participant 12895729,3,17,Discussion correctly and clearly summarises findings
RStatton,Participant 12895729,2,18,Discussion correctly interprets findings
RStatton,Participant 12895729,3,19,Discussion makes appropriate links to previous literature
RStatton,Participant 12895729,2,20,Discussion provides good considerations of the limitations of the current study
RStatton,Participant 12895729,2,21,"Discussion makes a good, sensible suggestion for future work"
RStatton,Participant 12895729,3,22,Discussion concludes appropriately.
RStatton,Participant 12895729,2,23,Overall clarity of writing
RStatton,Participant 12895729,3,24,Overall quality of grammar and spelling
RStatton,Participant 12895729,4,25,Correct formatting of sections and sub-sections
RStatton,Participant 12895729,4,26,Correct usage of APA-formatted citations and references
RStatton,Participant 12895732,5,1,Abstract is clear and accurate
RStatton,Participant 12895732,4,2,Abstract contains correct information
RStatton,Participant 12895732,1,3,Introduction is clear and accurate
RStatton,Participant 12895732,1,4,Introduction gives big-picture overview
RStatton,Participant 12895732,1,5,Introduction outlines specific research area
RStatton,Participant 12895732,1,6,Introduction gives rationale for current experiment
RStatton,Participant 12895732,3,7,"Participant section is clear, accurate, and contain correct information"
RStatton,Participant 12895732,4,8,Sample sizes are justified through a power calculation
RStatton,Participant 12895732,2,9,"Apparatus and materials sections are clear, accurate, and contain correct information"
RStatton,Participant 12895732,4,10,"Procedure section is clear, accurate, and contain correct information."
RStatton,Participant 12895732,3,11,"Result section is overall clear, accurate, and contain correct information"
RStatton,Participant 12895732,1,12,"Figure(s) are clear and appropriate, lack clutter, and have meaningful axis labels and good font sizes"
RStatton,Participant 12895732,1,13,Figure(s) have an appropriate figure legend that is referred to in the main text.
RStatton,Participant 12895732,4,14,"Results section includes appropriate and accurate summary statistics (e.g. means, density plots)"
RStatton,Participant 12895732,4,15,Results section includes appropriate and accurate inferential statistics (Bayesian ANOVA)
RStatton,Participant 12895732,4,17,Discussion correctly and clearly summarises findings
RStatton,Participant 12895732,3,18,Discussion correctly interprets findings
RStatton,Participant 12895732,2,19,Discussion makes appropriate links to previous literature
RStatton,Participant 12895732,3,20,Discussion provides good considerations of the limitations of the current study
RStatton,Participant 12895732,2,21,"Discussion makes a good, sensible suggestion for future work"
RStatton,Participant 12895732,3,22,Discussion concludes appropriately.
RStatton,Participant 12895732,2,23,Overall clarity of writing
RStatton,Participant 12895732,4,24,Overall quality of grammar and spelling
RStatton,Participant 12895732,2,25,Correct formatting of sections and sub-sections
RStatton,Participant 12895732,3,26,Correct usage of APA-formatted citations and references
RStatton,Participant 12895755,4,1,Abstract is clear and accurate
RStatton,Participant 12895755,2,2,Abstract contains correct information
RStatton,Participant 12895755,3,3,Introduction is clear and accurate
RStatton,Participant 12895755,3,4,Introduction gives big-picture overview
RStatton,Participant 12895755,3,5,Introduction outlines specific research area
RStatton,Participant 12895755,2,6,Introduction gives rationale for current experiment
RStatton,Participant 12895755,4,7,"Participant section is clear, accurate, and contain correct information"
RStatton,Participant 12895755,5,8,Sample sizes are justified through a power calculation
RStatton,Participant 12895755,3,9,"Apparatus and materials sections are clear, accurate, and contain correct information"
RStatton,Participant 12895755,4,10,"Procedure section is clear, accurate, and contain correct information."
RStatton,Participant 12895755,5,11,"Result section is overall clear, accurate, and contain correct information"
RStatton,Participant 12895755,4,12,"Figure(s) are clear and appropriate, lack clutter, and have meaningful axis labels and good font sizes"
RStatton,Participant 12895755,5,13,Figure(s) have an appropriate figure legend that is referred to in the main text.
RStatton,Participant 12895755,5,14,"Results section includes appropriate and accurate summary statistics (e.g. means, density plots)"
RStatton,Participant 12895755,5,15,Results section includes appropriate and accurate inferential statistics (Bayesian ANOVA)
RStatton,Participant 12895755,5,17,Discussion correctly and clearly summarises findings
RStatton,Participant 12895755,4,18,Discussion correctly interprets findings
RStatton,Participant 12895755,4,19,Discussion makes appropriate links to previous literature
RStatton,Participant 12895755,3,20,Discussion provides good considerations of the limitations of the current study
RStatton,Participant 12895755,3,21,"Discussion makes a good, sensible suggestion for future work"
RStatton,Participant 12895755,4,22,Discussion concludes appropriately.
RStatton,Participant 12895755,4,23,Overall clarity of writing
RStatton,Participant 12895755,4,24,Overall quality of grammar and spelling
RStatton,Participant 12895755,4,25,Correct formatting of sections and sub-sections
RStatton,Participant 12895755,5,26,Correct usage of APA-formatted citations and references
RStatton,Participant 12895765,3,1,Abstract is clear and accurate
RStatton,Participant 12895765,3,2,Abstract contains correct information
RStatton,Participant 12895765,3,3,Introduction is clear and accurate
RStatton,Participant 12895765,2,4,Introduction gives big-picture overview
RStatton,Participant 12895765,2,5,Introduction outlines specific research area
RStatton,Participant 12895765,1,6,Introduction gives rationale for current experiment
RStatton,Participant 12895765,3,7,"Participant section is clear, accurate, and contain correct information"
RStatton,Participant 12895765,1,8,Sample sizes are justified through a power calculation
RStatton,Participant 12895765,2,9,"Apparatus and materials sections are clear, accurate, and contain correct information"
RStatton,Participant 12895765,3,10,"Procedure section is clear, accurate, and contain correct information."
RStatton,Participant 12895765,3,11,"Result section is overall clear, accurate, and contain correct information"
RStatton,Participant 12895765,3,12,"Figure(s) are clear and appropriate, lack clutter, and have meaningful axis labels and good font sizes"
RStatton,Participant 12895765,3,13,Figure(s) have an appropriate figure legend that is referred to in the main text.
RStatton,Participant 12895765,2,14,"Results section includes appropriate and accurate summary statistics (e.g. means, density plots)"
RStatton,Participant 12895765,2,15,Results section includes appropriate and accurate inferential statistics (Bayesian ANOVA)
RStatton,Participant 12895765,2,17,Discussion correctly and clearly summarises findings
RStatton,Participant 12895765,2,18,Discussion correctly interprets findings
RStatton,Participant 12895765,2,19,Discussion makes appropriate links to previous literature
RStatton,Participant 12895765,1,20,Discussion provides good considerations of the limitations of the current study
RStatton,Participant 12895765,1,21,"Discussion makes a good, sensible suggestion for future work"
RStatton,Participant 12895765,1,22,Discussion concludes appropriately.
RStatton,Participant 12895765,3,23,Overall clarity of writing
RStatton,Participant 12895765,4,24,Overall quality of grammar and spelling
RStatton,Participant 12895765,3,25,Correct formatting of sections and sub-sections
RStatton,Participant 12895765,3,26,Correct usage of APA-formatted citations and references
RStatton,Participant 12895772,5,1,Abstract is clear and accurate
RStatton,Participant 12895772,4,2,Abstract contains correct information
RStatton,Participant 12895772,3,3,Introduction is clear and accurate
RStatton,Participant 12895772,4,4,Introduction gives big-picture overview
RStatton,Participant 12895772,4,5,Introduction outlines specific research area
RStatton,Participant 12895772,3,6,Introduction gives rationale for current experiment
RStatton,Participant 12895772,3,7,"Participant section is clear, accurate, and contain correct information"
RStatton,Participant 12895772,2,8,Sample sizes are justified through a power calculation
RStatton,Participant 12895772,3,9,"Apparatus and materials sections are clear, accurate, and contain correct information"
RStatton,Participant 12895772,4,10,"Procedure section is clear, accurate, and contain correct information."
RStatton,Participant 12895772,3,11,"Result section is overall clear, accurate, and contain correct information"
RStatton,Participant 12895772,3,12,"Figure(s) are clear and appropriate, lack clutter, and have meaningful axis labels and good font sizes"
RStatton,Participant 12895772,3,13,Figure(s) have an appropriate figure legend that is referred to in the main text.
RStatton,Participant 12895772,2,14,"Results section includes appropriate and accurate summary statistics (e.g. means, density plots)"
RStatton,Participant 12895772,2,15,Results section includes appropriate and accurate inferential statistics (Bayesian ANOVA)
RStatton,Participant 12895772,4,17,Discussion correctly and clearly summarises findings
RStatton,Participant 12895772,3,18,Discussion correctly interprets findings
RStatton,Participant 12895772,4,19,Discussion makes appropriate links to previous literature
RStatton,Participant 12895772,3,20,Discussion provides good considerations of the limitations of the current study
RStatton,Participant 12895772,3,21,"Discussion makes a good, sensible suggestion for future work"
RStatton,Participant 12895772,4,22,Discussion concludes appropriately.
RStatton,Participant 12895772,4,23,Overall clarity of writing
RStatton,Participant 12895772,3,24,Overall quality of grammar and spelling
RStatton,Participant 12895772,3,25,Correct formatting of sections and sub-sections
RStatton,Participant 12895772,3,26,Correct usage of APA-formatted citations and references
RStatton,Participant 12895779,4,1,Abstract is clear and accurate
RStatton,Participant 12895779,3,2,Abstract contains correct information
RStatton,Participant 12895779,4,3,Introduction is clear and accurate
RStatton,Participant 12895779,4,4,Introduction gives big-picture overview
RStatton,Participant 12895779,3,5,Introduction outlines specific research area
RStatton,Participant 12895779,3,6,Introduction gives rationale for current experiment
RStatton,Participant 12895779,4,7,"Participant section is clear, accurate, and contain correct information"
RStatton,Participant 12895779,2,8,Sample sizes are justified through a power calculation
RStatton,Participant 12895779,3,9,"Apparatus and materials sections are clear, accurate, and contain correct information"
RStatton,Participant 12895779,5,10,"Procedure section is clear, accurate, and contain correct information."
RStatton,Participant 12895779,4,11,"Result section is overall clear, accurate, and contain correct information"
RStatton,Participant 12895779,4,12,"Figure(s) are clear and appropriate, lack clutter, and have meaningful axis labels and good font sizes"
RStatton,Participant 12895779,3,13,Figure(s) have an appropriate figure legend that is referred to in the main text.
RStatton,Participant 12895779,3,14,"Results section includes appropriate and accurate summary statistics (e.g. means, density plots)"
RStatton,Participant 12895779,1,15,Results section includes appropriate and accurate inferential statistics (Bayesian ANOVA)
RStatton,Participant 12895779,3,17,Discussion correctly and clearly summarises findings
RStatton,Participant 12895779,2,18,Discussion correctly interprets findings
RStatton,Participant 12895779,4,19,Discussion makes appropriate links to previous literature
RStatton,Participant 12895779,3,20,Discussion provides good considerations of the limitations of the current study
RStatton,Participant 12895779,2,21,"Discussion makes a good, sensible suggestion for future work"
RStatton,Participant 12895779,3,22,Discussion concludes appropriately.
RStatton,Participant 12895779,4,23,Overall clarity of writing
RStatton,Participant 12895779,4,24,Overall quality of grammar and spelling
RStatton,Participant 12895779,3,25,Correct formatting of sections and sub-sections
RStatton,Participant 12895779,4,26,Correct usage of APA-formatted citations and references
RStatton,Participant 12895820,3,1,Abstract is clear and accurate
RStatton,Participant 12895820,5,2,Abstract contains correct information
RStatton,Participant 12895820,3,3,Introduction is clear and accurate
RStatton,Participant 12895820,4,4,Introduction gives big-picture overview
RStatton,Participant 12895820,3,5,Introduction outlines specific research area
RStatton,Participant 12895820,1,6,Introduction gives rationale for current experiment
RStatton,Participant 12895820,3,7,"Participant section is clear, accurate, and contain correct information"
RStatton,Participant 12895820,1,8,Sample sizes are justified through a power calculation
RStatton,Participant 12895820,3,9,"Apparatus and materials sections are clear, accurate, and contain correct information"
RStatton,Participant 12895820,4,10,"Procedure section is clear, accurate, and contain correct information."
RStatton,Participant 12895820,3,11,"Result section is overall clear, accurate, and contain correct information"
RStatton,Participant 12895820,4,12,"Figure(s) are clear and appropriate, lack clutter, and have meaningful axis labels and good font sizes"
RStatton,Participant 12895820,4,13,Figure(s) have an appropriate figure legend that is referred to in the main text.
RStatton,Participant 12895820,2,14,"Results section includes appropriate and accurate summary statistics (e.g. means, density plots)"
RStatton,Participant 12895820,4,15,Results section includes appropriate and accurate inferential statistics (Bayesian ANOVA)
RStatton,Participant 12895820,3,17,Discussion correctly and clearly summarises findings
RStatton,Participant 12895820,3,18,Discussion correctly interprets findings
RStatton,Participant 12895820,3,19,Discussion makes appropriate links to previous literature
RStatton,Participant 12895820,2,20,Discussion provides good considerations of the limitations of the current study
RStatton,Participant 12895820,2,21,"Discussion makes a good, sensible suggestion for future work"
RStatton,Participant 12895820,2,22,Discussion concludes appropriately.
RStatton,Participant 12895820,4,23,Overall clarity of writing
RStatton,Participant 12895820,3,24,Overall quality of grammar and spelling
RStatton,Participant 12895820,4,25,Correct formatting of sections and sub-sections
RStatton,Participant 12895820,4,26,Correct usage of APA-formatted citations and references
RStatton,Participant 12895827,5,1,Abstract is clear and accurate
RStatton,Participant 12895827,5,2,Abstract contains correct information
RStatton,Participant 12895827,4,3,Introduction is clear and accurate
RStatton,Participant 12895827,2,4,Introduction gives big-picture overview
RStatton,Participant 12895827,2,5,Introduction outlines specific research area
RStatton,Participant 12895827,1,6,Introduction gives rationale for current experiment
RStatton,Participant 12895827,3,7,"Participant section is clear, accurate, and contain correct information"
RStatton,Participant 12895827,1,8,Sample sizes are justified through a power calculation
RStatton,Participant 12895827,2,9,"Apparatus and materials sections are clear, accurate, and contain correct information"
RStatton,Participant 12895827,4,10,"Procedure section is clear, accurate, and contain correct information."
RStatton,Participant 12895827,3,11,"Result section is overall clear, accurate, and contain correct information"
RStatton,Participant 12895827,3,12,"Figure(s) are clear and appropriate, lack clutter, and have meaningful axis labels and good font sizes"
RStatton,Participant 12895827,3,13,Figure(s) have an appropriate figure legend that is referred to in the main text.
RStatton,Participant 12895827,1,14,"Results section includes appropriate and accurate summary statistics (e.g. means, density plots)"
RStatton,Participant 12895827,2,15,Results section includes appropriate and accurate inferential statistics (Bayesian ANOVA)
RStatton,Participant 12895827,2,17,Discussion correctly and clearly summarises findings
RStatton,Participant 12895827,3,18,Discussion correctly interprets findings
RStatton,Participant 12895827,3,19,Discussion makes appropriate links to previous literature
RStatton,Participant 12895827,3,20,Discussion provides good considerations of the limitations of the current study
RStatton,Participant 12895827,2,21,"Discussion makes a good, sensible suggestion for future work"
RStatton,Participant 12895827,4,22,Discussion concludes appropriately.
RStatton,Participant 12895827,3,23,Overall clarity of writing
RStatton,Participant 12895827,5,24,Overall quality of grammar and spelling
RStatton,Participant 12895827,4,25,Correct formatting of sections and sub-sections
RStatton,Participant 12895827,5,26,Correct usage of APA-formatted citations and references
RStatton,Participant 12895841,5,1,Abstract is clear and accurate
RStatton,Participant 12895841,5,2,Abstract contains correct information
RStatton,Participant 12895841,5,3,Introduction is clear and accurate
RStatton,Participant 12895841,5,4,Introduction gives big-picture overview
RStatton,Participant 12895841,5,5,Introduction outlines specific research area
RStatton,Participant 12895841,4,6,Introduction gives rationale for current experiment
RStatton,Participant 12895841,5,7,"Participant section is clear, accurate, and contain correct information"
RStatton,Participant 12895841,5,8,Sample sizes are justified through a power calculation
RStatton,Participant 12895841,3,9,"Apparatus and materials sections are clear, accurate, and contain correct information"
RStatton,Participant 12895841,5,10,"Procedure section is clear, accurate, and contain correct information."
RStatton,Participant 12895841,5,11,"Result section is overall clear, accurate, and contain correct information"
RStatton,Participant 12895841,4,12,"Figure(s) are clear and appropriate, lack clutter, and have meaningful axis labels and good font sizes"
RStatton,Participant 12895841,5,13,Figure(s) have an appropriate figure legend that is referred to in the main text.
RStatton,Participant 12895841,5,14,"Results section includes appropriate and accurate summary statistics (e.g. means, density plots)"
RStatton,Participant 12895841,5,15,Results section includes appropriate and accurate inferential statistics (Bayesian ANOVA)
RStatton,Participant 12895841,5,17,Discussion correctly and clearly summarises findings
RStatton,Participant 12895841,5,18,Discussion correctly interprets findings
RStatton,Participant 12895841,5,19,Discussion makes appropriate links to previous literature
RStatton,Participant 12895841,5,20,Discussion provides good considerations of the limitations of the current study
RStatton,Participant 12895841,5,21,"Discussion makes a good, sensible suggestion for future work"
RStatton,Participant 12895841,5,22,Discussion concludes appropriately.
RStatton,Participant 12895841,5,23,Overall clarity of writing
RStatton,Participant 12895841,5,24,Overall quality of grammar and spelling
RStatton,Participant 12895841,5,25,Correct formatting of sections and sub-sections
RStatton,Participant 12895841,5,26,Correct usage of APA-formatted citations and references
RStatton,Participant 12895844,3,1,Abstract is clear and accurate
RStatton,Participant 12895844,2,2,Abstract contains correct information
RStatton,Participant 12895844,3,3,Introduction is clear and accurate
RStatton,Participant 12895844,2,4,Introduction gives big-picture overview
RStatton,Participant 12895844,1,5,Introduction outlines specific research area
RStatton,Participant 12895844,1,6,Introduction gives rationale for current experiment
RStatton,Participant 12895844,3,7,"Participant section is clear, accurate, and contain correct information"
RStatton,Participant 12895844,1,8,Sample sizes are justified through a power calculation
RStatton,Participant 12895844,2,9,"Apparatus and materials sections are clear, accurate, and contain correct information"
RStatton,Participant 12895844,4,10,"Procedure section is clear, accurate, and contain correct information."
RStatton,Participant 12895844,4,11,"Result section is overall clear, accurate, and contain correct information"
RStatton,Participant 12895844,4,12,"Figure(s) are clear and appropriate, lack clutter, and have meaningful axis labels and good font sizes"
RStatton,Participant 12895844,2,13,Figure(s) have an appropriate figure legend that is referred to in the main text.
RStatton,Participant 12895844,2,14,"Results section includes appropriate and accurate summary statistics (e.g. means, density plots)"
RStatton,Participant 12895844,4,15,Results section includes appropriate and accurate inferential statistics (Bayesian ANOVA)
RStatton,Participant 12895844,4,17,Discussion correctly and clearly summarises findings
RStatton,Participant 12895844,3,18,Discussion correctly interprets findings
RStatton,Participant 12895844,2,19,Discussion makes appropriate links to previous literature
RStatton,Participant 12895844,1,20,Discussion provides good considerations of the limitations of the current study
RStatton,Participant 12895844,1,21,"Discussion makes a good, sensible suggestion for future work"
RStatton,Participant 12895844,1,22,Discussion concludes appropriately.
RStatton,Participant 12895844,3,23,Overall clarity of writing
RStatton,Participant 12895844,4,24,Overall quality of grammar and spelling
RStatton,Participant 12895844,3,25,Correct formatting of sections and sub-sections
RStatton,Participant 12895844,5,26,Correct usage of APA-formatted citations and references
RStatton,Participant 12895851,4,1,Abstract is clear and accurate
RStatton,Participant 12895851,4,2,Abstract contains correct information
RStatton,Participant 12895851,4,3,Introduction is clear and accurate
RStatton,Participant 12895851,3,4,Introduction gives big-picture overview
RStatton,Participant 12895851,2,5,Introduction outlines specific research area
RStatton,Participant 12895851,1,6,Introduction gives rationale for current experiment
RStatton,Participant 12895851,5,7,"Participant section is clear, accurate, and contain correct information"
RStatton,Participant 12895851,5,8,Sample sizes are justified through a power calculation
RStatton,Participant 12895851,3,9,"Apparatus and materials sections are clear, accurate, and contain correct information"
RStatton,Participant 12895851,4,10,"Procedure section is clear, accurate, and contain correct information."
RStatton,Participant 12895851,3,11,"Result section is overall clear, accurate, and contain correct information"
RStatton,Participant 12895851,4,12,"Figure(s) are clear and appropriate, lack clutter, and have meaningful axis labels and good font sizes"
RStatton,Participant 12895851,4,13,Figure(s) have an appropriate figure legend that is referred to in the main text.
RStatton,Participant 12895851,1,14,"Results section includes appropriate and accurate summary statistics (e.g. means, density plots)"
RStatton,Participant 12895851,4,15,Results section includes appropriate and accurate inferential statistics (Bayesian ANOVA)
RStatton,Participant 12895851,4,17,Discussion correctly and clearly summarises findings
RStatton,Participant 12895851,4,18,Discussion correctly interprets findings
RStatton,Participant 12895851,3,19,Discussion makes appropriate links to previous literature
RStatton,Participant 12895851,2,20,Discussion provides good considerations of the limitations of the current study
RStatton,Participant 12895851,3,21,"Discussion makes a good, sensible suggestion for future work"
RStatton,Participant 12895851,3,22,Discussion concludes appropriately.
RStatton,Participant 12895851,5,23,Overall clarity of writing
RStatton,Participant 12895851,5,24,Overall quality of grammar and spelling
RStatton,Participant 12895851,4,25,Correct formatting of sections and sub-sections
RStatton,Participant 12895851,5,26,Correct usage of APA-formatted citations and references
RStatton,Participant 12895870,3,1,Abstract is clear and accurate
RStatton,Participant 12895870,4,2,Abstract contains correct information
RStatton,Participant 12895870,3,3,Introduction is clear and accurate
RStatton,Participant 12895870,4,4,Introduction gives big-picture overview
RStatton,Participant 12895870,3,5,Introduction outlines specific research area
RStatton,Participant 12895870,2,6,Introduction gives rationale for current experiment
RStatton,Participant 12895870,4,7,"Participant section is clear, accurate, and contain correct information"
RStatton,Participant 12895870,4,8,Sample sizes are justified through a power calculation
RStatton,Participant 12895870,3,9,"Apparatus and materials sections are clear, accurate, and contain correct information"
RStatton,Participant 12895870,3,10,"Procedure section is clear, accurate, and contain correct information."
RStatton,Participant 12895870,3,11,"Result section is overall clear, accurate, and contain correct information"
RStatton,Participant 12895870,4,12,"Figure(s) are clear and appropriate, lack clutter, and have meaningful axis labels and good font sizes"
RStatton,Participant 12895870,3,13,Figure(s) have an appropriate figure legend that is referred to in the main text.
RStatton,Participant 12895870,1,14,"Results section includes appropriate and accurate summary statistics (e.g. means, density plots)"
RStatton,Participant 12895870,3,15,Results section includes appropriate and accurate inferential statistics (Bayesian ANOVA)
RStatton,Participant 12895870,4,17,Discussion correctly and clearly summarises findings
RStatton,Participant 12895870,4,18,Discussion correctly interprets findings
RStatton,Participant 12895870,3,19,Discussion makes appropriate links to previous literature
RStatton,Participant 12895870,3,20,Discussion provides good considerations of the limitations of the current study
RStatton,Participant 12895870,3,21,"Discussion makes a good, sensible suggestion for future work"
RStatton,Participant 12895870,4,22,Discussion concludes appropriately.
RStatton,Participant 12895870,3,23,Overall clarity of writing
RStatton,Participant 12895870,5,24,Overall quality of grammar and spelling
RStatton,Participant 12895870,5,25,Correct formatting of sections and sub-sections
RStatton,Participant 12895870,4,26,Correct usage of APA-formatted citations and references
RStatton,Participant 12895882,5,1,Abstract is clear and accurate
RStatton,Participant 12895882,4,2,Abstract contains correct information
RStatton,Participant 12895882,3,3,Introduction is clear and accurate
RStatton,Participant 12895882,2,4,Introduction gives big-picture overview
RStatton,Participant 12895882,2,5,Introduction outlines specific research area
RStatton,Participant 12895882,1,6,Introduction gives rationale for current experiment
RStatton,Participant 12895882,4,7,"Participant section is clear, accurate, and contain correct information"
RStatton,Participant 12895882,1,8,Sample sizes are justified through a power calculation
RStatton,Participant 12895882,3,9,"Apparatus and materials sections are clear, accurate, and contain correct information"
RStatton,Participant 12895882,3,10,"Procedure section is clear, accurate, and contain correct information."
RStatton,Participant 12895882,3,11,"Result section is overall clear, accurate, and contain correct information"
RStatton,Participant 12895882,4,12,"Figure(s) are clear and appropriate, lack clutter, and have meaningful axis labels and good font sizes"
RStatton,Participant 12895882,4,13,Figure(s) have an appropriate figure legend that is referred to in the main text.
RStatton,Participant 12895882,3,14,"Results section includes appropriate and accurate summary statistics (e.g. means, density plots)"
RStatton,Participant 12895882,4,15,Results section includes appropriate and accurate inferential statistics (Bayesian ANOVA)
RStatton,Participant 12895882,4,17,Discussion correctly and clearly summarises findings
RStatton,Participant 12895882,4,18,Discussion correctly interprets findings
RStatton,Participant 12895882,3,19,Discussion makes appropriate links to previous literature
RStatton,Participant 12895882,2,20,Discussion provides good considerations of the limitations of the current study
RStatton,Participant 12895882,2,21,"Discussion makes a good, sensible suggestion for future work"
RStatton,Participant 12895882,3,22,Discussion concludes appropriately.
RStatton,Participant 12895882,3,23,Overall clarity of writing
RStatton,Participant 12895882,5,24,Overall quality of grammar and spelling
RStatton,Participant 12895882,4,25,Correct formatting of sections and sub-sections
RStatton,Participant 12895882,4,26,Correct usage of APA-formatted citations and references
RStatton,Participant 12895914,5,1,Abstract is clear and accurate
RStatton,Participant 12895914,5,2,Abstract contains correct information
RStatton,Participant 12895914,4,3,Introduction is clear and accurate
RStatton,Participant 12895914,3,4,Introduction gives big-picture overview
RStatton,Participant 12895914,4,5,Introduction outlines specific research area
RStatton,Participant 12895914,3,6,Introduction gives rationale for current experiment
RStatton,Participant 12895914,3,7,"Participant section is clear, accurate, and contain correct information"
RStatton,Participant 12895914,1,8,Sample sizes are justified through a power calculation
RStatton,Participant 12895914,3,9,"Apparatus and materials sections are clear, accurate, and contain correct information"
RStatton,Participant 12895914,4,10,"Procedure section is clear, accurate, and contain correct information."
RStatton,Participant 12895914,3,11,"Result section is overall clear, accurate, and contain correct information"
RStatton,Participant 12895914,4,12,"Figure(s) are clear and appropriate, lack clutter, and have meaningful axis labels and good font sizes"
RStatton,Participant 12895914,2,13,Figure(s) have an appropriate figure legend that is referred to in the main text.
RStatton,Participant 12895914,3,14,"Results section includes appropriate and accurate summary statistics (e.g. means, density plots)"
RStatton,Participant 12895914,4,15,Results section includes appropriate and accurate inferential statistics (Bayesian ANOVA)
RStatton,Participant 12895914,4,17,Discussion correctly and clearly summarises findings
RStatton,Participant 12895914,3,18,Discussion correctly interprets findings
RStatton,Participant 12895914,3,19,Discussion makes appropriate links to previous literature
RStatton,Participant 12895914,3,20,Discussion provides good considerations of the limitations of the current study
RStatton,Participant 12895914,2,21,"Discussion makes a good, sensible suggestion for future work"
RStatton,Participant 12895914,3,22,Discussion concludes appropriately.
RStatton,Participant 12895914,4,23,Overall clarity of writing
RStatton,Participant 12895914,5,24,Overall quality of grammar and spelling
RStatton,Participant 12895914,4,25,Correct formatting of sections and sub-sections
RStatton,Participant 12895914,4,26,Correct usage of APA-formatted citations and references
RStatton,Participant 12895932,3,1,Abstract is clear and accurate
RStatton,Participant 12895932,3,2,Abstract contains correct information
RStatton,Participant 12895932,4,3,Introduction is clear and accurate
RStatton,Participant 12895932,5,4,Introduction gives big-picture overview
RStatton,Participant 12895932,4,5,Introduction outlines specific research area
RStatton,Participant 12895932,3,6,Introduction gives rationale for current experiment
RStatton,Participant 12895932,3,7,"Participant section is clear, accurate, and contain correct information"
RStatton,Participant 12895932,4,8,Sample sizes are justified through a power calculation
RStatton,Participant 12895932,3,9,"Apparatus and materials sections are clear, accurate, and contain correct information"
RStatton,Participant 12895932,4,10,"Procedure section is clear, accurate, and contain correct information."
RStatton,Participant 12895932,3,11,"Result section is overall clear, accurate, and contain correct information"
RStatton,Participant 12895932,4,12,"Figure(s) are clear and appropriate, lack clutter, and have meaningful axis labels and good font sizes"
RStatton,Participant 12895932,4,13,Figure(s) have an appropriate figure legend that is referred to in the main text.
RStatton,Participant 12895932,3,14,"Results section includes appropriate and accurate summary statistics (e.g. means, density plots)"
RStatton,Participant 12895932,3,15,Results section includes appropriate and accurate inferential statistics (Bayesian ANOVA)
RStatton,Participant 12895932,4,17,Discussion correctly and clearly summarises findings
RStatton,Participant 12895932,3,18,Discussion correctly interprets findings
RStatton,Participant 12895932,4,19,Discussion makes appropriate links to previous literature
RStatton,Participant 12895932,4,20,Discussion provides good considerations of the limitations of the current study
RStatton,Participant 12895932,3,21,"Discussion makes a good, sensible suggestion for future work"
RStatton,Participant 12895932,4,22,Discussion concludes appropriately.
RStatton,Participant 12895932,3,23,Overall clarity of writing
RStatton,Participant 12895932,5,24,Overall quality of grammar and spelling
RStatton,Participant 12895932,3,25,Correct formatting of sections and sub-sections
RStatton,Participant 12895932,5,26,Correct usage of APA-formatted citations and references
RStatton,Participant 12895935,4,1,Abstract is clear and accurate
RStatton,Participant 12895935,3,2,Abstract contains correct information
RStatton,Participant 12895935,4,3,Introduction is clear and accurate
RStatton,Participant 12895935,4,4,Introduction gives big-picture overview
RStatton,Participant 12895935,4,5,Introduction outlines specific research area
RStatton,Participant 12895935,4,6,Introduction gives rationale for current experiment
RStatton,Participant 12895935,4,7,"Participant section is clear, accurate, and contain correct information"
RStatton,Participant 12895935,4,8,Sample sizes are justified through a power calculation
RStatton,Participant 12895935,4,9,"Apparatus and materials sections are clear, accurate, and contain correct information"
RStatton,Participant 12895935,5,10,"Procedure section is clear, accurate, and contain correct information."
RStatton,Participant 12895935,3,11,"Result section is overall clear, accurate, and contain correct information"
RStatton,Participant 12895935,4,12,"Figure(s) are clear and appropriate, lack clutter, and have meaningful axis labels and good font sizes"
RStatton,Participant 12895935,4,13,Figure(s) have an appropriate figure legend that is referred to in the main text.
RStatton,Participant 12895935,3,14,"Results section includes appropriate and accurate summary statistics (e.g. means, density plots)"
RStatton,Participant 12895935,3,15,Results section includes appropriate and accurate inferential statistics (Bayesian ANOVA)
RStatton,Participant 12895935,3,17,Discussion correctly and clearly summarises findings
RStatton,Participant 12895935,2,18,Discussion correctly interprets findings
RStatton,Participant 12895935,2,19,Discussion makes appropriate links to previous literature
RStatton,Participant 12895935,2,20,Discussion provides good considerations of the limitations of the current study
RStatton,Participant 12895935,2,21,"Discussion makes a good, sensible suggestion for future work"
RStatton,Participant 12895935,3,22,Discussion concludes appropriately.
RStatton,Participant 12895935,3,23,Overall clarity of writing
RStatton,Participant 12895935,5,24,Overall quality of grammar and spelling
RStatton,Participant 12895935,4,25,Correct formatting of sections and sub-sections
RStatton,Participant 12895935,1,26,Correct usage of APA-formatted citations and references
RStatton,Participant 12895973,4,1,Abstract is clear and accurate
RStatton,Participant 12895973,4,2,Abstract contains correct information
RStatton,Participant 12895973,4,3,Introduction is clear and accurate
RStatton,Participant 12895973,4,4,Introduction gives big-picture overview
RStatton,Participant 12895973,4,5,Introduction outlines specific research area
RStatton,Participant 12895973,3,6,Introduction gives rationale for current experiment
RStatton,Participant 12895973,4,7,"Participant section is clear, accurate, and contain correct information"
RStatton,Participant 12895973,4,8,Sample sizes are justified through a power calculation
RStatton,Participant 12895973,4,9,"Apparatus and materials sections are clear, accurate, and contain correct information"
RStatton,Participant 12895973,5,10,"Procedure section is clear, accurate, and contain correct information."
RStatton,Participant 12895973,5,11,"Result section is overall clear, accurate, and contain correct information"
RStatton,Participant 12895973,4,12,"Figure(s) are clear and appropriate, lack clutter, and have meaningful axis labels and good font sizes"
RStatton,Participant 12895973,3,13,Figure(s) have an appropriate figure legend that is referred to in the main text.
RStatton,Participant 12895973,5,14,"Results section includes appropriate and accurate summary statistics (e.g. means, density plots)"
RStatton,Participant 12895973,5,15,Results section includes appropriate and accurate inferential statistics (Bayesian ANOVA)
RStatton,Participant 12895973,4,17,Discussion correctly and clearly summarises findings
RStatton,Participant 12895973,4,18,Discussion correctly interprets findings
RStatton,Participant 12895973,4,19,Discussion makes appropriate links to previous literature
RStatton,Participant 12895973,3,20,Discussion provides good considerations of the limitations of the current study
RStatton,Participant 12895973,2,21,"Discussion makes a good, sensible suggestion for future work"
RStatton,Participant 12895973,2,22,Discussion concludes appropriately.
RStatton,Participant 12895973,5,23,Overall clarity of writing
RStatton,Participant 12895973,4,24,Overall quality of grammar and spelling
RStatton,Participant 12895973,4,25,Correct formatting of sections and sub-sections
RStatton,Participant 12895973,5,26,Correct usage of APA-formatted citations and references
SDordoy,Participant 12895952,2,1,Abstract is clear and accurate
SDordoy,Participant 12895952,3,2,Abstract contains correct information
SDordoy,Participant 12895952,3,3,Introduction is clear and accurate
SDordoy,Participant 12895952,2,4,Introduction gives big-picture overview
SDordoy,Participant 12895952,2,5,Introduction outlines specific research area
SDordoy,Participant 12895952,3,6,Introduction gives rationale for current experiment
SDordoy,Participant 12895952,2,7,"Participant section is clear, accurate, and contain correct information"
SDordoy,Participant 12895952,1,8,Sample sizes are justified through a power calculation
SDordoy,Participant 12895952,3,9,"Apparatus and materials sections are clear, accurate, and contain correct information"
SDordoy,Participant 12895952,2,10,"Procedure section is clear, accurate, and contain correct information."
SDordoy,Participant 12895952,2,11,"Result section is overall clear, accurate, and contain correct information"
SDordoy,Participant 12895952,3,12,"Figure(s) are clear and appropriate, lack clutter, and have meaningful axis labels and good font sizes"
SDordoy,Participant 12895952,2,13,Figure(s) have an appropriate figure legend that is referred to in the main text.
SDordoy,Participant 12895952,2,14,"Results section includes appropriate and accurate summary statistics (e.g. means, density plots)"
SDordoy,Participant 12895952,3,15,Results section includes appropriate and accurate inferential statistics (Bayesian ANOVA)
SDordoy,Participant 12895952,3,17,Discussion correctly and clearly summarises findings
SDordoy,Participant 12895952,2,18,Discussion correctly interprets findings
SDordoy,Participant 12895952,2,19,Discussion makes appropriate links to previous literature
SDordoy,Participant 12895952,2,20,Discussion provides good considerations of the limitations of the current study
SDordoy,Participant 12895952,2,21,"Discussion makes a good, sensible suggestion for future work"
SDordoy,Participant 12895952,2,22,Discussion concludes appropriately.
SDordoy,Participant 12895952,3,23,Overall clarity of writing
SDordoy,Participant 12895952,3,24,Overall quality of grammar and spelling
SDordoy,Participant 12895952,5,25,Correct formatting of sections and sub-sections
SDordoy,Participant 12895952,3,26,Correct usage of APA-formatted citations and references
SDordoy,Participant 12895705,3,1,Abstract is clear and accurate
SDordoy,Participant 12895705,3,2,Abstract contains correct information
SDordoy,Participant 12895705,2,3,Introduction is clear and accurate
SDordoy,Participant 12895705,3,4,Introduction gives big-picture overview
SDordoy,Participant 12895705,3,5,Introduction outlines specific research area
SDordoy,Participant 12895705,2,6,Introduction gives rationale for current experiment
SDordoy,Participant 12895705,3,7,"Participant section is clear, accurate, and contain correct information"
SDordoy,Participant 12895705,4,8,Sample sizes are justified through a power calculation
SDordoy,Participant 12895705,5,9,"Apparatus and materials sections are clear, accurate, and contain correct information"
SDordoy,Participant 12895705,5,10,"Procedure section is clear, accurate, and contain correct information."
SDordoy,Participant 12895705,3,11,"Result section is overall clear, accurate, and contain correct information"
SDordoy,Participant 12895705,4,12,"Figure(s) are clear and appropriate, lack clutter, and have meaningful axis labels and good font sizes"
SDordoy,Participant 12895705,5,13,Figure(s) have an appropriate figure legend that is referred to in the main text.
SDordoy,Participant 12895705,3,14,"Results section includes appropriate and accurate summary statistics (e.g. means, density plots)"
SDordoy,Participant 12895705,2,15,Results section includes appropriate and accurate inferential statistics (Bayesian ANOVA)
SDordoy,Participant 12895705,3,17,Discussion correctly and clearly summarises findings
SDordoy,Participant 12895705,3,18,Discussion correctly interprets findings
SDordoy,Participant 12895705,3,19,Discussion makes appropriate links to previous literature
SDordoy,Participant 12895705,4,20,Discussion provides good considerations of the limitations of the current study
SDordoy,Participant 12895705,4,21,"Discussion makes a good, sensible suggestion for future work"
SDordoy,Participant 12895705,1,22,Discussion concludes appropriately.
SDordoy,Participant 12895705,4,23,Overall clarity of writing
SDordoy,Participant 12895705,4,24,Overall quality of grammar and spelling
SDordoy,Participant 12895705,3,25,Correct formatting of sections and sub-sections
SDordoy,Participant 12895705,3,26,Correct usage of APA-formatted citations and references
SDordoy,Participant 12895726,4,1,Abstract is clear and accurate
SDordoy,Participant 12895726,4,2,Abstract contains correct information
SDordoy,Participant 12895726,5,3,Introduction is clear and accurate
SDordoy,Participant 12895726,4,4,Introduction gives big-picture overview
SDordoy,Participant 12895726,5,5,Introduction outlines specific research area
SDordoy,Participant 12895726,3,6,Introduction gives rationale for current experiment
SDordoy,Participant 12895726,5,7,"Participant section is clear, accurate, and contain correct information"
SDordoy,Participant 12895726,4,8,Sample sizes are justified through a power calculation
SDordoy,Participant 12895726,5,9,"Apparatus and materials sections are clear, accurate, and contain correct information"
SDordoy,Participant 12895726,4,10,"Procedure section is clear, accurate, and contain correct information."
SDordoy,Participant 12895726,5,11,"Result section is overall clear, accurate, and contain correct information"
SDordoy,Participant 12895726,5,12,"Figure(s) are clear and appropriate, lack clutter, and have meaningful axis labels and good font sizes"
SDordoy,Participant 12895726,5,13,Figure(s) have an appropriate figure legend that is referred to in the main text.
SDordoy,Participant 12895726,4,14,"Results section includes appropriate and accurate summary statistics (e.g. means, density plots)"
SDordoy,Participant 12895726,5,15,Results section includes appropriate and accurate inferential statistics (Bayesian ANOVA)
SDordoy,Participant 12895726,5,17,Discussion correctly and clearly summarises findings
SDordoy,Participant 12895726,5,18,Discussion correctly interprets findings
SDordoy,Participant 12895726,5,19,Discussion makes appropriate links to previous literature
SDordoy,Participant 12895726,5,20,Discussion provides good considerations of the limitations of the current study
SDordoy,Participant 12895726,3,21,"Discussion makes a good, sensible suggestion for future work"
SDordoy,Participant 12895726,3,22,Discussion concludes appropriately.
SDordoy,Participant 12895726,5,23,Overall clarity of writing
SDordoy,Participant 12895726,5,24,Overall quality of grammar and spelling
SDordoy,Participant 12895726,4,25,Correct formatting of sections and sub-sections
SDordoy,Participant 12895726,5,26,Correct usage of APA-formatted citations and references
SDordoy,Participant 12895807,3,1,Abstract is clear and accurate
SDordoy,Participant 12895807,4,2,Abstract contains correct information
SDordoy,Participant 12895807,5,3,Introduction is clear and accurate
SDordoy,Participant 12895807,4,4,Introduction gives big-picture overview
SDordoy,Participant 12895807,4,5,Introduction outlines specific research area
SDordoy,Participant 12895807,4,6,Introduction gives rationale for current experiment
SDordoy,Participant 12895807,4,7,"Participant section is clear, accurate, and contain correct information"
SDordoy,Participant 12895807,5,8,Sample sizes are justified through a power calculation
SDordoy,Participant 12895807,5,9,"Apparatus and materials sections are clear, accurate, and contain correct information"
SDordoy,Participant 12895807,4,10,"Procedure section is clear, accurate, and contain correct information."
SDordoy,Participant 12895807,3,11,"Result section is overall clear, accurate, and contain correct information"
SDordoy,Participant 12895807,5,12,"Figure(s) are clear and appropriate, lack clutter, and have meaningful axis labels and good font sizes"
SDordoy,Participant 12895807,5,13,Figure(s) have an appropriate figure legend that is referred to in the main text.
SDordoy,Participant 12895807,4,14,"Results section includes appropriate and accurate summary statistics (e.g. means, density plots)"
SDordoy,Participant 12895807,3,15,Results section includes appropriate and accurate inferential statistics (Bayesian ANOVA)
SDordoy,Participant 12895807,3,17,Discussion correctly and clearly summarises findings
SDordoy,Participant 12895807,2,18,Discussion correctly interprets findings
SDordoy,Participant 12895807,4,19,Discussion makes appropriate links to previous literature
SDordoy,Participant 12895807,3,20,Discussion provides good considerations of the limitations of the current study
SDordoy,Participant 12895807,2,21,"Discussion makes a good, sensible suggestion for future work"
SDordoy,Participant 12895807,3,22,Discussion concludes appropriately.
SDordoy,Participant 12895807,5,23,Overall clarity of writing
SDordoy,Participant 12895807,5,24,Overall quality of grammar and spelling
SDordoy,Participant 12895807,4,25,Correct formatting of sections and sub-sections
SDordoy,Participant 12895807,4,26,Correct usage of APA-formatted citations and references
SDordoy,Participant 12895797,1,1,Abstract is clear and accurate
SDordoy,Participant 12895797,1,2,Abstract contains correct information
SDordoy,Participant 12895797,1,3,Introduction is clear and accurate
SDordoy,Participant 12895797,1,4,Introduction gives big-picture overview
SDordoy,Participant 12895797,1,5,Introduction outlines specific research area
SDordoy,Participant 12895797,1,6,Introduction gives rationale for current experiment
SDordoy,Participant 12895797,1,7,"Participant section is clear, accurate, and contain correct information"
SDordoy,Participant 12895797,1,8,Sample sizes are justified through a power calculation
SDordoy,Participant 12895797,1,9,"Apparatus and materials sections are clear, accurate, and contain correct information"
SDordoy,Participant 12895797,1,10,"Procedure section is clear, accurate, and contain correct information."
SDordoy,Participant 12895797,1,11,"Result section is overall clear, accurate, and contain correct information"
SDordoy,Participant 12895797,1,12,"Figure(s) are clear and appropriate, lack clutter, and have meaningful axis labels and good font sizes"
SDordoy,Participant 12895797,1,13,Figure(s) have an appropriate figure legend that is referred to in the main text.
SDordoy,Participant 12895797,1,14,"Results section includes appropriate and accurate summary statistics (e.g. means, density plots)"
SDordoy,Participant 12895797,1,15,Results section includes appropriate and accurate inferential statistics (Bayesian ANOVA)
SDordoy,Participant 12895797,1,17,Discussion correctly and clearly summarises findings
SDordoy,Participant 12895797,1,18,Discussion correctly interprets findings
SDordoy,Participant 12895797,1,19,Discussion makes appropriate links to previous literature
SDordoy,Participant 12895797,1,20,Discussion provides good considerations of the limitations of the current study
SDordoy,Participant 12895797,1,21,"Discussion makes a good, sensible suggestion for future work"
SDordoy,Participant 12895797,1,22,Discussion concludes appropriately.
SDordoy,Participant 12895797,1,23,Overall clarity of writing
SDordoy,Participant 12895797,1,24,Overall quality of grammar and spelling
SDordoy,Participant 12895797,1,25,Correct formatting of sections and sub-sections
SDordoy,Participant 12895797,1,26,Correct usage of APA-formatted citations and references
SDordoy,Participant 12895696,2,1,Abstract is clear and accurate
SDordoy,Participant 12895696,3,2,Abstract contains correct information
SDordoy,Participant 12895696,3,3,Introduction is clear and accurate
SDordoy,Participant 12895696,3,4,Introduction gives big-picture overview
SDordoy,Participant 12895696,3,5,Introduction outlines specific research area
SDordoy,Participant 12895696,3,6,Introduction gives rationale for current experiment
SDordoy,Participant 12895696,4,7,"Participant section is clear, accurate, and contain correct information"
SDordoy,Participant 12895696,4,8,Sample sizes are justified through a power calculation
SDordoy,Participant 12895696,4,9,"Apparatus and materials sections are clear, accurate, and contain correct information"
SDordoy,Participant 12895696,3,10,"Procedure section is clear, accurate, and contain correct information."
SDordoy,Participant 12895696,3,11,"Result section is overall clear, accurate, and contain correct information"
SDordoy,Participant 12895696,4,12,"Figure(s) are clear and appropriate, lack clutter, and have meaningful axis labels and good font sizes"
SDordoy,Participant 12895696,3,13,Figure(s) have an appropriate figure legend that is referred to in the main text.
SDordoy,Participant 12895696,3,14,"Results section includes appropriate and accurate summary statistics (e.g. means, density plots)"
SDordoy,Participant 12895696,3,15,Results section includes appropriate and accurate inferential statistics (Bayesian ANOVA)
SDordoy,Participant 12895696,2,17,Discussion correctly and clearly summarises findings
SDordoy,Participant 12895696,3,18,Discussion correctly interprets findings
SDordoy,Participant 12895696,3,19,Discussion makes appropriate links to previous literature
SDordoy,Participant 12895696,2,20,Discussion provides good considerations of the limitations of the current study
SDordoy,Participant 12895696,2,21,"Discussion makes a good, sensible suggestion for future work"
SDordoy,Participant 12895696,2,22,Discussion concludes appropriately.
SDordoy,Participant 12895696,4,23,Overall clarity of writing
SDordoy,Participant 12895696,4,24,Overall quality of grammar and spelling
SDordoy,Participant 12895696,5,25,Correct formatting of sections and sub-sections
SDordoy,Participant 12895696,5,26,Correct usage of APA-formatted citations and references
SDordoy,Participant 12895739,4,1,Abstract is clear and accurate
SDordoy,Participant 12895739,3,2,Abstract contains correct information
SDordoy,Participant 12895739,3,3,Introduction is clear and accurate
SDordoy,Participant 12895739,3,4,Introduction gives big-picture overview
SDordoy,Participant 12895739,3,5,Introduction outlines specific research area
SDordoy,Participant 12895739,3,6,Introduction gives rationale for current experiment
SDordoy,Participant 12895739,3,7,"Participant section is clear, accurate, and contain correct information"
SDordoy,Participant 12895739,3,8,Sample sizes are justified through a power calculation
SDordoy,Participant 12895739,4,9,"Apparatus and materials sections are clear, accurate, and contain correct information"
SDordoy,Participant 12895739,4,10,"Procedure section is clear, accurate, and contain correct information."
SDordoy,Participant 12895739,2,11,"Result section is overall clear, accurate, and contain correct information"
SDordoy,Participant 12895739,4,12,"Figure(s) are clear and appropriate, lack clutter, and have meaningful axis labels and good font sizes"
SDordoy,Participant 12895739,4,13,Figure(s) have an appropriate figure legend that is referred to in the main text.
SDordoy,Participant 12895739,3,14,"Results section includes appropriate and accurate summary statistics (e.g. means, density plots)"
SDordoy,Participant 12895739,2,15,Results section includes appropriate and accurate inferential statistics (Bayesian ANOVA)
SDordoy,Participant 12895739,3,17,Discussion correctly and clearly summarises findings
SDordoy,Participant 12895739,3,18,Discussion correctly interprets findings
SDordoy,Participant 12895739,3,19,Discussion makes appropriate links to previous literature
SDordoy,Participant 12895739,2,20,Discussion provides good considerations of the limitations of the current study
SDordoy,Participant 12895739,2,21,"Discussion makes a good, sensible suggestion for future work"
SDordoy,Participant 12895739,2,22,Discussion concludes appropriately.
SDordoy,Participant 12895739,4,23,Overall clarity of writing
SDordoy,Participant 12895739,3,24,Overall quality of grammar and spelling
SDordoy,Participant 12895739,3,25,Correct formatting of sections and sub-sections
SDordoy,Participant 12895739,3,26,Correct usage of APA-formatted citations and references
SDordoy,Participant 12895740,4,1,Abstract is clear and accurate
SDordoy,Participant 12895740,3,2,Abstract contains correct information
SDordoy,Participant 12895740,4,3,Introduction is clear and accurate
SDordoy,Participant 12895740,5,4,Introduction gives big-picture overview
SDordoy,Participant 12895740,4,5,Introduction outlines specific research area
SDordoy,Participant 12895740,5,6,Introduction gives rationale for current experiment
SDordoy,Participant 12895740,4,7,"Participant section is clear, accurate, and contain correct information"
SDordoy,Participant 12895740,5,8,Sample sizes are justified through a power calculation
SDordoy,Participant 12895740,4,9,"Apparatus and materials sections are clear, accurate, and contain correct information"
SDordoy,Participant 12895740,4,10,"Procedure section is clear, accurate, and contain correct information."
SDordoy,Participant 12895740,3,11,"Result section is overall clear, accurate, and contain correct information"
SDordoy,Participant 12895740,4,12,"Figure(s) are clear and appropriate, lack clutter, and have meaningful axis labels and good font sizes"
SDordoy,Participant 12895740,4,13,Figure(s) have an appropriate figure legend that is referred to in the main text.
SDordoy,Participant 12895740,5,14,"Results section includes appropriate and accurate summary statistics (e.g. means, density plots)"
SDordoy,Participant 12895740,2,15,Results section includes appropriate and accurate inferential statistics (Bayesian ANOVA)
SDordoy,Participant 12895740,3,17,Discussion correctly and clearly summarises findings
SDordoy,Participant 12895740,2,18,Discussion correctly interprets findings
SDordoy,Participant 12895740,4,19,Discussion makes appropriate links to previous literature
SDordoy,Participant 12895740,4,20,Discussion provides good considerations of the limitations of the current study
SDordoy,Participant 12895740,3,21,"Discussion makes a good, sensible suggestion for future work"
SDordoy,Participant 12895740,2,22,Discussion concludes appropriately.
SDordoy,Participant 12895740,4,23,Overall clarity of writing
SDordoy,Participant 12895740,5,24,Overall quality of grammar and spelling
SDordoy,Participant 12895740,3,25,Correct formatting of sections and sub-sections
SDordoy,Participant 12895740,4,26,Correct usage of APA-formatted citations and references
SDordoy,Participant 12895773,2,1,Abstract is clear and accurate
SDordoy,Participant 12895773,2,2,Abstract contains correct information
SDordoy,Participant 12895773,3,3,Introduction is clear and accurate
SDordoy,Participant 12895773,3,4,Introduction gives big-picture overview
SDordoy,Participant 12895773,4,5,Introduction outlines specific research area
SDordoy,Participant 12895773,3,6,Introduction gives rationale for current experiment
SDordoy,Participant 12895773,5,7,"Participant section is clear, accurate, and contain correct information"
SDordoy,Participant 12895773,1,8,Sample sizes are justified through a power calculation
SDordoy,Participant 12895773,4,9,"Apparatus and materials sections are clear, accurate, and contain correct information"
SDordoy,Participant 12895773,4,10,"Procedure section is clear, accurate, and contain correct information."
SDordoy,Participant 12895773,3,11,"Result section is overall clear, accurate, and contain correct information"
SDordoy,Participant 12895773,5,12,"Figure(s) are clear and appropriate, lack clutter, and have meaningful axis labels and good font sizes"
SDordoy,Participant 12895773,3,13,Figure(s) have an appropriate figure legend that is referred to in the main text.
SDordoy,Participant 12895773,5,14,"Results section includes appropriate and accurate summary statistics (e.g. means, density plots)"
SDordoy,Participant 12895773,5,15,Results section includes appropriate and accurate inferential statistics (Bayesian ANOVA)
SDordoy,Participant 12895773,2,17,Discussion correctly and clearly summarises findings
SDordoy,Participant 12895773,2,18,Discussion correctly interprets findings
SDordoy,Participant 12895773,4,19,Discussion makes appropriate links to previous literature
SDordoy,Participant 12895773,2,20,Discussion provides good considerations of the limitations of the current study
SDordoy,Participant 12895773,2,21,"Discussion makes a good, sensible suggestion for future work"
SDordoy,Participant 12895773,4,22,Discussion concludes appropriately.
SDordoy,Participant 12895773,4,23,Overall clarity of writing
SDordoy,Participant 12895773,5,24,Overall quality of grammar and spelling
SDordoy,Participant 12895773,4,25,Correct formatting of sections and sub-sections
SDordoy,Participant 12895773,4,26,Correct usage of APA-formatted citations and references
SDordoy,Participant 12895785,2,1,Abstract is clear and accurate
SDordoy,Participant 12895785,3,2,Abstract contains correct information
SDordoy,Participant 12895785,3,3,Introduction is clear and accurate
SDordoy,Participant 12895785,3,4,Introduction gives big-picture overview
SDordoy,Participant 12895785,3,5,Introduction outlines specific research area
SDordoy,Participant 12895785,3,6,Introduction gives rationale for current experiment
SDordoy,Participant 12895785,4,7,"Participant section is clear, accurate, and contain correct information"
SDordoy,Participant 12895785,1,8,Sample sizes are justified through a power calculation
SDordoy,Participant 12895785,4,9,"Apparatus and materials sections are clear, accurate, and contain correct information"
SDordoy,Participant 12895785,3,10,"Procedure section is clear, accurate, and contain correct information."
SDordoy,Participant 12895785,3,11,"Result section is overall clear, accurate, and contain correct information"
SDordoy,Participant 12895785,4,12,"Figure(s) are clear and appropriate, lack clutter, and have meaningful axis labels and good font sizes"
SDordoy,Participant 12895785,2,13,Figure(s) have an appropriate figure legend that is referred to in the main text.
SDordoy,Participant 12895785,4,14,"Results section includes appropriate and accurate summary statistics (e.g. means, density plots)"
SDordoy,Participant 12895785,4,15,Results section includes appropriate and accurate inferential statistics (Bayesian ANOVA)
SDordoy,Participant 12895785,2,17,Discussion correctly and clearly summarises findings
SDordoy,Participant 12895785,2,18,Discussion correctly interprets findings
SDordoy,Participant 12895785,3,19,Discussion makes appropriate links to previous literature
SDordoy,Participant 12895785,4,20,Discussion provides good considerations of the limitations of the current study
SDordoy,Participant 12895785,3,21,"Discussion makes a good, sensible suggestion for future work"
SDordoy,Participant 12895785,3,22,Discussion concludes appropriately.
SDordoy,Participant 12895785,3,23,Overall clarity of writing
SDordoy,Participant 12895785,4,24,Overall quality of grammar and spelling
SDordoy,Participant 12895785,3,25,Correct formatting of sections and sub-sections
SDordoy,Participant 12895785,3,26,Correct usage of APA-formatted citations and references
SDordoy,Participant 12895800,3,1,Abstract is clear and accurate
SDordoy,Participant 12895800,3,2,Abstract contains correct information
SDordoy,Participant 12895800,3,3,Introduction is clear and accurate
SDordoy,Participant 12895800,2,4,Introduction gives big-picture overview
SDordoy,Participant 12895800,3,5,Introduction outlines specific research area
SDordoy,Participant 12895800,3,6,Introduction gives rationale for current experiment
SDordoy,Participant 12895800,4,7,"Participant section is clear, accurate, and contain correct information"
SDordoy,Participant 12895800,4,8,Sample sizes are justified through a power calculation
SDordoy,Participant 12895800,5,9,"Apparatus and materials sections are clear, accurate, and contain correct information"
SDordoy,Participant 12895800,4,10,"Procedure section is clear, accurate, and contain correct information."
SDordoy,Participant 12895800,3,11,"Result section is overall clear, accurate, and contain correct information"
SDordoy,Participant 12895800,4,12,"Figure(s) are clear and appropriate, lack clutter, and have meaningful axis labels and good font sizes"
SDordoy,Participant 12895800,3,13,Figure(s) have an appropriate figure legend that is referred to in the main text.
SDordoy,Participant 12895800,3,14,"Results section includes appropriate and accurate summary statistics (e.g. means, density plots)"
SDordoy,Participant 12895800,3,15,Results section includes appropriate and accurate inferential statistics (Bayesian ANOVA)
SDordoy,Participant 12895800,2,17,Discussion correctly and clearly summarises findings
SDordoy,Participant 12895800,3,18,Discussion correctly interprets findings
SDordoy,Participant 12895800,3,19,Discussion makes appropriate links to previous literature
SDordoy,Participant 12895800,2,20,Discussion provides good considerations of the limitations of the current study
SDordoy,Participant 12895800,2,21,"Discussion makes a good, sensible suggestion for future work"
SDordoy,Participant 12895800,4,22,Discussion concludes appropriately.
SDordoy,Participant 12895800,3,23,Overall clarity of writing
SDordoy,Participant 12895800,4,24,Overall quality of grammar and spelling
SDordoy,Participant 12895800,4,25,Correct formatting of sections and sub-sections
SDordoy,Participant 12895800,3,26,Correct usage of APA-formatted citations and references
SDordoy,Participant 12895811,4,1,Abstract is clear and accurate
SDordoy,Participant 12895811,4,2,Abstract contains correct information
SDordoy,Participant 12895811,3,3,Introduction is clear and accurate
SDordoy,Participant 12895811,3,4,Introduction gives big-picture overview
SDordoy,Participant 12895811,3,5,Introduction outlines specific research area
SDordoy,Participant 12895811,3,6,Introduction gives rationale for current experiment
SDordoy,Participant 12895811,5,7,"Participant section is clear, accurate, and contain correct information"
SDordoy,Participant 12895811,2,8,Sample sizes are justified through a power calculation
SDordoy,Participant 12895811,5,9,"Apparatus and materials sections are clear, accurate, and contain correct information"
SDordoy,Participant 12895811,4,10,"Procedure section is clear, accurate, and contain correct information."
SDordoy,Participant 12895811,4,11,"Result section is overall clear, accurate, and contain correct information"
SDordoy,Participant 12895811,5,12,"Figure(s) are clear and appropriate, lack clutter, and have meaningful axis labels and good font sizes"
SDordoy,Participant 12895811,5,13,Figure(s) have an appropriate figure legend that is referred to in the main text.
SDordoy,Participant 12895811,5,14,"Results section includes appropriate and accurate summary statistics (e.g. means, density plots)"
SDordoy,Participant 12895811,5,15,Results section includes appropriate and accurate inferential statistics (Bayesian ANOVA)
SDordoy,Participant 12895811,3,17,Discussion correctly and clearly summarises findings
SDordoy,Participant 12895811,4,18,Discussion correctly interprets findings
SDordoy,Participant 12895811,3,19,Discussion makes appropriate links to previous literature
SDordoy,Participant 12895811,4,20,Discussion provides good considerations of the limitations of the current study
SDordoy,Participant 12895811,2,21,"Discussion makes a good, sensible suggestion for future work"
SDordoy,Participant 12895811,3,22,Discussion concludes appropriately.
SDordoy,Participant 12895811,3,23,Overall clarity of writing
SDordoy,Participant 12895811,4,24,Overall quality of grammar and spelling
SDordoy,Participant 12895811,3,25,Correct formatting of sections and sub-sections
SDordoy,Participant 12895811,5,26,Correct usage of APA-formatted citations and references
SDordoy,Participant 12895825,3,1,Abstract is clear and accurate
SDordoy,Participant 12895825,3,2,Abstract contains correct information
SDordoy,Participant 12895825,3,3,Introduction is clear and accurate
SDordoy,Participant 12895825,4,4,Introduction gives big-picture overview
SDordoy,Participant 12895825,3,5,Introduction outlines specific research area
SDordoy,Participant 12895825,3,6,Introduction gives rationale for current experiment
SDordoy,Participant 12895825,5,7,"Participant section is clear, accurate, and contain correct information"
SDordoy,Participant 12895825,1,8,Sample sizes are justified through a power calculation
SDordoy,Participant 12895825,3,9,"Apparatus and materials sections are clear, accurate, and contain correct information"
SDordoy,Participant 12895825,3,10,"Procedure section is clear, accurate, and contain correct information."
SDordoy,Participant 12895825,2,11,"Result section is overall clear, accurate, and contain correct information"
SDordoy,Participant 12895825,3,12,"Figure(s) are clear and appropriate, lack clutter, and have meaningful axis labels and good font sizes"
SDordoy,Participant 12895825,2,13,Figure(s) have an appropriate figure legend that is referred to in the main text.
SDordoy,Participant 12895825,3,14,"Results section includes appropriate and accurate summary statistics (e.g. means, density plots)"
SDordoy,Participant 12895825,2,15,Results section includes appropriate and accurate inferential statistics (Bayesian ANOVA)
SDordoy,Participant 12895825,2,17,Discussion correctly and clearly summarises findings
SDordoy,Participant 12895825,2,18,Discussion correctly interprets findings
SDordoy,Participant 12895825,2,19,Discussion makes appropriate links to previous literature
SDordoy,Participant 12895825,2,20,Discussion provides good considerations of the limitations of the current study
SDordoy,Participant 12895825,2,21,"Discussion makes a good, sensible suggestion for future work"
SDordoy,Participant 12895825,2,22,Discussion concludes appropriately.
SDordoy,Participant 12895825,4,23,Overall clarity of writing
SDordoy,Participant 12895825,3,24,Overall quality of grammar and spelling
SDordoy,Participant 12895825,3,25,Correct formatting of sections and sub-sections
SDordoy,Participant 12895825,3,26,Correct usage of APA-formatted citations and references
SDordoy,Participant 12895839,3,1,Abstract is clear and accurate
SDordoy,Participant 12895839,2,2,Abstract contains correct information
SDordoy,Participant 12895839,4,3,Introduction is clear and accurate
SDordoy,Participant 12895839,5,4,Introduction gives big-picture overview
SDordoy,Participant 12895839,4,5,Introduction outlines specific research area
SDordoy,Participant 12895839,4,6,Introduction gives rationale for current experiment
SDordoy,Participant 12895839,3,7,"Participant section is clear, accurate, and contain correct information"
SDordoy,Participant 12895839,1,8,Sample sizes are justified through a power calculation
SDordoy,Participant 12895839,3,9,"Apparatus and materials sections are clear, accurate, and contain correct information"
SDordoy,Participant 12895839,3,10,"Procedure section is clear, accurate, and contain correct information."
SDordoy,Participant 12895839,3,11,"Result section is overall clear, accurate, and contain correct information"
SDordoy,Participant 12895839,4,12,"Figure(s) are clear and appropriate, lack clutter, and have meaningful axis labels and good font sizes"
SDordoy,Participant 12895839,3,13,Figure(s) have an appropriate figure legend that is referred to in the main text.
SDordoy,Participant 12895839,4,14,"Results section includes appropriate and accurate summary statistics (e.g. means, density plots)"
SDordoy,Participant 12895839,4,15,Results section includes appropriate and accurate inferential statistics (Bayesian ANOVA)
SDordoy,Participant 12895839,2,17,Discussion correctly and clearly summarises findings
SDordoy,Participant 12895839,3,18,Discussion correctly interprets findings
SDordoy,Participant 12895839,2,19,Discussion makes appropriate links to previous literature
SDordoy,Participant 12895839,2,20,Discussion provides good considerations of the limitations of the current study
SDordoy,Participant 12895839,2,21,"Discussion makes a good, sensible suggestion for future work"
SDordoy,Participant 12895839,2,22,Discussion concludes appropriately.
SDordoy,Participant 12895839,3,23,Overall clarity of writing
SDordoy,Participant 12895839,4,24,Overall quality of grammar and spelling
SDordoy,Participant 12895839,3,25,Correct formatting of sections and sub-sections
SDordoy,Participant 12895839,3,26,Correct usage of APA-formatted citations and references
SDordoy,Participant 12895855,4,1,Abstract is clear and accurate
SDordoy,Participant 12895855,3,2,Abstract contains correct information
SDordoy,Participant 12895855,4,3,Introduction is clear and accurate
SDordoy,Participant 12895855,3,4,Introduction gives big-picture overview
SDordoy,Participant 12895855,3,5,Introduction outlines specific research area
SDordoy,Participant 12895855,3,6,Introduction gives rationale for current experiment
SDordoy,Participant 12895855,2,7,"Participant section is clear, accurate, and contain correct information"
SDordoy,Participant 12895855,1,8,Sample sizes are justified through a power calculation
SDordoy,Participant 12895855,4,9,"Apparatus and materials sections are clear, accurate, and contain correct information"
SDordoy,Participant 12895855,4,10,"Procedure section is clear, accurate, and contain correct information."
SDordoy,Participant 12895855,4,11,"Result section is overall clear, accurate, and contain correct information"
SDordoy,Participant 12895855,5,12,"Figure(s) are clear and appropriate, lack clutter, and have meaningful axis labels and good font sizes"
SDordoy,Participant 12895855,3,13,Figure(s) have an appropriate figure legend that is referred to in the main text.
SDordoy,Participant 12895855,5,14,"Results section includes appropriate and accurate summary statistics (e.g. means, density plots)"
SDordoy,Participant 12895855,4,15,Results section includes appropriate and accurate inferential statistics (Bayesian ANOVA)
SDordoy,Participant 12895855,3,17,Discussion correctly and clearly summarises findings
SDordoy,Participant 12895855,4,18,Discussion correctly interprets findings
SDordoy,Participant 12895855,4,19,Discussion makes appropriate links to previous literature
SDordoy,Participant 12895855,2,20,Discussion provides good considerations of the limitations of the current study
SDordoy,Participant 12895855,4,21,"Discussion makes a good, sensible suggestion for future work"
SDordoy,Participant 12895855,1,22,Discussion concludes appropriately.
SDordoy,Participant 12895855,4,23,Overall clarity of writing
SDordoy,Participant 12895855,4,24,Overall quality of grammar and spelling
SDordoy,Participant 12895855,5,25,Correct formatting of sections and sub-sections
SDordoy,Participant 12895855,5,26,Correct usage of APA-formatted citations and references
SDordoy,Participant 12895862,4,1,Abstract is clear and accurate
SDordoy,Participant 12895862,4,2,Abstract contains correct information
SDordoy,Participant 12895862,3,3,Introduction is clear and accurate
SDordoy,Participant 12895862,4,4,Introduction gives big-picture overview
SDordoy,Participant 12895862,3,5,Introduction outlines specific research area
SDordoy,Participant 12895862,3,6,Introduction gives rationale for current experiment
SDordoy,Participant 12895862,5,7,"Participant section is clear, accurate, and contain correct information"
SDordoy,Participant 12895862,1,8,Sample sizes are justified through a power calculation
SDordoy,Participant 12895862,4,9,"Apparatus and materials sections are clear, accurate, and contain correct information"
SDordoy,Participant 12895862,4,10,"Procedure section is clear, accurate, and contain correct information."
SDordoy,Participant 12895862,4,11,"Result section is overall clear, accurate, and contain correct information"
SDordoy,Participant 12895862,4,12,"Figure(s) are clear and appropriate, lack clutter, and have meaningful axis labels and good font sizes"
SDordoy,Participant 12895862,3,13,Figure(s) have an appropriate figure legend that is referred to in the main text.
SDordoy,Participant 12895862,5,14,"Results section includes appropriate and accurate summary statistics (e.g. means, density plots)"
SDordoy,Participant 12895862,5,15,Results section includes appropriate and accurate inferential statistics (Bayesian ANOVA)
SDordoy,Participant 12895862,4,17,Discussion correctly and clearly summarises findings
SDordoy,Participant 12895862,5,18,Discussion correctly interprets findings
SDordoy,Participant 12895862,4,19,Discussion makes appropriate links to previous literature
SDordoy,Participant 12895862,4,20,Discussion provides good considerations of the limitations of the current study
SDordoy,Participant 12895862,2,21,"Discussion makes a good, sensible suggestion for future work"
SDordoy,Participant 12895862,2,22,Discussion concludes appropriately.
SDordoy,Participant 12895862,3,23,Overall clarity of writing
SDordoy,Participant 12895862,3,24,Overall quality of grammar and spelling
SDordoy,Participant 12895862,3,25,Correct formatting of sections and sub-sections
SDordoy,Participant 12895862,2,26,Correct usage of APA-formatted citations and references
SDordoy,Participant 12895897,2,1,Abstract is clear and accurate
SDordoy,Participant 12895897,3,2,Abstract contains correct information
SDordoy,Participant 12895897,4,3,Introduction is clear and accurate
SDordoy,Participant 12895897,4,4,Introduction gives big-picture overview
SDordoy,Participant 12895897,4,5,Introduction outlines specific research area
SDordoy,Participant 12895897,3,6,Introduction gives rationale for current experiment
SDordoy,Participant 12895897,5,7,"Participant section is clear, accurate, and contain correct information"
SDordoy,Participant 12895897,3,8,Sample sizes are justified through a power calculation
SDordoy,Participant 12895897,4,9,"Apparatus and materials sections are clear, accurate, and contain correct information"
SDordoy,Participant 12895897,3,10,"Procedure section is clear, accurate, and contain correct information."
SDordoy,Participant 12895897,3,11,"Result section is overall clear, accurate, and contain correct information"
SDordoy,Participant 12895897,4,12,"Figure(s) are clear and appropriate, lack clutter, and have meaningful axis labels and good font sizes"
SDordoy,Participant 12895897,3,13,Figure(s) have an appropriate figure legend that is referred to in the main text.
SDordoy,Participant 12895897,4,14,"Results section includes appropriate and accurate summary statistics (e.g. means, density plots)"
SDordoy,Participant 12895897,3,15,Results section includes appropriate and accurate inferential statistics (Bayesian ANOVA)
SDordoy,Participant 12895897,2,17,Discussion correctly and clearly summarises findings
SDordoy,Participant 12895897,2,18,Discussion correctly interprets findings
SDordoy,Participant 12895897,3,19,Discussion makes appropriate links to previous literature
SDordoy,Participant 12895897,3,20,Discussion provides good considerations of the limitations of the current study
SDordoy,Participant 12895897,3,21,"Discussion makes a good, sensible suggestion for future work"
SDordoy,Participant 12895897,3,22,Discussion concludes appropriately.
SDordoy,Participant 12895897,4,23,Overall clarity of writing
SDordoy,Participant 12895897,4,24,Overall quality of grammar and spelling
SDordoy,Participant 12895897,4,25,Correct formatting of sections and sub-sections
SDordoy,Participant 12895897,4,26,Correct usage of APA-formatted citations and references
SDordoy,Participant 12895903,3,1,Abstract is clear and accurate
SDordoy,Participant 12895903,3,2,Abstract contains correct information
SDordoy,Participant 12895903,4,3,Introduction is clear and accurate
SDordoy,Participant 12895903,4,4,Introduction gives big-picture overview
SDordoy,Participant 12895903,3,5,Introduction outlines specific research area
SDordoy,Participant 12895903,2,6,Introduction gives rationale for current experiment
SDordoy,Participant 12895903,4,7,"Participant section is clear, accurate, and contain correct information"
SDordoy,Participant 12895903,2,8,Sample sizes are justified through a power calculation
SDordoy,Participant 12895903,5,9,"Apparatus and materials sections are clear, accurate, and contain correct information"
SDordoy,Participant 12895903,4,10,"Procedure section is clear, accurate, and contain correct information."
SDordoy,Participant 12895903,4,11,"Result section is overall clear, accurate, and contain correct information"
SDordoy,Participant 12895903,4,12,"Figure(s) are clear and appropriate, lack clutter, and have meaningful axis labels and good font sizes"
SDordoy,Participant 12895903,2,13,Figure(s) have an appropriate figure legend that is referred to in the main text.
SDordoy,Participant 12895903,4,14,"Results section includes appropriate and accurate summary statistics (e.g. means, density plots)"
SDordoy,Participant 12895903,2,15,Results section includes appropriate and accurate inferential statistics (Bayesian ANOVA)
SDordoy,Participant 12895903,2,17,Discussion correctly and clearly summarises findings
SDordoy,Participant 12895903,2,18,Discussion correctly interprets findings
SDordoy,Participant 12895903,3,19,Discussion makes appropriate links to previous literature
SDordoy,Participant 12895903,4,20,Discussion provides good considerations of the limitations of the current study
SDordoy,Participant 12895903,3,21,"Discussion makes a good, sensible suggestion for future work"
SDordoy,Participant 12895903,3,22,Discussion concludes appropriately.
SDordoy,Participant 12895903,5,23,Overall clarity of writing
SDordoy,Participant 12895903,5,24,Overall quality of grammar and spelling
SDordoy,Participant 12895903,5,25,Correct formatting of sections and sub-sections
SDordoy,Participant 12895903,4,26,Correct usage of APA-formatted citations and references
SDordoy,Participant 12895940,4,1,Abstract is clear and accurate
SDordoy,Participant 12895940,5,2,Abstract contains correct information
SDordoy,Participant 12895940,5,3,Introduction is clear and accurate
SDordoy,Participant 12895940,4,4,Introduction gives big-picture overview
SDordoy,Participant 12895940,4,5,Introduction outlines specific research area
SDordoy,Participant 12895940,4,6,Introduction gives rationale for current experiment
SDordoy,Participant 12895940,4,7,"Participant section is clear, accurate, and contain correct information"
SDordoy,Participant 12895940,2,8,Sample sizes are justified through a power calculation
SDordoy,Participant 12895940,5,9,"Apparatus and materials sections are clear, accurate, and contain correct information"
SDordoy,Participant 12895940,5,10,"Procedure section is clear, accurate, and contain correct information."
SDordoy,Participant 12895940,3,11,"Result section is overall clear, accurate, and contain correct information"
SDordoy,Participant 12895940,5,12,"Figure(s) are clear and appropriate, lack clutter, and have meaningful axis labels and good font sizes"
SDordoy,Participant 12895940,5,13,Figure(s) have an appropriate figure legend that is referred to in the main text.
SDordoy,Participant 12895940,5,14,"Results section includes appropriate and accurate summary statistics (e.g. means, density plots)"
SDordoy,Participant 12895940,3,15,Results section includes appropriate and accurate inferential statistics (Bayesian ANOVA)
SDordoy,Participant 12895940,4,17,Discussion correctly and clearly summarises findings
SDordoy,Participant 12895940,4,18,Discussion correctly interprets findings
SDordoy,Participant 12895940,4,19,Discussion makes appropriate links to previous literature
SDordoy,Participant 12895940,5,20,Discussion provides good considerations of the limitations of the current study
SDordoy,Participant 12895940,5,21,"Discussion makes a good, sensible suggestion for future work"
SDordoy,Participant 12895940,5,22,Discussion concludes appropriately.
SDordoy,Participant 12895940,4,23,Overall clarity of writing
SDordoy,Participant 12895940,4,24,Overall quality of grammar and spelling
SDordoy,Participant 12895940,5,25,Correct formatting of sections and sub-sections
SDordoy,Participant 12895940,4,26,Correct usage of APA-formatted citations and references
SDordoy,Participant 12895956,3,1,Abstract is clear and accurate
SDordoy,Participant 12895956,2,2,Abstract contains correct information
SDordoy,Participant 12895956,4,3,Introduction is clear and accurate
SDordoy,Participant 12895956,4,4,Introduction gives big-picture overview
SDordoy,Participant 12895956,3,5,Introduction outlines specific research area
SDordoy,Participant 12895956,3,6,Introduction gives rationale for current experiment
SDordoy,Participant 12895956,5,7,"Participant section is clear, accurate, and contain correct information"
SDordoy,Participant 12895956,5,8,Sample sizes are justified through a power calculation
SDordoy,Participant 12895956,4,9,"Apparatus and materials sections are clear, accurate, and contain correct information"
SDordoy,Participant 12895956,5,10,"Procedure section is clear, accurate, and contain correct information."
SDordoy,Participant 12895956,3,11,"Result section is overall clear, accurate, and contain correct information"
SDordoy,Participant 12895956,3,12,"Figure(s) are clear and appropriate, lack clutter, and have meaningful axis labels and good font sizes"
SDordoy,Participant 12895956,3,13,Figure(s) have an appropriate figure legend that is referred to in the main text.
SDordoy,Participant 12895956,5,14,"Results section includes appropriate and accurate summary statistics (e.g. means, density plots)"
SDordoy,Participant 12895956,3,15,Results section includes appropriate and accurate inferential statistics (Bayesian ANOVA)
SDordoy,Participant 12895956,2,17,Discussion correctly and clearly summarises findings
SDordoy,Participant 12895956,2,18,Discussion correctly interprets findings
SDordoy,Participant 12895956,3,19,Discussion makes appropriate links to previous literature
SDordoy,Participant 12895956,2,20,Discussion provides good considerations of the limitations of the current study
SDordoy,Participant 12895956,2,21,"Discussion makes a good, sensible suggestion for future work"
SDordoy,Participant 12895956,2,22,Discussion concludes appropriately.
SDordoy,Participant 12895956,5,23,Overall clarity of writing
SDordoy,Participant 12895956,4,24,Overall quality of grammar and spelling
SDordoy,Participant 12895956,4,25,Correct formatting of sections and sub-sections
SDordoy,Participant 12895956,4,26,Correct usage of APA-formatted citations and references
SDordoy,Participant 12895958,4,1,Abstract is clear and accurate
SDordoy,Participant 12895958,4,2,Abstract contains correct information
SDordoy,Participant 12895958,4,3,Introduction is clear and accurate
SDordoy,Participant 12895958,4,4,Introduction gives big-picture overview
SDordoy,Participant 12895958,4,5,Introduction outlines specific research area
SDordoy,Participant 12895958,4,6,Introduction gives rationale for current experiment
SDordoy,Participant 12895958,5,7,"Participant section is clear, accurate, and contain correct information"
SDordoy,Participant 12895958,4,8,Sample sizes are justified through a power calculation
SDordoy,Participant 12895958,5,9,"Apparatus and materials sections are clear, accurate, and contain correct information"
SDordoy,Participant 12895958,5,10,"Procedure section is clear, accurate, and contain correct information."
SDordoy,Participant 12895958,4,11,"Result section is overall clear, accurate, and contain correct information"
SDordoy,Participant 12895958,5,12,"Figure(s) are clear and appropriate, lack clutter, and have meaningful axis labels and good font sizes"
SDordoy,Participant 12895958,4,13,Figure(s) have an appropriate figure legend that is referred to in the main text.
SDordoy,Participant 12895958,5,14,"Results section includes appropriate and accurate summary statistics (e.g. means, density plots)"
SDordoy,Participant 12895958,5,15,Results section includes appropriate and accurate inferential statistics (Bayesian ANOVA)
SDordoy,Participant 12895958,4,17,Discussion correctly and clearly summarises findings
SDordoy,Participant 12895958,4,18,Discussion correctly interprets findings
SDordoy,Participant 12895958,5,19,Discussion makes appropriate links to previous literature
SDordoy,Participant 12895958,5,20,Discussion provides good considerations of the limitations of the current study
SDordoy,Participant 12895958,4,21,"Discussion makes a good, sensible suggestion for future work"
SDordoy,Participant 12895958,3,22,Discussion concludes appropriately.
SDordoy,Participant 12895958,4,23,Overall clarity of writing
SDordoy,Participant 12895958,5,24,Overall quality of grammar and spelling
SDordoy,Participant 12895958,4,25,Correct formatting of sections and sub-sections
SDordoy,Participant 12895958,4,26,Correct usage of APA-formatted citations and references
STalbot,Participant 12895781,5,1,Abstract is clear and accurate
STalbot,Participant 12895781,4,2,Abstract contains correct information
STalbot,Participant 12895781,4,3,Introduction is clear and accurate
STalbot,Participant 12895781,3,4,Introduction gives big-picture overview
STalbot,Participant 12895781,4,5,Introduction outlines specific research area
STalbot,Participant 12895781,3,6,Introduction gives rationale for current experiment
STalbot,Participant 12895781,4,7,"Participant section is clear, accurate, and contain correct information"
STalbot,Participant 12895781,5,8,Sample sizes are justified through a power calculation
STalbot,Participant 12895781,4,9,"Apparatus and materials sections are clear, accurate, and contain correct information"
STalbot,Participant 12895781,4,10,"Procedure section is clear, accurate, and contain correct information."
STalbot,Participant 12895781,3,11,"Result section is overall clear, accurate, and contain correct information"
STalbot,Participant 12895781,4,12,"Figure(s) are clear and appropriate, lack clutter, and have meaningful axis labels and good font sizes"
STalbot,Participant 12895781,3,13,Figure(s) have an appropriate figure legend that is referred to in the main text.
STalbot,Participant 12895781,5,14,"Results section includes appropriate and accurate summary statistics (e.g. means, density plots)"
STalbot,Participant 12895781,3,15,Results section includes appropriate and accurate inferential statistics (Bayesian ANOVA)
STalbot,Participant 12895781,5,17,Discussion correctly and clearly summarises findings
STalbot,Participant 12895781,3,18,Discussion correctly interprets findings
STalbot,Participant 12895781,3,19,Discussion makes appropriate links to previous literature
STalbot,Participant 12895781,5,20,Discussion provides good considerations of the limitations of the current study
STalbot,Participant 12895781,4,21,"Discussion makes a good, sensible suggestion for future work"
STalbot,Participant 12895781,3,22,Discussion concludes appropriately.
STalbot,Participant 12895781,4,23,Overall clarity of writing
STalbot,Participant 12895781,4,24,Overall quality of grammar and spelling
STalbot,Participant 12895781,5,25,Correct formatting of sections and sub-sections
STalbot,Participant 12895781,5,26,Correct usage of APA-formatted citations and references
STalbot,Participant 12895970,4,1,Abstract is clear and accurate
STalbot,Participant 12895970,3,2,Abstract contains correct information
STalbot,Participant 12895970,3,3,Introduction is clear and accurate
STalbot,Participant 12895970,3,4,Introduction gives big-picture overview
STalbot,Participant 12895970,3,5,Introduction outlines specific research area
STalbot,Participant 12895970,4,6,Introduction gives rationale for current experiment
STalbot,Participant 12895970,5,7,"Participant section is clear, accurate, and contain correct information"
STalbot,Participant 12895970,1,8,Sample sizes are justified through a power calculation
STalbot,Participant 12895970,2,9,"Apparatus and materials sections are clear, accurate, and contain correct information"
STalbot,Participant 12895970,4,10,"Procedure section is clear, accurate, and contain correct information."
STalbot,Participant 12895970,3,11,"Result section is overall clear, accurate, and contain correct information"
STalbot,Participant 12895970,3,12,"Figure(s) are clear and appropriate, lack clutter, and have meaningful axis labels and good font sizes"
STalbot,Participant 12895970,3,13,Figure(s) have an appropriate figure legend that is referred to in the main text.
STalbot,Participant 12895970,4,14,"Results section includes appropriate and accurate summary statistics (e.g. means, density plots)"
STalbot,Participant 12895970,2,15,Results section includes appropriate and accurate inferential statistics (Bayesian ANOVA)
STalbot,Participant 12895970,4,17,Discussion correctly and clearly summarises findings
STalbot,Participant 12895970,3,18,Discussion correctly interprets findings
STalbot,Participant 12895970,4,19,Discussion makes appropriate links to previous literature
STalbot,Participant 12895970,2,20,Discussion provides good considerations of the limitations of the current study
STalbot,Participant 12895970,3,21,"Discussion makes a good, sensible suggestion for future work"
STalbot,Participant 12895970,4,22,Discussion concludes appropriately.
STalbot,Participant 12895970,4,23,Overall clarity of writing
STalbot,Participant 12895970,4,24,Overall quality of grammar and spelling
STalbot,Participant 12895970,5,25,Correct formatting of sections and sub-sections
STalbot,Participant 12895970,5,26,Correct usage of APA-formatted citations and references
STalbot,Participant 12895881,4,1,Abstract is clear and accurate
STalbot,Participant 12895881,3,2,Abstract contains correct information
STalbot,Participant 12895881,4,3,Introduction is clear and accurate
STalbot,Participant 12895881,4,4,Introduction gives big-picture overview
STalbot,Participant 12895881,5,5,Introduction outlines specific research area
STalbot,Participant 12895881,5,6,Introduction gives rationale for current experiment
STalbot,Participant 12895881,5,7,"Participant section is clear, accurate, and contain correct information"
STalbot,Participant 12895881,3,8,Sample sizes are justified through a power calculation
STalbot,Participant 12895881,4,9,"Apparatus and materials sections are clear, accurate, and contain correct information"
STalbot,Participant 12895881,3,10,"Procedure section is clear, accurate, and contain correct information."
STalbot,Participant 12895881,3,11,"Result section is overall clear, accurate, and contain correct information"
STalbot,Participant 12895881,3,12,"Figure(s) are clear and appropriate, lack clutter, and have meaningful axis labels and good font sizes"
STalbot,Participant 12895881,3,13,Figure(s) have an appropriate figure legend that is referred to in the main text.
STalbot,Participant 12895881,3,14,"Results section includes appropriate and accurate summary statistics (e.g. means, density plots)"
STalbot,Participant 12895881,2,15,Results section includes appropriate and accurate inferential statistics (Bayesian ANOVA)
STalbot,Participant 12895881,3,17,Discussion correctly and clearly summarises findings
STalbot,Participant 12895881,4,18,Discussion correctly interprets findings
STalbot,Participant 12895881,4,19,Discussion makes appropriate links to previous literature
STalbot,Participant 12895881,4,20,Discussion provides good considerations of the limitations of the current study
STalbot,Participant 12895881,5,21,"Discussion makes a good, sensible suggestion for future work"
STalbot,Participant 12895881,3,22,Discussion concludes appropriately.
STalbot,Participant 12895881,3,23,Overall clarity of writing
STalbot,Participant 12895881,4,24,Overall quality of grammar and spelling
STalbot,Participant 12895881,5,25,Correct formatting of sections and sub-sections
STalbot,Participant 12895881,4,26,Correct usage of APA-formatted citations and references
STalbot,Participant 12895695,4,1,Abstract is clear and accurate
STalbot,Participant 12895695,3,2,Abstract contains correct information
STalbot,Participant 12895695,4,3,Introduction is clear and accurate
STalbot,Participant 12895695,5,4,Introduction gives big-picture overview
STalbot,Participant 12895695,4,5,Introduction outlines specific research area
STalbot,Participant 12895695,3,6,Introduction gives rationale for current experiment
STalbot,Participant 12895695,5,7,"Participant section is clear, accurate, and contain correct information"
STalbot,Participant 12895695,5,8,Sample sizes are justified through a power calculation
STalbot,Participant 12895695,4,9,"Apparatus and materials sections are clear, accurate, and contain correct information"
STalbot,Participant 12895695,4,10,"Procedure section is clear, accurate, and contain correct information."
STalbot,Participant 12895695,4,11,"Result section is overall clear, accurate, and contain correct information"
STalbot,Participant 12895695,4,12,"Figure(s) are clear and appropriate, lack clutter, and have meaningful axis labels and good font sizes"
STalbot,Participant 12895695,3,13,Figure(s) have an appropriate figure legend that is referred to in the main text.
STalbot,Participant 12895695,5,14,"Results section includes appropriate and accurate summary statistics (e.g. means, density plots)"
STalbot,Participant 12895695,5,15,Results section includes appropriate and accurate inferential statistics (Bayesian ANOVA)
STalbot,Participant 12895695,4,17,Discussion correctly and clearly summarises findings
STalbot,Participant 12895695,5,18,Discussion correctly interprets findings
STalbot,Participant 12895695,5,19,Discussion makes appropriate links to previous literature
STalbot,Participant 12895695,4,20,Discussion provides good considerations of the limitations of the current study
STalbot,Participant 12895695,3,21,"Discussion makes a good, sensible suggestion for future work"
STalbot,Participant 12895695,5,22,Discussion concludes appropriately.
STalbot,Participant 12895695,5,23,Overall clarity of writing
STalbot,Participant 12895695,4,24,Overall quality of grammar and spelling
STalbot,Participant 12895695,5,25,Correct formatting of sections and sub-sections
STalbot,Participant 12895695,5,26,Correct usage of APA-formatted citations and references
STalbot,Participant 12895700,4,1,Abstract is clear and accurate
STalbot,Participant 12895700,4,2,Abstract contains correct information
STalbot,Participant 12895700,3,3,Introduction is clear and accurate
STalbot,Participant 12895700,2,4,Introduction gives big-picture overview
STalbot,Participant 12895700,2,5,Introduction outlines specific research area
STalbot,Participant 12895700,3,6,Introduction gives rationale for current experiment
STalbot,Participant 12895700,3,7,"Participant section is clear, accurate, and contain correct information"
STalbot,Participant 12895700,3,8,Sample sizes are justified through a power calculation
STalbot,Participant 12895700,3,9,"Apparatus and materials sections are clear, accurate, and contain correct information"
STalbot,Participant 12895700,4,10,"Procedure section is clear, accurate, and contain correct information."
STalbot,Participant 12895700,3,11,"Result section is overall clear, accurate, and contain correct information"
STalbot,Participant 12895700,3,12,"Figure(s) are clear and appropriate, lack clutter, and have meaningful axis labels and good font sizes"
STalbot,Participant 12895700,3,13,Figure(s) have an appropriate figure legend that is referred to in the main text.
STalbot,Participant 12895700,4,14,"Results section includes appropriate and accurate summary statistics (e.g. means, density plots)"
STalbot,Participant 12895700,5,15,Results section includes appropriate and accurate inferential statistics (Bayesian ANOVA)
STalbot,Participant 12895700,3,17,Discussion correctly and clearly summarises findings
STalbot,Participant 12895700,4,18,Discussion correctly interprets findings
STalbot,Participant 12895700,2,19,Discussion makes appropriate links to previous literature
STalbot,Participant 12895700,4,20,Discussion provides good considerations of the limitations of the current study
STalbot,Participant 12895700,2,21,"Discussion makes a good, sensible suggestion for future work"
STalbot,Participant 12895700,2,22,Discussion concludes appropriately.
STalbot,Participant 12895700,4,23,Overall clarity of writing
STalbot,Participant 12895700,4,24,Overall quality of grammar and spelling
STalbot,Participant 12895700,5,25,Correct formatting of sections and sub-sections
STalbot,Participant 12895700,5,26,Correct usage of APA-formatted citations and references
STalbot,Participant 12895717,3,1,Abstract is clear and accurate
STalbot,Participant 12895717,4,2,Abstract contains correct information
STalbot,Participant 12895717,2,3,Introduction is clear and accurate
STalbot,Participant 12895717,3,4,Introduction gives big-picture overview
STalbot,Participant 12895717,3,5,Introduction outlines specific research area
STalbot,Participant 12895717,3,6,Introduction gives rationale for current experiment
STalbot,Participant 12895717,5,7,"Participant section is clear, accurate, and contain correct information"
STalbot,Participant 12895717,5,8,Sample sizes are justified through a power calculation
STalbot,Participant 12895717,5,9,"Apparatus and materials sections are clear, accurate, and contain correct information"
STalbot,Participant 12895717,4,10,"Procedure section is clear, accurate, and contain correct information."
STalbot,Participant 12895717,4,11,"Result section is overall clear, accurate, and contain correct information"
STalbot,Participant 12895717,4,12,"Figure(s) are clear and appropriate, lack clutter, and have meaningful axis labels and good font sizes"
STalbot,Participant 12895717,3,13,Figure(s) have an appropriate figure legend that is referred to in the main text.
STalbot,Participant 12895717,5,14,"Results section includes appropriate and accurate summary statistics (e.g. means, density plots)"
STalbot,Participant 12895717,4,15,Results section includes appropriate and accurate inferential statistics (Bayesian ANOVA)
STalbot,Participant 12895717,5,17,Discussion correctly and clearly summarises findings
STalbot,Participant 12895717,5,18,Discussion correctly interprets findings
STalbot,Participant 12895717,3,19,Discussion makes appropriate links to previous literature
STalbot,Participant 12895717,3,20,Discussion provides good considerations of the limitations of the current study
STalbot,Participant 12895717,3,21,"Discussion makes a good, sensible suggestion for future work"
STalbot,Participant 12895717,3,22,Discussion concludes appropriately.
STalbot,Participant 12895717,5,23,Overall clarity of writing
STalbot,Participant 12895717,5,24,Overall quality of grammar and spelling
STalbot,Participant 12895717,5,25,Correct formatting of sections and sub-sections
STalbot,Participant 12895717,5,26,Correct usage of APA-formatted citations and references
STalbot,Participant 12895725,4,1,Abstract is clear and accurate
STalbot,Participant 12895725,4,2,Abstract contains correct information
STalbot,Participant 12895725,2,3,Introduction is clear and accurate
STalbot,Participant 12895725,3,4,Introduction gives big-picture overview
STalbot,Participant 12895725,2,5,Introduction outlines specific research area
STalbot,Participant 12895725,2,6,Introduction gives rationale for current experiment
STalbot,Participant 12895725,5,7,"Participant section is clear, accurate, and contain correct information"
STalbot,Participant 12895725,5,8,Sample sizes are justified through a power calculation
STalbot,Participant 12895725,4,9,"Apparatus and materials sections are clear, accurate, and contain correct information"
STalbot,Participant 12895725,4,10,"Procedure section is clear, accurate, and contain correct information."
STalbot,Participant 12895725,3,11,"Result section is overall clear, accurate, and contain correct information"
STalbot,Participant 12895725,3,12,"Figure(s) are clear and appropriate, lack clutter, and have meaningful axis labels and good font sizes"
STalbot,Participant 12895725,3,13,Figure(s) have an appropriate figure legend that is referred to in the main text.
STalbot,Participant 12895725,3,14,"Results section includes appropriate and accurate summary statistics (e.g. means, density plots)"
STalbot,Participant 12895725,3,15,Results section includes appropriate and accurate inferential statistics (Bayesian ANOVA)
STalbot,Participant 12895725,4,17,Discussion correctly and clearly summarises findings
STalbot,Participant 12895725,3,18,Discussion correctly interprets findings
STalbot,Participant 12895725,3,19,Discussion makes appropriate links to previous literature
STalbot,Participant 12895725,3,20,Discussion provides good considerations of the limitations of the current study
STalbot,Participant 12895725,4,21,"Discussion makes a good, sensible suggestion for future work"
STalbot,Participant 12895725,3,22,Discussion concludes appropriately.
STalbot,Participant 12895725,4,23,Overall clarity of writing
STalbot,Participant 12895725,5,24,Overall quality of grammar and spelling
STalbot,Participant 12895725,5,25,Correct formatting of sections and sub-sections
STalbot,Participant 12895725,4,26,Correct usage of APA-formatted citations and references
STalbot,Participant 12895751,4,1,Abstract is clear and accurate
STalbot,Participant 12895751,5,2,Abstract contains correct information
STalbot,Participant 12895751,2,3,Introduction is clear and accurate
STalbot,Participant 12895751,2,4,Introduction gives big-picture overview
STalbot,Participant 12895751,2,5,Introduction outlines specific research area
STalbot,Participant 12895751,2,6,Introduction gives rationale for current experiment
STalbot,Participant 12895751,4,7,"Participant section is clear, accurate, and contain correct information"
STalbot,Participant 12895751,1,8,Sample sizes are justified through a power calculation
STalbot,Participant 12895751,3,9,"Apparatus and materials sections are clear, accurate, and contain correct information"
STalbot,Participant 12895751,2,10,"Procedure section is clear, accurate, and contain correct information."
STalbot,Participant 12895751,2,11,"Result section is overall clear, accurate, and contain correct information"
STalbot,Participant 12895751,2,12,"Figure(s) are clear and appropriate, lack clutter, and have meaningful axis labels and good font sizes"
STalbot,Participant 12895751,1,13,Figure(s) have an appropriate figure legend that is referred to in the main text.
STalbot,Participant 12895751,2,14,"Results section includes appropriate and accurate summary statistics (e.g. means, density plots)"
STalbot,Participant 12895751,3,15,Results section includes appropriate and accurate inferential statistics (Bayesian ANOVA)
STalbot,Participant 12895751,5,17,Discussion correctly and clearly summarises findings
STalbot,Participant 12895751,3,18,Discussion correctly interprets findings
STalbot,Participant 12895751,3,19,Discussion makes appropriate links to previous literature
STalbot,Participant 12895751,3,20,Discussion provides good considerations of the limitations of the current study
STalbot,Participant 12895751,3,21,"Discussion makes a good, sensible suggestion for future work"
STalbot,Participant 12895751,5,22,Discussion concludes appropriately.
STalbot,Participant 12895751,4,23,Overall clarity of writing
STalbot,Participant 12895751,3,24,Overall quality of grammar and spelling
STalbot,Participant 12895751,4,25,Correct formatting of sections and sub-sections
STalbot,Participant 12895751,4,26,Correct usage of APA-formatted citations and references
STalbot,Participant 12895762,4,1,Abstract is clear and accurate
STalbot,Participant 12895762,4,2,Abstract contains correct information
STalbot,Participant 12895762,5,3,Introduction is clear and accurate
STalbot,Participant 12895762,5,4,Introduction gives big-picture overview
STalbot,Participant 12895762,4,5,Introduction outlines specific research area
STalbot,Participant 12895762,5,6,Introduction gives rationale for current experiment
STalbot,Participant 12895762,5,7,"Participant section is clear, accurate, and contain correct information"
STalbot,Participant 12895762,5,8,Sample sizes are justified through a power calculation
STalbot,Participant 12895762,4,9,"Apparatus and materials sections are clear, accurate, and contain correct information"
STalbot,Participant 12895762,4,10,"Procedure section is clear, accurate, and contain correct information."
STalbot,Participant 12895762,4,11,"Result section is overall clear, accurate, and contain correct information"
STalbot,Participant 12895762,4,12,"Figure(s) are clear and appropriate, lack clutter, and have meaningful axis labels and good font sizes"
STalbot,Participant 12895762,5,13,Figure(s) have an appropriate figure legend that is referred to in the main text.
STalbot,Participant 12895762,5,14,"Results section includes appropriate and accurate summary statistics (e.g. means, density plots)"
STalbot,Participant 12895762,4,15,Results section includes appropriate and accurate inferential statistics (Bayesian ANOVA)
STalbot,Participant 12895762,4,17,Discussion correctly and clearly summarises findings
STalbot,Participant 12895762,3,18,Discussion correctly interprets findings
STalbot,Participant 12895762,3,19,Discussion makes appropriate links to previous literature
STalbot,Participant 12895762,4,20,Discussion provides good considerations of the limitations of the current study
STalbot,Participant 12895762,4,21,"Discussion makes a good, sensible suggestion for future work"
STalbot,Participant 12895762,3,22,Discussion concludes appropriately.
STalbot,Participant 12895762,4,23,Overall clarity of writing
STalbot,Participant 12895762,5,24,Overall quality of grammar and spelling
STalbot,Participant 12895762,5,25,Correct formatting of sections and sub-sections
STalbot,Participant 12895762,3,26,Correct usage of APA-formatted citations and references
STalbot,Participant 12895775,5,1,Abstract is clear and accurate
STalbot,Participant 12895775,4,2,Abstract contains correct information
STalbot,Participant 12895775,3,3,Introduction is clear and accurate
STalbot,Participant 12895775,4,4,Introduction gives big-picture overview
STalbot,Participant 12895775,3,5,Introduction outlines specific research area
STalbot,Participant 12895775,3,6,Introduction gives rationale for current experiment
STalbot,Participant 12895775,4,7,"Participant section is clear, accurate, and contain correct information"
STalbot,Participant 12895775,5,8,Sample sizes are justified through a power calculation
STalbot,Participant 12895775,4,9,"Apparatus and materials sections are clear, accurate, and contain correct information"
STalbot,Participant 12895775,3,10,"Procedure section is clear, accurate, and contain correct information."
STalbot,Participant 12895775,3,11,"Result section is overall clear, accurate, and contain correct information"
STalbot,Participant 12895775,4,12,"Figure(s) are clear and appropriate, lack clutter, and have meaningful axis labels and good font sizes"
STalbot,Participant 12895775,3,13,Figure(s) have an appropriate figure legend that is referred to in the main text.
STalbot,Participant 12895775,5,14,"Results section includes appropriate and accurate summary statistics (e.g. means, density plots)"
STalbot,Participant 12895775,3,15,Results section includes appropriate and accurate inferential statistics (Bayesian ANOVA)
STalbot,Participant 12895775,3,17,Discussion correctly and clearly summarises findings
STalbot,Participant 12895775,4,18,Discussion correctly interprets findings
STalbot,Participant 12895775,3,19,Discussion makes appropriate links to previous literature
STalbot,Participant 12895775,3,20,Discussion provides good considerations of the limitations of the current study
STalbot,Participant 12895775,4,21,"Discussion makes a good, sensible suggestion for future work"
STalbot,Participant 12895775,3,22,Discussion concludes appropriately.
STalbot,Participant 12895775,4,23,Overall clarity of writing
STalbot,Participant 12895775,3,24,Overall quality of grammar and spelling
STalbot,Participant 12895775,5,25,Correct formatting of sections and sub-sections
STalbot,Participant 12895775,5,26,Correct usage of APA-formatted citations and references
STalbot,Participant 12895776,4,1,Abstract is clear and accurate
STalbot,Participant 12895776,3,2,Abstract contains correct information
STalbot,Participant 12895776,3,3,Introduction is clear and accurate
STalbot,Participant 12895776,4,4,Introduction gives big-picture overview
STalbot,Participant 12895776,3,5,Introduction outlines specific research area
STalbot,Participant 12895776,3,6,Introduction gives rationale for current experiment
STalbot,Participant 12895776,2,7,"Participant section is clear, accurate, and contain correct information"
STalbot,Participant 12895776,1,8,Sample sizes are justified through a power calculation
STalbot,Participant 12895776,4,9,"Apparatus and materials sections are clear, accurate, and contain correct information"
STalbot,Participant 12895776,3,10,"Procedure section is clear, accurate, and contain correct information."
STalbot,Participant 12895776,3,11,"Result section is overall clear, accurate, and contain correct information"
STalbot,Participant 12895776,3,12,"Figure(s) are clear and appropriate, lack clutter, and have meaningful axis labels and good font sizes"
STalbot,Participant 12895776,4,13,Figure(s) have an appropriate figure legend that is referred to in the main text.
STalbot,Participant 12895776,4,14,"Results section includes appropriate and accurate summary statistics (e.g. means, density plots)"
STalbot,Participant 12895776,4,15,Results section includes appropriate and accurate inferential statistics (Bayesian ANOVA)
STalbot,Participant 12895776,4,17,Discussion correctly and clearly summarises findings
STalbot,Participant 12895776,4,18,Discussion correctly interprets findings
STalbot,Participant 12895776,3,19,Discussion makes appropriate links to previous literature
STalbot,Participant 12895776,3,20,Discussion provides good considerations of the limitations of the current study
STalbot,Participant 12895776,3,21,"Discussion makes a good, sensible suggestion for future work"
STalbot,Participant 12895776,4,22,Discussion concludes appropriately.
STalbot,Participant 12895776,5,23,Overall clarity of writing
STalbot,Participant 12895776,4,24,Overall quality of grammar and spelling
STalbot,Participant 12895776,4,25,Correct formatting of sections and sub-sections
STalbot,Participant 12895776,4,26,Correct usage of APA-formatted citations and references
STalbot,Participant 12895809,5,1,Abstract is clear and accurate
STalbot,Participant 12895809,5,2,Abstract contains correct information
STalbot,Participant 12895809,4,3,Introduction is clear and accurate
STalbot,Participant 12895809,4,4,Introduction gives big-picture overview
STalbot,Participant 12895809,3,5,Introduction outlines specific research area
STalbot,Participant 12895809,3,6,Introduction gives rationale for current experiment
STalbot,Participant 12895809,5,7,"Participant section is clear, accurate, and contain correct information"
STalbot,Participant 12895809,5,8,Sample sizes are justified through a power calculation
STalbot,Participant 12895809,4,9,"Apparatus and materials sections are clear, accurate, and contain correct information"
STalbot,Participant 12895809,4,10,"Procedure section is clear, accurate, and contain correct information."
STalbot,Participant 12895809,3,11,"Result section is overall clear, accurate, and contain correct information"
STalbot,Participant 12895809,3,12,"Figure(s) are clear and appropriate, lack clutter, and have meaningful axis labels and good font sizes"
STalbot,Participant 12895809,3,13,Figure(s) have an appropriate figure legend that is referred to in the main text.
STalbot,Participant 12895809,3,14,"Results section includes appropriate and accurate summary statistics (e.g. means, density plots)"
STalbot,Participant 12895809,5,15,Results section includes appropriate and accurate inferential statistics (Bayesian ANOVA)
STalbot,Participant 12895809,4,17,Discussion correctly and clearly summarises findings
STalbot,Participant 12895809,4,18,Discussion correctly interprets findings
STalbot,Participant 12895809,4,19,Discussion makes appropriate links to previous literature
STalbot,Participant 12895809,4,20,Discussion provides good considerations of the limitations of the current study
STalbot,Participant 12895809,5,21,"Discussion makes a good, sensible suggestion for future work"
STalbot,Participant 12895809,4,22,Discussion concludes appropriately.
STalbot,Participant 12895809,5,23,Overall clarity of writing
STalbot,Participant 12895809,4,24,Overall quality of grammar and spelling
STalbot,Participant 12895809,5,25,Correct formatting of sections and sub-sections
STalbot,Participant 12895809,5,26,Correct usage of APA-formatted citations and references
STalbot,Participant 12895817,5,1,Abstract is clear and accurate
STalbot,Participant 12895817,4,2,Abstract contains correct information
STalbot,Participant 12895817,4,3,Introduction is clear and accurate
STalbot,Participant 12895817,4,4,Introduction gives big-picture overview
STalbot,Participant 12895817,3,5,Introduction outlines specific research area
STalbot,Participant 12895817,4,6,Introduction gives rationale for current experiment
STalbot,Participant 12895817,5,7,"Participant section is clear, accurate, and contain correct information"
STalbot,Participant 12895817,3,8,Sample sizes are justified through a power calculation
STalbot,Participant 12895817,4,9,"Apparatus and materials sections are clear, accurate, and contain correct information"
STalbot,Participant 12895817,5,10,"Procedure section is clear, accurate, and contain correct information."
STalbot,Participant 12895817,3,11,"Result section is overall clear, accurate, and contain correct information"
STalbot,Participant 12895817,3,12,"Figure(s) are clear and appropriate, lack clutter, and have meaningful axis labels and good font sizes"
STalbot,Participant 12895817,3,13,Figure(s) have an appropriate figure legend that is referred to in the main text.
STalbot,Participant 12895817,3,14,"Results section includes appropriate and accurate summary statistics (e.g. means, density plots)"
STalbot,Participant 12895817,5,15,Results section includes appropriate and accurate inferential statistics (Bayesian ANOVA)
STalbot,Participant 12895817,4,17,Discussion correctly and clearly summarises findings
STalbot,Participant 12895817,3,18,Discussion correctly interprets findings
STalbot,Participant 12895817,3,19,Discussion makes appropriate links to previous literature
STalbot,Participant 12895817,3,20,Discussion provides good considerations of the limitations of the current study
STalbot,Participant 12895817,3,21,"Discussion makes a good, sensible suggestion for future work"
STalbot,Participant 12895817,3,22,Discussion concludes appropriately.
STalbot,Participant 12895817,5,23,Overall clarity of writing
STalbot,Participant 12895817,4,24,Overall quality of grammar and spelling
STalbot,Participant 12895817,5,25,Correct formatting of sections and sub-sections
STalbot,Participant 12895817,4,26,Correct usage of APA-formatted citations and references
STalbot,Participant 12895831,3,1,Abstract is clear and accurate
STalbot,Participant 12895831,3,2,Abstract contains correct information
STalbot,Participant 12895831,2,3,Introduction is clear and accurate
STalbot,Participant 12895831,2,4,Introduction gives big-picture overview
STalbot,Participant 12895831,3,5,Introduction outlines specific research area
STalbot,Participant 12895831,3,6,Introduction gives rationale for current experiment
STalbot,Participant 12895831,4,7,"Participant section is clear, accurate, and contain correct information"
STalbot,Participant 12895831,4,8,Sample sizes are justified through a power calculation
STalbot,Participant 12895831,4,9,"Apparatus and materials sections are clear, accurate, and contain correct information"
STalbot,Participant 12895831,4,10,"Procedure section is clear, accurate, and contain correct information."
STalbot,Participant 12895831,3,11,"Result section is overall clear, accurate, and contain correct information"
STalbot,Participant 12895831,4,12,"Figure(s) are clear and appropriate, lack clutter, and have meaningful axis labels and good font sizes"
STalbot,Participant 12895831,4,13,Figure(s) have an appropriate figure legend that is referred to in the main text.
STalbot,Participant 12895831,5,14,"Results section includes appropriate and accurate summary statistics (e.g. means, density plots)"
STalbot,Participant 12895831,3,15,Results section includes appropriate and accurate inferential statistics (Bayesian ANOVA)
STalbot,Participant 12895831,3,17,Discussion correctly and clearly summarises findings
STalbot,Participant 12895831,4,18,Discussion correctly interprets findings
STalbot,Participant 12895831,3,19,Discussion makes appropriate links to previous literature
STalbot,Participant 12895831,3,20,Discussion provides good considerations of the limitations of the current study
STalbot,Participant 12895831,3,21,"Discussion makes a good, sensible suggestion for future work"
STalbot,Participant 12895831,3,22,Discussion concludes appropriately.
STalbot,Participant 12895831,3,23,Overall clarity of writing
STalbot,Participant 12895831,4,24,Overall quality of grammar and spelling
STalbot,Participant 12895831,5,25,Correct formatting of sections and sub-sections
STalbot,Participant 12895831,4,26,Correct usage of APA-formatted citations and references
STalbot,Participant 12895860,4,1,Abstract is clear and accurate
STalbot,Participant 12895860,3,2,Abstract contains correct information
STalbot,Participant 12895860,4,3,Introduction is clear and accurate
STalbot,Participant 12895860,4,4,Introduction gives big-picture overview
STalbot,Participant 12895860,3,5,Introduction outlines specific research area
STalbot,Participant 12895860,3,6,Introduction gives rationale for current experiment
STalbot,Participant 12895860,4,7,"Participant section is clear, accurate, and contain correct information"
STalbot,Participant 12895860,4,8,Sample sizes are justified through a power calculation
STalbot,Participant 12895860,4,9,"Apparatus and materials sections are clear, accurate, and contain correct information"
STalbot,Participant 12895860,4,10,"Procedure section is clear, accurate, and contain correct information."
STalbot,Participant 12895860,3,11,"Result section is overall clear, accurate, and contain correct information"
STalbot,Participant 12895860,3,12,"Figure(s) are clear and appropriate, lack clutter, and have meaningful axis labels and good font sizes"
STalbot,Participant 12895860,4,13,Figure(s) have an appropriate figure legend that is referred to in the main text.
STalbot,Participant 12895860,3,14,"Results section includes appropriate and accurate summary statistics (e.g. means, density plots)"
STalbot,Participant 12895860,5,15,Results section includes appropriate and accurate inferential statistics (Bayesian ANOVA)
STalbot,Participant 12895860,4,17,Discussion correctly and clearly summarises findings
STalbot,Participant 12895860,4,18,Discussion correctly interprets findings
STalbot,Participant 12895860,4,19,Discussion makes appropriate links to previous literature
STalbot,Participant 12895860,4,20,Discussion provides good considerations of the limitations of the current study
STalbot,Participant 12895860,4,21,"Discussion makes a good, sensible suggestion for future work"
STalbot,Participant 12895860,5,22,Discussion concludes appropriately.
STalbot,Participant 12895860,4,23,Overall clarity of writing
STalbot,Participant 12895860,4,24,Overall quality of grammar and spelling
STalbot,Participant 12895860,4,25,Correct formatting of sections and sub-sections
STalbot,Participant 12895860,5,26,Correct usage of APA-formatted citations and references
STalbot,Participant 12895867,4,1,Abstract is clear and accurate
STalbot,Participant 12895867,3,2,Abstract contains correct information
STalbot,Participant 12895867,3,3,Introduction is clear and accurate
STalbot,Participant 12895867,3,4,Introduction gives big-picture overview
STalbot,Participant 12895867,3,5,Introduction outlines specific research area
STalbot,Participant 12895867,3,6,Introduction gives rationale for current experiment
STalbot,Participant 12895867,5,7,"Participant section is clear, accurate, and contain correct information"
STalbot,Participant 12895867,1,8,Sample sizes are justified through a power calculation
STalbot,Participant 12895867,4,9,"Apparatus and materials sections are clear, accurate, and contain correct information"
STalbot,Participant 12895867,5,10,"Procedure section is clear, accurate, and contain correct information."
STalbot,Participant 12895867,3,11,"Result section is overall clear, accurate, and contain correct information"
STalbot,Participant 12895867,3,12,"Figure(s) are clear and appropriate, lack clutter, and have meaningful axis labels and good font sizes"
STalbot,Participant 12895867,5,13,Figure(s) have an appropriate figure legend that is referred to in the main text.
STalbot,Participant 12895867,3,14,"Results section includes appropriate and accurate summary statistics (e.g. means, density plots)"
STalbot,Participant 12895867,5,15,Results section includes appropriate and accurate inferential statistics (Bayesian ANOVA)
STalbot,Participant 12895867,4,17,Discussion correctly and clearly summarises findings
STalbot,Participant 12895867,4,18,Discussion correctly interprets findings
STalbot,Participant 12895867,4,19,Discussion makes appropriate links to previous literature
STalbot,Participant 12895867,3,20,Discussion provides good considerations of the limitations of the current study
STalbot,Participant 12895867,4,21,"Discussion makes a good, sensible suggestion for future work"
STalbot,Participant 12895867,3,22,Discussion concludes appropriately.
STalbot,Participant 12895867,4,23,Overall clarity of writing
STalbot,Participant 12895867,4,24,Overall quality of grammar and spelling
STalbot,Participant 12895867,4,25,Correct formatting of sections and sub-sections
STalbot,Participant 12895867,5,26,Correct usage of APA-formatted citations and references
STalbot,Participant 12895869,5,1,Abstract is clear and accurate
STalbot,Participant 12895869,4,2,Abstract contains correct information
STalbot,Participant 12895869,3,3,Introduction is clear and accurate
STalbot,Participant 12895869,4,4,Introduction gives big-picture overview
STalbot,Participant 12895869,3,5,Introduction outlines specific research area
STalbot,Participant 12895869,2,6,Introduction gives rationale for current experiment
STalbot,Participant 12895869,4,7,"Participant section is clear, accurate, and contain correct information"
STalbot,Participant 12895869,5,8,Sample sizes are justified through a power calculation
STalbot,Participant 12895869,3,9,"Apparatus and materials sections are clear, accurate, and contain correct information"
STalbot,Participant 12895869,4,10,"Procedure section is clear, accurate, and contain correct information."
STalbot,Participant 12895869,4,11,"Result section is overall clear, accurate, and contain correct information"
STalbot,Participant 12895869,3,12,"Figure(s) are clear and appropriate, lack clutter, and have meaningful axis labels and good font sizes"
STalbot,Participant 12895869,3,13,Figure(s) have an appropriate figure legend that is referred to in the main text.
STalbot,Participant 12895869,3,14,"Results section includes appropriate and accurate summary statistics (e.g. means, density plots)"
STalbot,Participant 12895869,5,15,Results section includes appropriate and accurate inferential statistics (Bayesian ANOVA)
STalbot,Participant 12895869,3,17,Discussion correctly and clearly summarises findings
STalbot,Participant 12895869,4,18,Discussion correctly interprets findings
STalbot,Participant 12895869,3,19,Discussion makes appropriate links to previous literature
STalbot,Participant 12895869,3,20,Discussion provides good considerations of the limitations of the current study
STalbot,Participant 12895869,1,21,"Discussion makes a good, sensible suggestion for future work"
STalbot,Participant 12895869,4,22,Discussion concludes appropriately.
STalbot,Participant 12895869,4,23,Overall clarity of writing
STalbot,Participant 12895869,4,24,Overall quality of grammar and spelling
STalbot,Participant 12895869,5,25,Correct formatting of sections and sub-sections
STalbot,Participant 12895869,5,26,Correct usage of APA-formatted citations and references
STalbot,Participant 12895878,5,1,Abstract is clear and accurate
STalbot,Participant 12895878,5,2,Abstract contains correct information
STalbot,Participant 12895878,2,3,Introduction is clear and accurate
STalbot,Participant 12895878,4,4,Introduction gives big-picture overview
STalbot,Participant 12895878,2,5,Introduction outlines specific research area
STalbot,Participant 12895878,3,6,Introduction gives rationale for current experiment
STalbot,Participant 12895878,5,7,"Participant section is clear, accurate, and contain correct information"
STalbot,Participant 12895878,5,8,Sample sizes are justified through a power calculation
STalbot,Participant 12895878,4,9,"Apparatus and materials sections are clear, accurate, and contain correct information"
STalbot,Participant 12895878,3,10,"Procedure section is clear, accurate, and contain correct information."
STalbot,Participant 12895878,3,11,"Result section is overall clear, accurate, and contain correct information"
STalbot,Participant 12895878,3,12,"Figure(s) are clear and appropriate, lack clutter, and have meaningful axis labels and good font sizes"
STalbot,Participant 12895878,3,13,Figure(s) have an appropriate figure legend that is referred to in the main text.
STalbot,Participant 12895878,3,14,"Results section includes appropriate and accurate summary statistics (e.g. means, density plots)"
STalbot,Participant 12895878,5,15,Results section includes appropriate and accurate inferential statistics (Bayesian ANOVA)
STalbot,Participant 12895878,4,17,Discussion correctly and clearly summarises findings
STalbot,Participant 12895878,4,18,Discussion correctly interprets findings
STalbot,Participant 12895878,4,19,Discussion makes appropriate links to previous literature
STalbot,Participant 12895878,3,20,Discussion provides good considerations of the limitations of the current study
STalbot,Participant 12895878,4,21,"Discussion makes a good, sensible suggestion for future work"
STalbot,Participant 12895878,2,22,Discussion concludes appropriately.
STalbot,Participant 12895878,4,23,Overall clarity of writing
STalbot,Participant 12895878,4,24,Overall quality of grammar and spelling
STalbot,Participant 12895878,5,25,Correct formatting of sections and sub-sections
STalbot,Participant 12895878,3,26,Correct usage of APA-formatted citations and references
STalbot,Participant 12895883,4,1,Abstract is clear and accurate
STalbot,Participant 12895883,3,2,Abstract contains correct information
STalbot,Participant 12895883,3,3,Introduction is clear and accurate
STalbot,Participant 12895883,3,4,Introduction gives big-picture overview
STalbot,Participant 12895883,4,5,Introduction outlines specific research area
STalbot,Participant 12895883,4,6,Introduction gives rationale for current experiment
STalbot,Participant 12895883,5,7,"Participant section is clear, accurate, and contain correct information"
STalbot,Participant 12895883,4,8,Sample sizes are justified through a power calculation
STalbot,Participant 12895883,4,9,"Apparatus and materials sections are clear, accurate, and contain correct information"
STalbot,Participant 12895883,4,10,"Procedure section is clear, accurate, and contain correct information."
STalbot,Participant 12895883,4,11,"Result section is overall clear, accurate, and contain correct information"
STalbot,Participant 12895883,4,12,"Figure(s) are clear and appropriate, lack clutter, and have meaningful axis labels and good font sizes"
STalbot,Participant 12895883,4,13,Figure(s) have an appropriate figure legend that is referred to in the main text.
STalbot,Participant 12895883,5,14,"Results section includes appropriate and accurate summary statistics (e.g. means, density plots)"
STalbot,Participant 12895883,3,15,Results section includes appropriate and accurate inferential statistics (Bayesian ANOVA)
STalbot,Participant 12895883,4,17,Discussion correctly and clearly summarises findings
STalbot,Participant 12895883,4,18,Discussion correctly interprets findings
STalbot,Participant 12895883,5,19,Discussion makes appropriate links to previous literature
STalbot,Participant 12895883,4,20,Discussion provides good considerations of the limitations of the current study
STalbot,Participant 12895883,4,21,"Discussion makes a good, sensible suggestion for future work"
STalbot,Participant 12895883,5,22,Discussion concludes appropriately.
STalbot,Participant 12895883,4,23,Overall clarity of writing
STalbot,Participant 12895883,3,24,Overall quality of grammar and spelling
STalbot,Participant 12895883,4,25,Correct formatting of sections and sub-sections
STalbot,Participant 12895883,4,26,Correct usage of APA-formatted citations and references
STalbot,Participant 12895898,4,1,Abstract is clear and accurate
STalbot,Participant 12895898,3,2,Abstract contains correct information
STalbot,Participant 12895898,3,3,Introduction is clear and accurate
STalbot,Participant 12895898,3,4,Introduction gives big-picture overview
STalbot,Participant 12895898,4,5,Introduction outlines specific research area
STalbot,Participant 12895898,2,6,Introduction gives rationale for current experiment
STalbot,Participant 12895898,4,7,"Participant section is clear, accurate, and contain correct information"
STalbot,Participant 12895898,3,8,Sample sizes are justified through a power calculation
STalbot,Participant 12895898,2,9,"Apparatus and materials sections are clear, accurate, and contain correct information"
STalbot,Participant 12895898,3,10,"Procedure section is clear, accurate, and contain correct information."
STalbot,Participant 12895898,3,11,"Result section is overall clear, accurate, and contain correct information"
STalbot,Participant 12895898,3,12,"Figure(s) are clear and appropriate, lack clutter, and have meaningful axis labels and good font sizes"
STalbot,Participant 12895898,4,13,Figure(s) have an appropriate figure legend that is referred to in the main text.
STalbot,Participant 12895898,3,14,"Results section includes appropriate and accurate summary statistics (e.g. means, density plots)"
STalbot,Participant 12895898,5,15,Results section includes appropriate and accurate inferential statistics (Bayesian ANOVA)
STalbot,Participant 12895898,4,17,Discussion correctly and clearly summarises findings
STalbot,Participant 12895898,3,18,Discussion correctly interprets findings
STalbot,Participant 12895898,4,19,Discussion makes appropriate links to previous literature
STalbot,Participant 12895898,3,20,Discussion provides good considerations of the limitations of the current study
STalbot,Participant 12895898,3,21,"Discussion makes a good, sensible suggestion for future work"
STalbot,Participant 12895898,4,22,Discussion concludes appropriately.
STalbot,Participant 12895898,4,23,Overall clarity of writing
STalbot,Participant 12895898,4,24,Overall quality of grammar and spelling
STalbot,Participant 12895898,3,25,Correct formatting of sections and sub-sections
STalbot,Participant 12895898,4,26,Correct usage of APA-formatted citations and references
STalbot,Participant 12895924,5,1,Abstract is clear and accurate
STalbot,Participant 12895924,4,2,Abstract contains correct information
STalbot,Participant 12895924,3,3,Introduction is clear and accurate
STalbot,Participant 12895924,5,4,Introduction gives big-picture overview
STalbot,Participant 12895924,3,5,Introduction outlines specific research area
STalbot,Participant 12895924,3,6,Introduction gives rationale for current experiment
STalbot,Participant 12895924,4,7,"Participant section is clear, accurate, and contain correct information"
STalbot,Participant 12895924,5,8,Sample sizes are justified through a power calculation
STalbot,Participant 12895924,5,9,"Apparatus and materials sections are clear, accurate, and contain correct information"
STalbot,Participant 12895924,5,10,"Procedure section is clear, accurate, and contain correct information."
STalbot,Participant 12895924,4,11,"Result section is overall clear, accurate, and contain correct information"
STalbot,Participant 12895924,4,12,"Figure(s) are clear and appropriate, lack clutter, and have meaningful axis labels and good font sizes"
STalbot,Participant 12895924,5,13,Figure(s) have an appropriate figure legend that is referred to in the main text.
STalbot,Participant 12895924,5,14,"Results section includes appropriate and accurate summary statistics (e.g. means, density plots)"
STalbot,Participant 12895924,3,15,Results section includes appropriate and accurate inferential statistics (Bayesian ANOVA)
STalbot,Participant 12895924,4,17,Discussion correctly and clearly summarises findings
STalbot,Participant 12895924,4,18,Discussion correctly interprets findings
STalbot,Participant 12895924,4,19,Discussion makes appropriate links to previous literature
STalbot,Participant 12895924,3,20,Discussion provides good considerations of the limitations of the current study
STalbot,Participant 12895924,4,21,"Discussion makes a good, sensible suggestion for future work"
STalbot,Participant 12895924,4,22,Discussion concludes appropriately.
STalbot,Participant 12895924,4,23,Overall clarity of writing
STalbot,Participant 12895924,4,24,Overall quality of grammar and spelling
STalbot,Participant 12895924,5,25,Correct formatting of sections and sub-sections
STalbot,Participant 12895924,5,26,Correct usage of APA-formatted citations and references
STalbot,Participant 12895934,5,1,Abstract is clear and accurate
STalbot,Participant 12895934,4,2,Abstract contains correct information
STalbot,Participant 12895934,5,3,Introduction is clear and accurate
STalbot,Participant 12895934,5,4,Introduction gives big-picture overview
STalbot,Participant 12895934,5,5,Introduction outlines specific research area
STalbot,Participant 12895934,4,6,Introduction gives rationale for current experiment
STalbot,Participant 12895934,4,7,"Participant section is clear, accurate, and contain correct information"
STalbot,Participant 12895934,5,8,Sample sizes are justified through a power calculation
STalbot,Participant 12895934,5,9,"Apparatus and materials sections are clear, accurate, and contain correct information"
STalbot,Participant 12895934,4,10,"Procedure section is clear, accurate, and contain correct information."
STalbot,Participant 12895934,5,11,"Result section is overall clear, accurate, and contain correct information"
STalbot,Participant 12895934,4,12,"Figure(s) are clear and appropriate, lack clutter, and have meaningful axis labels and good font sizes"
STalbot,Participant 12895934,5,13,Figure(s) have an appropriate figure legend that is referred to in the main text.
STalbot,Participant 12895934,5,14,"Results section includes appropriate and accurate summary statistics (e.g. means, density plots)"
STalbot,Participant 12895934,5,15,Results section includes appropriate and accurate inferential statistics (Bayesian ANOVA)
STalbot,Participant 12895934,4,17,Discussion correctly and clearly summarises findings
STalbot,Participant 12895934,4,18,Discussion correctly interprets findings
STalbot,Participant 12895934,3,19,Discussion makes appropriate links to previous literature
STalbot,Participant 12895934,4,20,Discussion provides good considerations of the limitations of the current study
STalbot,Participant 12895934,1,21,"Discussion makes a good, sensible suggestion for future work"
STalbot,Participant 12895934,3,22,Discussion concludes appropriately.
STalbot,Participant 12895934,4,23,Overall clarity of writing
STalbot,Participant 12895934,4,24,Overall quality of grammar and spelling
STalbot,Participant 12895934,4,25,Correct formatting of sections and sub-sections
STalbot,Participant 12895934,5,26,Correct usage of APA-formatted citations and references
STalbot,Participant 12895945,3,1,Abstract is clear and accurate
STalbot,Participant 12895945,3,2,Abstract contains correct information
STalbot,Participant 12895945,3,3,Introduction is clear and accurate
STalbot,Participant 12895945,3,4,Introduction gives big-picture overview
STalbot,Participant 12895945,5,5,Introduction outlines specific research area
STalbot,Participant 12895945,3,6,Introduction gives rationale for current experiment
STalbot,Participant 12895945,5,7,"Participant section is clear, accurate, and contain correct information"
STalbot,Participant 12895945,5,8,Sample sizes are justified through a power calculation
STalbot,Participant 12895945,2,9,"Apparatus and materials sections are clear, accurate, and contain correct information"
STalbot,Participant 12895945,3,10,"Procedure section is clear, accurate, and contain correct information."
STalbot,Participant 12895945,2,11,"Result section is overall clear, accurate, and contain correct information"
STalbot,Participant 12895945,3,12,"Figure(s) are clear and appropriate, lack clutter, and have meaningful axis labels and good font sizes"
STalbot,Participant 12895945,3,13,Figure(s) have an appropriate figure legend that is referred to in the main text.
STalbot,Participant 12895945,4,14,"Results section includes appropriate and accurate summary statistics (e.g. means, density plots)"
STalbot,Participant 12895945,1,15,Results section includes appropriate and accurate inferential statistics (Bayesian ANOVA)
STalbot,Participant 12895945,3,17,Discussion correctly and clearly summarises findings
STalbot,Participant 12895945,3,18,Discussion correctly interprets findings
STalbot,Participant 12895945,3,19,Discussion makes appropriate links to previous literature
STalbot,Participant 12895945,3,20,Discussion provides good considerations of the limitations of the current study
STalbot,Participant 12895945,4,21,"Discussion makes a good, sensible suggestion for future work"
STalbot,Participant 12895945,3,22,Discussion concludes appropriately.
STalbot,Participant 12895945,3,23,Overall clarity of writing
STalbot,Participant 12895945,3,24,Overall quality of grammar and spelling
STalbot,Participant 12895945,5,25,Correct formatting of sections and sub-sections
STalbot,Participant 12895945,5,26,Correct usage of APA-formatted citations and references
STalbot,Participant 12895955,5,1,Abstract is clear and accurate
STalbot,Participant 12895955,4,2,Abstract contains correct information
STalbot,Participant 12895955,4,3,Introduction is clear and accurate
STalbot,Participant 12895955,5,4,Introduction gives big-picture overview
STalbot,Participant 12895955,5,5,Introduction outlines specific research area
STalbot,Participant 12895955,4,6,Introduction gives rationale for current experiment
STalbot,Participant 12895955,4,7,"Participant section is clear, accurate, and contain correct information"
STalbot,Participant 12895955,5,8,Sample sizes are justified through a power calculation
STalbot,Participant 12895955,5,9,"Apparatus and materials sections are clear, accurate, and contain correct information"
STalbot,Participant 12895955,4,10,"Procedure section is clear, accurate, and contain correct information."
STalbot,Participant 12895955,4,11,"Result section is overall clear, accurate, and contain correct information"
STalbot,Participant 12895955,4,12,"Figure(s) are clear and appropriate, lack clutter, and have meaningful axis labels and good font sizes"
STalbot,Participant 12895955,5,13,Figure(s) have an appropriate figure legend that is referred to in the main text.
STalbot,Participant 12895955,5,14,"Results section includes appropriate and accurate summary statistics (e.g. means, density plots)"
STalbot,Participant 12895955,5,15,Results section includes appropriate and accurate inferential statistics (Bayesian ANOVA)
STalbot,Participant 12895955,4,17,Discussion correctly and clearly summarises findings
STalbot,Participant 12895955,4,18,Discussion correctly interprets findings
STalbot,Participant 12895955,3,19,Discussion makes appropriate links to previous literature
STalbot,Participant 12895955,5,20,Discussion provides good considerations of the limitations of the current study
STalbot,Participant 12895955,5,21,"Discussion makes a good, sensible suggestion for future work"
STalbot,Participant 12895955,3,22,Discussion concludes appropriately.
STalbot,Participant 12895955,4,23,Overall clarity of writing
STalbot,Participant 12895955,4,24,Overall quality of grammar and spelling
STalbot,Participant 12895955,4,25,Correct formatting of sections and sub-sections
STalbot,Participant 12895955,5,26,Correct usage of APA-formatted citations and references
STalbot,Participant 12895957,4,1,Abstract is clear and accurate
STalbot,Participant 12895957,5,2,Abstract contains correct information
STalbot,Participant 12895957,4,3,Introduction is clear and accurate
STalbot,Participant 12895957,4,4,Introduction gives big-picture overview
STalbot,Participant 12895957,4,5,Introduction outlines specific research area
STalbot,Participant 12895957,5,6,Introduction gives rationale for current experiment
STalbot,Participant 12895957,4,7,"Participant section is clear, accurate, and contain correct information"
STalbot,Participant 12895957,4,8,Sample sizes are justified through a power calculation
STalbot,Participant 12895957,5,9,"Apparatus and materials sections are clear, accurate, and contain correct information"
STalbot,Participant 12895957,3,10,"Procedure section is clear, accurate, and contain correct information."
STalbot,Participant 12895957,4,11,"Result section is overall clear, accurate, and contain correct information"
STalbot,Participant 12895957,4,12,"Figure(s) are clear and appropriate, lack clutter, and have meaningful axis labels and good font sizes"
STalbot,Participant 12895957,5,13,Figure(s) have an appropriate figure legend that is referred to in the main text.
STalbot,Participant 12895957,3,14,"Results section includes appropriate and accurate summary statistics (e.g. means, density plots)"
STalbot,Participant 12895957,5,15,Results section includes appropriate and accurate inferential statistics (Bayesian ANOVA)
STalbot,Participant 12895957,3,17,Discussion correctly and clearly summarises findings
STalbot,Participant 12895957,4,18,Discussion correctly interprets findings
STalbot,Participant 12895957,3,19,Discussion makes appropriate links to previous literature
STalbot,Participant 12895957,3,20,Discussion provides good considerations of the limitations of the current study
STalbot,Participant 12895957,3,21,"Discussion makes a good, sensible suggestion for future work"
STalbot,Participant 12895957,3,22,Discussion concludes appropriately.
STalbot,Participant 12895957,4,23,Overall clarity of writing
STalbot,Participant 12895957,4,24,Overall quality of grammar and spelling
STalbot,Participant 12895957,4,25,Correct formatting of sections and sub-sections
STalbot,Participant 12895957,5,26,Correct usage of APA-formatted citations and references
